2026-05-25 15:53:06 | INFO    | aps             | 数据库表已就绪
2026-05-25 15:53:38 | INFO    | aps             | POST   200    18.1ms /api/smart-scheduling/generate
2026-05-25 15:53:38 | INFO    | aps.solve       | 开始排产: strategy=90a48e5ab9ba41b9a78817974a59f635, 可排产订单数=1
2026-05-25 15:53:39 | INFO    | aps.solve       | MRP完成: 缺料DAG节点数=0, 补充订单数=0
2026-05-25 15:53:39 | WARNING | aps.task_gen    | 缺料DAG为空或无节点，跳过任务生成
2026-05-25 15:53:40 | INFO    | aps             | GET    200     2.0ms /api/smart-scheduling/plan/progress?task_id=9ea7a45da2634e5483b2317bb720bc24
2026-05-25 15:54:51 | INFO    | aps             | GET    307     1.0ms /api/processes?page=1&page_size=10
2026-05-25 15:54:51 | INFO    | aps             | GET    307     0.0ms /api/production-resources?page=1&page_size=1000
2026-05-25 15:54:51 | INFO    | aps             | GET    307     0.0ms /api/processes?page=1&page_size=10
2026-05-25 15:54:51 | INFO    | aps             | GET    307     0.0ms /api/production-resources?page=1&page_size=1000
2026-05-25 15:54:52 | INFO    | aps             | GET    200    79.1ms /api/processes/?page=1&page_size=10
2026-05-25 15:54:52 | INFO    | aps             | GET    200   111.3ms /api/production-resources/?page=1&page_size=1000
2026-05-25 15:54:52 | INFO    | aps             | GET    200     7.7ms /api/processes/?page=1&page_size=10
2026-05-25 15:54:52 | INFO    | aps             | GET    200     8.7ms /api/production-resources/?page=1&page_size=1000
2026-05-25 15:54:52 | INFO    | aps             | GET    307     0.0ms /api/process-routes?page=1&page_size=10
2026-05-25 15:54:52 | INFO    | aps             | GET    307     2.0ms /api/materials?page=1&page_size=1000
2026-05-25 15:54:52 | INFO    | aps             | GET    307     0.0ms /api/process-routes?page=1&page_size=10
2026-05-25 15:54:52 | INFO    | aps             | GET    307     1.0ms /api/materials?page=1&page_size=1000
2026-05-25 15:54:52 | INFO    | aps             | GET    200    19.3ms /api/materials/?page=1&page_size=1000
2026-05-25 15:54:52 | INFO    | aps             | GET    200    25.8ms /api/process-routes/?page=1&page_size=10
2026-05-25 15:54:52 | INFO    | aps             | GET    200    10.4ms /api/process-routes/?page=1&page_size=10
2026-05-25 15:54:53 | INFO    | aps             | GET    200    15.5ms /api/materials/?page=1&page_size=1000
2026-05-25 15:54:56 | INFO    | aps             | GET    307     0.0ms /api/processes?page=1&page_size=1000
2026-05-25 15:54:56 | INFO    | aps             | GET    200     5.5ms /api/processes/?page=1&page_size=1000
2026-05-25 15:56:49 | INFO    | aps             | 数据库表已就绪
2026-05-25 15:58:13 | INFO    | aps             | POST   307     1.0ms /api/production-orders
2026-05-25 15:58:13 | INFO    | aps             | OPTIONS 200     1.0ms /api/production-orders/
2026-05-25 15:58:13 | WARNING | aps             | POST   409    37.4ms /api/production-orders/
2026-05-25 15:58:14 | INFO    | aps             | POST   307     1.0ms /api/production-orders
2026-05-25 15:58:14 | WARNING | aps             | POST   409     6.1ms /api/production-orders/
2026-05-25 15:58:14 | INFO    | aps             | POST   307     0.0ms /api/production-orders
2026-05-25 15:58:14 | WARNING | aps             | POST   409     6.1ms /api/production-orders/
2026-05-25 15:58:14 | INFO    | aps             | POST   307     1.0ms /api/production-orders
2026-05-25 15:58:14 | WARNING | aps             | POST   409     6.6ms /api/production-orders/
2026-05-25 15:58:16 | INFO    | aps             | GET    307     1.0ms /api/production-orders?page=1&page_size=10
2026-05-25 15:58:16 | INFO    | aps             | GET    307     1.0ms /api/production-orders?page=1&page_size=10
2026-05-25 15:58:16 | INFO    | aps             | GET    200    22.3ms /api/production-orders/?page=1&page_size=10
2026-05-25 15:58:16 | INFO    | aps             | GET    200    89.9ms /api/production-orders/?page=1&page_size=10
2026-05-25 15:58:18 | INFO    | aps             | GET    307     3.1ms /api/planning-strategies?page=1&page_size=10
2026-05-25 15:58:18 | INFO    | aps             | GET    200     5.1ms /api/planning-strategies/scheduling-rule/options
2026-05-25 15:58:18 | INFO    | aps             | GET    307     4.6ms /api/planning-strategies?page=1&page_size=10
2026-05-25 15:58:18 | INFO    | aps             | GET    200     1.6ms /api/planning-strategies/scheduling-rule/options
2026-05-25 15:58:18 | INFO    | aps             | GET    200    20.5ms /api/planning-strategies/?page=1&page_size=10
2026-05-25 15:58:18 | INFO    | aps             | GET    200     7.1ms /api/planning-strategies/?page=1&page_size=10
2026-05-25 15:58:21 | INFO    | aps             | GET    307     1.0ms /api/planning-strategies?page=1&page_size=100
2026-05-25 15:58:21 | INFO    | aps             | GET    307     1.0ms /api/production-orders?page=1&page_size=1000
2026-05-25 15:58:21 | INFO    | aps             | GET    307     2.0ms /api/planning-strategies?page=1&page_size=100
2026-05-25 15:58:21 | INFO    | aps             | GET    307     1.5ms /api/production-orders?page=1&page_size=1000
2026-05-25 15:58:21 | INFO    | aps             | GET    200    11.9ms /api/planning-strategies/?page=1&page_size=100
2026-05-25 15:58:21 | INFO    | aps             | GET    200    13.4ms /api/production-orders/?page=1&page_size=1000
2026-05-25 15:58:21 | INFO    | aps             | GET    200     9.6ms /api/production-orders/?page=1&page_size=1000
2026-05-25 15:58:21 | INFO    | aps             | GET    200    13.1ms /api/planning-strategies/?page=1&page_size=100
2026-05-25 15:58:24 | INFO    | aps             | POST   200     5.5ms /api/smart-scheduling/generate
2026-05-25 15:58:24 | INFO    | aps.solve       | 开始排产: strategy=90a48e5ab9ba41b9a78817974a59f635, 可排产订单数=1
2026-05-25 15:58:24 | INFO    | aps.mrp         | 处理订单: code=D001 material_code=C001 quantity=10000
2026-05-25 15:58:24 | INFO    | aps.mrp         |   匹配物料: id=fadbc868875f4c2a8f909a960d19f269 code=C001 name=紫晶装备 source=PRODUCED
2026-05-25 15:58:24 | INFO    | aps.mrp         |   BOM子件数=1, 可用库存=1000
2026-05-25 15:58:24 | INFO    | aps.mrp         |   订单物料 C001 加入DAG, 需求量=10000
2026-05-25 15:58:24 | INFO    | aps.solve       | MRP完成: 缺料DAG节点数=1, 补充订单数=1
2026-05-25 15:58:24 | INFO    | aps.task_gen    | 缺料DAG: 1个节点, 0条边
2026-05-25 15:58:24 | INFO    | aps.task_gen    |   DAG节点: material=C001(fadbc868875f4c2a8f909a960d19f269) source=PRODUCED demand=10000.00
2026-05-25 15:58:24 | INFO    | aps.task_gen    | 拓扑排序后物料顺序 (1): ['fadbc868875f4c2a8f909a960d19f269']
2026-05-25 15:58:25 | INFO    | aps.task_gen    | 任务生成完成: 共生成 1 个任务, 1 个订单关联记录
2026-05-25 15:58:26 | INFO    | aps             | GET    200     2.0ms /api/smart-scheduling/plan/progress?task_id=c50f50f745f649c6abd13c38158b5449
2026-05-25 15:58:48 | INFO    | aps             | GET    307     1.0ms /api/production-orders?page=1&page_size=10
2026-05-25 15:58:48 | INFO    | aps             | GET    307     0.5ms /api/production-orders?page=1&page_size=10
2026-05-25 15:58:48 | INFO    | aps             | GET    200     7.8ms /api/production-orders/?page=1&page_size=10
2026-05-25 15:58:48 | INFO    | aps             | GET    200     7.1ms /api/production-orders/?page=1&page_size=10
2026-05-25 15:59:53 | INFO    | aps             | GET    307     1.0ms /api/production-orders?page=1&page_size=10
2026-05-25 15:59:53 | INFO    | aps             | GET    307     1.0ms /api/planning-strategies?page=1&page_size=10
2026-05-25 15:59:53 | INFO    | aps             | GET    200     4.1ms /api/planning-strategies/scheduling-rule/options
2026-05-25 15:59:53 | INFO    | aps             | GET    307     1.5ms /api/planning-strategies?page=1&page_size=10
2026-05-25 15:59:53 | INFO    | aps             | GET    200     1.0ms /api/planning-strategies/scheduling-rule/options
2026-05-25 15:59:53 | INFO    | aps             | GET    200     8.1ms /api/production-orders/?page=1&page_size=10
2026-05-25 15:59:53 | INFO    | aps             | GET    200     8.8ms /api/planning-strategies/?page=1&page_size=10
2026-05-25 15:59:53 | INFO    | aps             | GET    200     8.1ms /api/planning-strategies/?page=1&page_size=10
2026-05-25 15:59:54 | INFO    | aps             | GET    307     1.2ms /api/production-orders?page=1&page_size=10
2026-05-25 15:59:54 | INFO    | aps             | GET    307     1.2ms /api/production-orders?page=1&page_size=10
2026-05-25 15:59:54 | INFO    | aps             | GET    200    11.2ms /api/production-orders/?page=1&page_size=10
2026-05-25 15:59:54 | INFO    | aps             | GET    200     9.3ms /api/production-orders/?page=1&page_size=10
2026-05-25 16:00:35 | INFO    | aps             | GET    307     2.0ms /api/planning-strategies?page=1&page_size=10
2026-05-25 16:00:35 | INFO    | aps             | GET    200     2.1ms /api/planning-strategies/scheduling-rule/options
2026-05-25 16:00:35 | INFO    | aps             | GET    307     0.0ms /api/planning-strategies?page=1&page_size=10
2026-05-25 16:00:35 | INFO    | aps             | GET    200     2.3ms /api/planning-strategies/scheduling-rule/options
2026-05-25 16:00:35 | INFO    | aps             | GET    200    14.0ms /api/planning-strategies/?page=1&page_size=10
2026-05-25 16:00:35 | INFO    | aps             | GET    200     8.2ms /api/planning-strategies/?page=1&page_size=10
2026-05-25 16:00:36 | INFO    | aps             | GET    307     1.0ms /api/production-orders?page=1&page_size=10
2026-05-25 16:00:36 | INFO    | aps             | GET    307     2.0ms /api/materials?page=1&page_size=1000
2026-05-25 16:00:36 | INFO    | aps             | GET    307     4.0ms /api/production-orders?page=1&page_size=10
2026-05-25 16:00:36 | INFO    | aps             | GET    307     1.4ms /api/materials?page=1&page_size=1000
2026-05-25 16:00:36 | INFO    | aps             | GET    200    18.3ms /api/production-orders/?page=1&page_size=10
2026-05-25 16:00:36 | INFO    | aps             | GET    200    18.8ms /api/materials/?page=1&page_size=1000
2026-05-25 16:00:36 | INFO    | aps             | GET    200    64.7ms /api/production-orders/?page=1&page_size=10
2026-05-25 16:00:36 | INFO    | aps             | GET    200    87.0ms /api/materials/?page=1&page_size=1000
2026-05-25 16:00:37 | INFO    | aps             | GET    307     1.0ms /api/planning-strategies?page=1&page_size=10
2026-05-25 16:00:37 | INFO    | aps             | GET    200     2.0ms /api/planning-strategies/scheduling-rule/options
2026-05-25 16:00:37 | INFO    | aps             | GET    307     1.1ms /api/planning-strategies?page=1&page_size=10
2026-05-25 16:00:37 | INFO    | aps             | GET    200     2.5ms /api/planning-strategies/scheduling-rule/options
2026-05-25 16:00:37 | INFO    | aps             | GET    200    12.0ms /api/planning-strategies/?page=1&page_size=10
2026-05-25 16:00:37 | INFO    | aps             | GET    200     7.4ms /api/planning-strategies/?page=1&page_size=10
2026-05-25 16:00:38 | INFO    | aps             | GET    307     1.0ms /api/production-orders?page=1&page_size=10
2026-05-25 16:00:38 | INFO    | aps             | GET    307     1.5ms /api/materials?page=1&page_size=1000
2026-05-25 16:00:38 | INFO    | aps             | GET    307     2.1ms /api/production-orders?page=1&page_size=10
2026-05-25 16:00:38 | INFO    | aps             | GET    307     1.5ms /api/materials?page=1&page_size=1000
2026-05-25 16:00:38 | INFO    | aps             | GET    200    11.2ms /api/production-orders/?page=1&page_size=10
2026-05-25 16:00:38 | INFO    | aps             | GET    200    15.2ms /api/materials/?page=1&page_size=1000
2026-05-25 16:00:38 | INFO    | aps             | GET    200     9.5ms /api/production-orders/?page=1&page_size=10
2026-05-25 16:00:38 | INFO    | aps             | GET    200     8.3ms /api/materials/?page=1&page_size=1000
2026-05-25 16:00:56 | INFO    | aps             | GET    307     0.9ms /api/planning-strategies?page=1&page_size=100
2026-05-25 16:00:56 | INFO    | aps             | GET    307     2.0ms /api/production-orders?page=1&page_size=1000
2026-05-25 16:00:56 | INFO    | aps             | GET    307     1.0ms /api/planning-strategies?page=1&page_size=100
2026-05-25 16:00:56 | INFO    | aps             | GET    307     0.0ms /api/production-orders?page=1&page_size=1000
2026-05-25 16:00:56 | INFO    | aps             | GET    200     9.2ms /api/production-orders/?page=1&page_size=1000
2026-05-25 16:00:56 | INFO    | aps             | GET    200    11.2ms /api/planning-strategies/?page=1&page_size=100
2026-05-25 16:00:56 | INFO    | aps             | GET    200     9.1ms /api/planning-strategies/?page=1&page_size=100
2026-05-25 16:00:56 | INFO    | aps             | GET    200    11.7ms /api/production-orders/?page=1&page_size=1000
2026-05-25 16:00:59 | INFO    | aps             | POST   200     0.5ms /api/smart-scheduling/generate
2026-05-25 16:00:59 | INFO    | aps.solve       | 开始排产: strategy=90a48e5ab9ba41b9a78817974a59f635, 可排产订单数=1
2026-05-25 16:00:59 | INFO    | aps.mrp         | 处理订单: code=D001 material_code=C001 quantity=10000
2026-05-25 16:00:59 | INFO    | aps.mrp         |   匹配物料: id=fadbc868875f4c2a8f909a960d19f269 code=C001 name=紫晶装备 source=PRODUCED
2026-05-25 16:00:59 | INFO    | aps.mrp         |   BOM子件数=1, 可用库存=1000
2026-05-25 16:00:59 | INFO    | aps.mrp         |   订单物料 C001 加入DAG, 需求量=10000
2026-05-25 16:00:59 | INFO    | aps.solve       | MRP完成: 缺料DAG节点数=1, 补充订单数=1
2026-05-25 16:00:59 | INFO    | aps.task_gen    | 缺料DAG: 1个节点, 0条边
2026-05-25 16:00:59 | INFO    | aps.task_gen    |   DAG节点: material=C001(fadbc868875f4c2a8f909a960d19f269) source=PRODUCED demand=10000.00
2026-05-25 16:00:59 | INFO    | aps.task_gen    | 拓扑排序后物料顺序 (1): ['fadbc868875f4c2a8f909a960d19f269']
2026-05-25 16:00:59 | INFO    | aps.task_gen    | 任务生成完成: 共生成 1 个任务, 1 个订单关联记录
2026-05-25 16:01:01 | INFO    | aps             | GET    200     0.0ms /api/smart-scheduling/plan/progress?task_id=d7c5adeceb3f44e7ad3267cb65b1a4f4
2026-05-25 16:01:50 | INFO    | aps             | GET    307     2.0ms /api/planning-strategies?page=1&page_size=100
2026-05-25 16:01:50 | INFO    | aps             | GET    307     2.0ms /api/production-orders?page=1&page_size=1000
2026-05-25 16:01:50 | INFO    | aps             | GET    307     1.3ms /api/planning-strategies?page=1&page_size=100
2026-05-25 16:01:50 | INFO    | aps             | GET    307     0.5ms /api/production-orders?page=1&page_size=1000
2026-05-25 16:01:51 | INFO    | aps             | GET    200     8.6ms /api/planning-strategies/?page=1&page_size=100
2026-05-25 16:01:51 | INFO    | aps             | GET    200     9.9ms /api/production-orders/?page=1&page_size=1000
2026-05-25 16:01:51 | INFO    | aps             | GET    200    11.5ms /api/planning-strategies/?page=1&page_size=100
2026-05-25 16:01:51 | INFO    | aps             | GET    200    10.9ms /api/production-orders/?page=1&page_size=1000
2026-05-25 16:02:55 | INFO    | aps             | 数据库表已就绪
2026-05-25 16:03:26 | INFO    | aps             | POST   200    17.9ms /api/smart-scheduling/generate
2026-05-25 16:03:26 | INFO    | aps.solve       | 开始排产: strategy=90a48e5ab9ba41b9a78817974a59f635, 可排产订单数=1
2026-05-25 16:03:26 | INFO    | aps.mrp         | 处理订单: code=D001 material_code=C001 quantity=10000
2026-05-25 16:03:26 | INFO    | aps.mrp         |   匹配物料: id=fadbc868875f4c2a8f909a960d19f269 code=C001 name=紫晶装备 source=PRODUCED
2026-05-25 16:03:26 | INFO    | aps.mrp         |   BOM子件数=1, 可用库存=1000
2026-05-25 16:03:26 | INFO    | aps.mrp         |   订单物料 C001 加入DAG, 需求量=10000
2026-05-25 16:03:26 | INFO    | aps.solve       | MRP完成: 缺料DAG节点数=1, 补充订单数=1
2026-05-25 16:03:26 | INFO    | aps.task_gen    | 缺料DAG: 1个节点, 0条边
2026-05-25 16:03:26 | INFO    | aps.task_gen    |   DAG节点: material=C001(fadbc868875f4c2a8f909a960d19f269) source=PRODUCED demand=10000.00
2026-05-25 16:03:26 | INFO    | aps.task_gen    | 拓扑排序后物料顺序 (1): ['fadbc868875f4c2a8f909a960d19f269']
2026-05-25 16:03:26 | INFO    | aps.task_gen    | 任务生成完成: 共生成 1 个任务, 1 个订单关联记录
2026-05-25 16:03:26 | INFO    | aps.solve       | 求解准备: 任务数=1, 资源数=1
2026-05-25 16:03:26 | INFO    | aps.solve       |   资源: id=579a3c2c code=Z001 status=NORMAL throughput=10/H
2026-05-25 16:03:26 | INFO    | aps.scheduler   | 构建CP模型: 总任务=1, 跳过=0, 有效=1, 资源=1
2026-05-25 16:03:26 | ERROR   | aps.scheduler   | 求解器返回 INFEASIBLE。总任务=1, 跳过=0, 有效=1, 资源=1
2026-05-25 16:03:28 | INFO    | aps             | GET    200     3.1ms /api/smart-scheduling/plan/progress?task_id=f3efd0bbbac84c64af9cfe5a4668f2cc
2026-05-25 16:07:23 | INFO    | aps             | 数据库表已就绪
2026-05-25 16:07:28 | INFO    | aps             | GET    307     1.0ms /api/planning-strategies?page=1&page_size=100
2026-05-25 16:07:28 | INFO    | aps             | GET    307     1.5ms /api/production-orders?page=1&page_size=1000
2026-05-25 16:07:28 | INFO    | aps             | GET    307     1.7ms /api/planning-strategies?page=1&page_size=100
2026-05-25 16:07:28 | INFO    | aps             | GET    307     1.5ms /api/production-orders?page=1&page_size=1000
2026-05-25 16:07:29 | INFO    | aps             | GET    200   101.4ms /api/planning-strategies/?page=1&page_size=100
2026-05-25 16:07:29 | INFO    | aps             | GET    200     9.4ms /api/planning-strategies/?page=1&page_size=100
2026-05-25 16:07:29 | INFO    | aps             | GET    200   127.2ms /api/production-orders/?page=1&page_size=1000
2026-05-25 16:07:29 | INFO    | aps             | GET    200     8.6ms /api/production-orders/?page=1&page_size=1000
2026-05-25 16:07:31 | INFO    | aps             | GET    307     1.0ms /api/planning-strategies?page=1&page_size=100
2026-05-25 16:07:31 | INFO    | aps             | GET    307     2.5ms /api/production-orders?page=1&page_size=1000
2026-05-25 16:07:31 | INFO    | aps             | GET    307     2.1ms /api/planning-strategies?page=1&page_size=100
2026-05-25 16:07:31 | INFO    | aps             | GET    307     1.0ms /api/production-orders?page=1&page_size=1000
2026-05-25 16:07:31 | INFO    | aps             | GET    200    12.2ms /api/planning-strategies/?page=1&page_size=100
2026-05-25 16:07:31 | INFO    | aps             | GET    200    16.3ms /api/production-orders/?page=1&page_size=1000
2026-05-25 16:07:32 | INFO    | aps             | GET    200     8.6ms /api/production-orders/?page=1&page_size=1000
2026-05-25 16:07:32 | INFO    | aps             | GET    200    84.8ms /api/planning-strategies/?page=1&page_size=100
2026-05-25 16:07:50 | INFO    | aps             | POST   200     6.6ms /api/smart-scheduling/generate
2026-05-25 16:07:50 | INFO    | aps.solve       | 开始排产: strategy=90a48e5ab9ba41b9a78817974a59f635, 可排产订单数=1
2026-05-25 16:07:50 | INFO    | aps.mrp         | 处理订单: code=D001 material_code=C001 quantity=10000
2026-05-25 16:07:50 | INFO    | aps.mrp         |   匹配物料: id=fadbc868875f4c2a8f909a960d19f269 code=C001 name=紫晶装备 source=PRODUCED
2026-05-25 16:07:50 | INFO    | aps.mrp         |   BOM子件数=1, 可用库存=1000
2026-05-25 16:07:50 | INFO    | aps.mrp         |   订单物料 C001 加入DAG, 需求量=10000
2026-05-25 16:07:50 | INFO    | aps.solve       | MRP完成: 缺料DAG节点数=1, 补充订单数=1
2026-05-25 16:07:50 | INFO    | aps.task_gen    | 缺料DAG: 1个节点, 0条边
2026-05-25 16:07:50 | INFO    | aps.task_gen    |   DAG节点: material=C001(fadbc868875f4c2a8f909a960d19f269) source=PRODUCED demand=10000.00
2026-05-25 16:07:50 | INFO    | aps.task_gen    | 拓扑排序后物料顺序 (1): ['fadbc868875f4c2a8f909a960d19f269']
2026-05-25 16:07:50 | INFO    | aps.task_gen    | 任务生成完成: 共生成 1 个任务, 1 个订单关联记录
2026-05-25 16:07:50 | INFO    | aps.solve       | 求解准备: 任务数=1, 资源数=1
2026-05-25 16:07:50 | INFO    | aps.solve       |   资源: id=579a3c2c code=Z001 status=NORMAL throughput=10/H
2026-05-25 16:07:50 | INFO    | aps.scheduler   |   任务 TASK-SUP-D001-C001-G001-1(G001): qty=10000, 资源=1个, 工期=['60000']分
2026-05-25 16:07:50 | INFO    | aps.scheduler   | 构建CP模型: 总任务=1, 跳过=0, 有效=1, 资源=1
2026-05-25 16:07:50 | INFO    | aps.scheduler   | 时间窗: 静态=43200分, 动态=91440分, 总工期估算=60000分
2026-05-25 16:07:50 | WARNING | aps.scheduler   | 总工期超过默认时间窗, 已自动扩展至91440分(63.5天)
2026-05-25 16:07:52 | INFO    | aps             | GET    200     2.5ms /api/smart-scheduling/plan/progress?task_id=c2f60cd530224023972588f63b6637e8
2026-05-25 16:07:52 | INFO    | aps             | POST   200    29.2ms /api/smart-scheduling/preview/plan/tasks
2026-05-25 16:07:52 | INFO    | aps             | POST   200    26.1ms /api/smart-scheduling/preview/plan/resource/gantt
2026-05-25 16:08:14 | INFO    | aps             | GET    307     1.5ms /api/planning-strategies?page=1&page_size=100
2026-05-25 16:08:14 | INFO    | aps             | GET    307     2.5ms /api/production-orders?page=1&page_size=1000
2026-05-25 16:08:14 | INFO    | aps             | GET    307     1.0ms /api/planning-strategies?page=1&page_size=100
2026-05-25 16:08:14 | INFO    | aps             | GET    307     1.0ms /api/production-orders?page=1&page_size=1000
2026-05-25 16:08:14 | INFO    | aps             | GET    200     9.4ms /api/planning-strategies/?page=1&page_size=100
2026-05-25 16:08:14 | INFO    | aps             | GET    200    11.4ms /api/production-orders/?page=1&page_size=1000
2026-05-25 16:08:14 | INFO    | aps             | GET    200    10.4ms /api/planning-strategies/?page=1&page_size=100
2026-05-25 16:08:14 | INFO    | aps             | GET    200    11.1ms /api/production-orders/?page=1&page_size=1000
2026-05-25 16:08:32 | INFO    | aps             | GET    307     1.0ms /api/production-orders?page=1&page_size=10
2026-05-25 16:08:32 | INFO    | aps             | GET    307     3.1ms /api/materials?page=1&page_size=1000
2026-05-25 16:08:32 | INFO    | aps             | GET    307     1.5ms /api/production-orders?page=1&page_size=10
2026-05-25 16:08:32 | INFO    | aps             | GET    307     1.0ms /api/materials?page=1&page_size=1000
2026-05-25 16:08:32 | INFO    | aps             | GET    200    15.4ms /api/production-orders/?page=1&page_size=10
2026-05-25 16:08:32 | INFO    | aps             | GET    200    17.7ms /api/materials/?page=1&page_size=1000
2026-05-25 16:08:32 | INFO    | aps             | GET    200    13.8ms /api/production-orders/?page=1&page_size=10
2026-05-25 16:08:32 | INFO    | aps             | GET    200     8.3ms /api/materials/?page=1&page_size=1000
2026-05-25 16:08:36 | INFO    | aps             | DELETE 204    19.5ms /api/production-orders/bc28120e1c6c4140b099c17abc86cd0d
2026-05-25 16:08:36 | INFO    | aps             | GET    307     0.0ms /api/production-orders?page=1&page_size=10
2026-05-25 16:08:36 | INFO    | aps             | GET    200     8.7ms /api/production-orders/?page=1&page_size=10
2026-05-25 16:08:48 | INFO    | aps             | GET    307     1.8ms /api/production-orders?page=1&page_size=1000
2026-05-25 16:08:48 | INFO    | aps             | GET    307     2.5ms /api/planning-strategies?page=1&page_size=100
2026-05-25 16:08:48 | INFO    | aps             | GET    307     1.3ms /api/production-orders?page=1&page_size=1000
2026-05-25 16:08:48 | INFO    | aps             | GET    307     0.0ms /api/planning-strategies?page=1&page_size=100
2026-05-25 16:08:48 | INFO    | aps             | GET    200     9.6ms /api/planning-strategies/?page=1&page_size=100
2026-05-25 16:08:48 | INFO    | aps             | GET    200    12.6ms /api/production-orders/?page=1&page_size=1000
2026-05-25 16:08:48 | INFO    | aps             | GET    200    10.2ms /api/planning-strategies/?page=1&page_size=100
2026-05-25 16:08:48 | INFO    | aps             | GET    200    11.7ms /api/production-orders/?page=1&page_size=1000
2026-05-25 16:08:54 | INFO    | aps             | POST   200     1.1ms /api/smart-scheduling/generate
2026-05-25 16:08:54 | INFO    | aps.solve       | 开始排产: strategy=90a48e5ab9ba41b9a78817974a59f635, 可排产订单数=1
2026-05-25 16:08:54 | INFO    | aps.mrp         | 处理订单: code=SUP-D001-C001 material_code=C001 quantity=10000
2026-05-25 16:08:54 | INFO    | aps.mrp         |   匹配物料: id=fadbc868875f4c2a8f909a960d19f269 code=C001 name=紫晶装备 source=PRODUCED
2026-05-25 16:08:54 | INFO    | aps.mrp         |   BOM子件数=1, 可用库存=1000
2026-05-25 16:08:54 | INFO    | aps.mrp         |   订单物料 C001 加入DAG, 需求量=10000
2026-05-25 16:08:54 | INFO    | aps.solve       | MRP完成: 缺料DAG节点数=1, 补充订单数=1
2026-05-25 16:08:54 | INFO    | aps.task_gen    | 缺料DAG: 1个节点, 0条边
2026-05-25 16:08:54 | INFO    | aps.task_gen    |   DAG节点: material=C001(fadbc868875f4c2a8f909a960d19f269) source=PRODUCED demand=10000.00
2026-05-25 16:08:54 | INFO    | aps.task_gen    | 拓扑排序后物料顺序 (1): ['fadbc868875f4c2a8f909a960d19f269']
2026-05-25 16:08:54 | INFO    | aps.task_gen    | 任务生成完成: 共生成 1 个任务, 1 个订单关联记录
2026-05-25 16:08:54 | INFO    | aps.solve       | 求解准备: 任务数=1, 资源数=1
2026-05-25 16:08:54 | INFO    | aps.solve       |   资源: id=579a3c2c code=Z001 status=NORMAL throughput=10/H
2026-05-25 16:08:54 | INFO    | aps.scheduler   |   任务 TASK-SUP-SUP-D001-C001-C001-G001-1(G001): qty=10000, 资源=1个, 工期=['60000']分
2026-05-25 16:08:54 | INFO    | aps.scheduler   | 构建CP模型: 总任务=1, 跳过=0, 有效=1, 资源=1
2026-05-25 16:08:54 | INFO    | aps.scheduler   | 时间窗: 静态=43200分, 动态=91440分, 总工期估算=60000分
2026-05-25 16:08:54 | WARNING | aps.scheduler   | 总工期超过默认时间窗, 已自动扩展至91440分(63.5天)
2026-05-25 16:08:56 | INFO    | aps             | GET    200     1.5ms /api/smart-scheduling/plan/progress?task_id=d53d7c7bf6f947ba967cafe3b5a0cbae
2026-05-25 16:08:56 | INFO    | aps             | POST   200    12.2ms /api/smart-scheduling/preview/plan/resource/gantt
2026-05-25 16:08:56 | INFO    | aps             | POST   200    15.4ms /api/smart-scheduling/preview/plan/tasks
2026-05-25 16:10:23 | INFO    | aps             | POST   200    20.3ms /api/smart-scheduling/plan/pending/cancel
2026-05-25 16:10:50 | INFO    | aps             | GET    307     1.5ms /api/planning-strategies?page=1&page_size=100
2026-05-25 16:10:50 | INFO    | aps             | GET    307     2.0ms /api/production-orders?page=1&page_size=1000
2026-05-25 16:10:50 | INFO    | aps             | GET    307     1.0ms /api/planning-strategies?page=1&page_size=100
2026-05-25 16:10:50 | INFO    | aps             | GET    307     0.0ms /api/production-orders?page=1&page_size=1000
2026-05-25 16:10:51 | INFO    | aps             | GET    200    11.6ms /api/production-orders/?page=1&page_size=1000
2026-05-25 16:10:51 | INFO    | aps             | GET    200    13.1ms /api/planning-strategies/?page=1&page_size=100
2026-05-25 16:10:51 | INFO    | aps             | GET    200     9.6ms /api/planning-strategies/?page=1&page_size=100
2026-05-25 16:10:51 | INFO    | aps             | GET    200    13.6ms /api/production-orders/?page=1&page_size=1000
2026-05-25 16:10:59 | INFO    | aps             | GET    307     1.5ms /api/production-orders?page=1&page_size=10
2026-05-25 16:10:59 | INFO    | aps             | GET    307     3.5ms /api/materials?page=1&page_size=1000
2026-05-25 16:10:59 | INFO    | aps             | GET    307     1.0ms /api/production-orders?page=1&page_size=10
2026-05-25 16:10:59 | INFO    | aps             | GET    307     0.0ms /api/materials?page=1&page_size=1000
2026-05-25 16:10:59 | INFO    | aps             | GET    200     8.0ms /api/materials/?page=1&page_size=1000
2026-05-25 16:10:59 | INFO    | aps             | GET    200    11.1ms /api/production-orders/?page=1&page_size=10
2026-05-25 16:10:59 | INFO    | aps             | GET    200    10.3ms /api/production-orders/?page=1&page_size=10
2026-05-25 16:10:59 | INFO    | aps             | GET    200    13.8ms /api/materials/?page=1&page_size=1000
2026-05-25 16:11:10 | INFO    | aps             | DELETE 204    19.5ms /api/production-orders/391cc84220b94d5c922346a6b761debe
2026-05-25 16:11:10 | INFO    | aps             | GET    307     0.0ms /api/production-orders?page=1&page_size=10
2026-05-25 16:11:10 | INFO    | aps             | GET    200     7.1ms /api/production-orders/?page=1&page_size=10
2026-05-25 16:12:25 | INFO    | aps             | GET    307     1.5ms /api/planning-strategies?page=1&page_size=10
2026-05-25 16:12:25 | INFO    | aps             | GET    200     8.1ms /api/planning-strategies/scheduling-rule/options
2026-05-25 16:12:25 | INFO    | aps             | GET    307     1.0ms /api/planning-strategies?page=1&page_size=10
2026-05-25 16:12:25 | INFO    | aps             | GET    200     1.0ms /api/planning-strategies/scheduling-rule/options
2026-05-25 16:12:25 | INFO    | aps             | GET    200     8.1ms /api/planning-strategies/?page=1&page_size=10
2026-05-25 16:12:25 | INFO    | aps             | GET    200     9.9ms /api/planning-strategies/?page=1&page_size=10
2026-05-25 16:12:26 | INFO    | aps             | GET    307     1.0ms /api/manufacture-boms?page=1&page_size=10
2026-05-25 16:12:26 | INFO    | aps             | GET    307     0.0ms /api/materials?page=1&page_size=1000
2026-05-25 16:12:26 | INFO    | aps             | GET    307     1.5ms /api/manufacture-boms?page=1&page_size=10
2026-05-25 16:12:26 | INFO    | aps             | GET    307     1.5ms /api/materials?page=1&page_size=1000
2026-05-25 16:12:26 | INFO    | aps             | GET    200    18.7ms /api/manufacture-boms/?page=1&page_size=10
2026-05-25 16:12:26 | INFO    | aps             | GET    200    17.2ms /api/materials/?page=1&page_size=1000
2026-05-25 16:12:26 | INFO    | aps             | GET    200    12.4ms /api/manufacture-boms/?page=1&page_size=10
2026-05-25 16:12:26 | INFO    | aps             | GET    200    12.9ms /api/materials/?page=1&page_size=1000
2026-05-25 16:12:28 | INFO    | aps             | GET    307     0.0ms /api/production-resources?page=1&page_size=10
2026-05-25 16:12:28 | INFO    | aps             | GET    307     1.0ms /api/production-resources?page=1&page_size=10
2026-05-25 16:12:28 | INFO    | aps             | GET    200    15.1ms /api/production-resources/?page=1&page_size=10
2026-05-25 16:12:28 | INFO    | aps             | GET    200     6.9ms /api/production-resources/?page=1&page_size=10
2026-05-25 16:12:30 | INFO    | aps             | GET    307     1.2ms /api/processes?page=1&page_size=10
2026-05-25 16:12:30 | INFO    | aps             | GET    307     0.0ms /api/production-resources?page=1&page_size=1000
2026-05-25 16:12:30 | INFO    | aps             | GET    307     1.5ms /api/processes?page=1&page_size=10
2026-05-25 16:12:30 | INFO    | aps             | GET    307     4.9ms /api/production-resources?page=1&page_size=1000
2026-05-25 16:12:30 | INFO    | aps             | GET    200    20.6ms /api/processes/?page=1&page_size=10
2026-05-25 16:12:30 | INFO    | aps             | GET    200    21.8ms /api/production-resources/?page=1&page_size=1000
2026-05-25 16:12:30 | INFO    | aps             | GET    200     9.1ms /api/production-resources/?page=1&page_size=1000
2026-05-25 16:12:30 | INFO    | aps             | GET    200    13.7ms /api/processes/?page=1&page_size=10
2026-05-25 16:12:33 | INFO    | aps             | GET    307     1.0ms /api/production-resources?page=1&page_size=10
2026-05-25 16:12:33 | INFO    | aps             | GET    307     1.0ms /api/production-resources?page=1&page_size=10
2026-05-25 16:12:33 | INFO    | aps             | GET    200    10.2ms /api/production-resources/?page=1&page_size=10
2026-05-25 16:12:33 | INFO    | aps             | GET    200     8.2ms /api/production-resources/?page=1&page_size=10
2026-05-25 16:12:37 | INFO    | aps             | GET    307     0.5ms /api/processes?page=1&page_size=10
2026-05-25 16:12:37 | INFO    | aps             | GET    307     2.5ms /api/production-resources?page=1&page_size=1000
2026-05-25 16:12:37 | INFO    | aps             | GET    307     1.5ms /api/processes?page=1&page_size=10
2026-05-25 16:12:37 | INFO    | aps             | GET    307     4.6ms /api/production-resources?page=1&page_size=1000
2026-05-25 16:12:37 | INFO    | aps             | GET    200    13.1ms /api/processes/?page=1&page_size=10
2026-05-25 16:12:37 | INFO    | aps             | GET    200    15.9ms /api/production-resources/?page=1&page_size=1000
2026-05-25 16:12:37 | INFO    | aps             | GET    200    11.1ms /api/processes/?page=1&page_size=10
2026-05-25 16:12:37 | INFO    | aps             | GET    200     9.5ms /api/production-resources/?page=1&page_size=1000
2026-05-25 16:13:51 | INFO    | aps             | GET    307     1.5ms /api/process-routes?page=1&page_size=10
2026-05-25 16:13:51 | INFO    | aps             | GET    307     2.5ms /api/materials?page=1&page_size=1000
2026-05-25 16:13:51 | INFO    | aps             | GET    307     1.0ms /api/process-routes?page=1&page_size=10
2026-05-25 16:13:51 | INFO    | aps             | GET    307     0.0ms /api/materials?page=1&page_size=1000
2026-05-25 16:13:52 | INFO    | aps             | GET    200    14.9ms /api/materials/?page=1&page_size=1000
2026-05-25 16:13:52 | INFO    | aps             | GET    200    16.4ms /api/process-routes/?page=1&page_size=10
2026-05-25 16:13:52 | INFO    | aps             | GET    200    11.9ms /api/process-routes/?page=1&page_size=10
2026-05-25 16:13:52 | INFO    | aps             | GET    200    17.9ms /api/materials/?page=1&page_size=1000
2026-05-25 16:13:52 | INFO    | aps             | GET    200     8.4ms /api/work-modes?page=1&page_size=10
2026-05-25 16:13:52 | INFO    | aps             | GET    200     5.0ms /api/work-modes?page=1&page_size=10
2026-05-25 16:13:53 | INFO    | aps             | GET    307     1.0ms /api/incoming-material-orders?page=1&page_size=10
2026-05-25 16:13:53 | INFO    | aps             | GET    307     2.0ms /api/materials?page=1&page_size=1000
2026-05-25 16:13:53 | INFO    | aps             | GET    307     0.5ms /api/incoming-material-orders?page=1&page_size=10
2026-05-25 16:13:53 | INFO    | aps             | GET    307     1.0ms /api/materials?page=1&page_size=1000
2026-05-25 16:13:53 | INFO    | aps             | GET    200     7.6ms /api/materials/?page=1&page_size=1000
2026-05-25 16:13:53 | INFO    | aps             | GET    200    13.7ms /api/incoming-material-orders/?page=1&page_size=10
2026-05-25 16:13:53 | INFO    | aps             | GET    200     7.1ms /api/incoming-material-orders/?page=1&page_size=10
2026-05-25 16:13:53 | INFO    | aps             | GET    200    11.2ms /api/materials/?page=1&page_size=1000
2026-05-25 16:13:54 | INFO    | aps             | GET    307     1.3ms /api/production-orders?page=1&page_size=10
2026-05-25 16:13:54 | INFO    | aps             | GET    307     1.5ms /api/materials?page=1&page_size=1000
2026-05-25 16:13:54 | INFO    | aps             | GET    307     2.0ms /api/production-orders?page=1&page_size=10
2026-05-25 16:13:54 | INFO    | aps             | GET    307     0.5ms /api/materials?page=1&page_size=1000
2026-05-25 16:13:54 | INFO    | aps             | GET    200    11.9ms /api/materials/?page=1&page_size=1000
2026-05-25 16:13:54 | INFO    | aps             | GET    200    16.4ms /api/production-orders/?page=1&page_size=10
2026-05-25 16:13:54 | INFO    | aps             | GET    200    12.6ms /api/materials/?page=1&page_size=1000
2026-05-25 16:13:54 | INFO    | aps             | GET    200    11.7ms /api/production-orders/?page=1&page_size=10
2026-05-25 16:13:55 | INFO    | aps             | GET    307     1.5ms /api/planning-strategies?page=1&page_size=10
2026-05-25 16:13:55 | INFO    | aps             | GET    200     3.1ms /api/planning-strategies/scheduling-rule/options
2026-05-25 16:13:55 | INFO    | aps             | GET    307     0.0ms /api/planning-strategies?page=1&page_size=10
2026-05-25 16:13:55 | INFO    | aps             | GET    200     1.5ms /api/planning-strategies/scheduling-rule/options
2026-05-25 16:13:55 | INFO    | aps             | GET    200    11.2ms /api/planning-strategies/?page=1&page_size=10
2026-05-25 16:13:55 | INFO    | aps             | GET    200     8.2ms /api/planning-strategies/?page=1&page_size=10
2026-05-25 16:13:58 | INFO    | aps             | GET    307     1.5ms /api/planning-strategies?page=1&page_size=100
2026-05-25 16:13:58 | INFO    | aps             | GET    307     2.5ms /api/production-orders?page=1&page_size=1000
2026-05-25 16:13:58 | INFO    | aps             | GET    307     2.5ms /api/planning-strategies?page=1&page_size=100
2026-05-25 16:13:58 | INFO    | aps             | GET    307     1.5ms /api/production-orders?page=1&page_size=1000
2026-05-25 16:13:58 | INFO    | aps             | GET    200    12.3ms /api/planning-strategies/?page=1&page_size=100
2026-05-25 16:13:58 | INFO    | aps             | GET    200    14.9ms /api/production-orders/?page=1&page_size=1000
2026-05-25 16:13:58 | INFO    | aps             | GET    200     9.1ms /api/production-orders/?page=1&page_size=1000
2026-05-25 16:13:58 | INFO    | aps             | GET    200    14.8ms /api/planning-strategies/?page=1&page_size=100
2026-05-25 16:14:00 | INFO    | aps             | GET    307     0.0ms /api/planning-strategies?page=1&page_size=10
2026-05-25 16:14:00 | INFO    | aps             | GET    200     3.6ms /api/planning-strategies/scheduling-rule/options
2026-05-25 16:14:00 | INFO    | aps             | GET    307     1.5ms /api/planning-strategies?page=1&page_size=10
2026-05-25 16:14:00 | INFO    | aps             | GET    200     1.3ms /api/planning-strategies/scheduling-rule/options
2026-05-25 16:14:00 | INFO    | aps             | GET    200    11.4ms /api/planning-strategies/?page=1&page_size=10
2026-05-25 16:14:00 | INFO    | aps             | GET    200     7.1ms /api/planning-strategies/?page=1&page_size=10
2026-05-25 16:14:01 | INFO    | aps             | GET    307     1.6ms /api/production-orders?page=1&page_size=10
2026-05-25 16:14:01 | INFO    | aps             | GET    307     2.6ms /api/materials?page=1&page_size=1000
2026-05-25 16:14:01 | INFO    | aps             | GET    307     2.5ms /api/production-orders?page=1&page_size=10
2026-05-25 16:14:01 | INFO    | aps             | GET    307     2.5ms /api/materials?page=1&page_size=1000
2026-05-25 16:14:01 | INFO    | aps             | GET    200    13.5ms /api/production-orders/?page=1&page_size=10
2026-05-25 16:14:01 | INFO    | aps             | GET    200    17.0ms /api/materials/?page=1&page_size=1000
2026-05-25 16:14:01 | INFO    | aps             | GET    200     9.8ms /api/production-orders/?page=1&page_size=10
2026-05-25 16:14:01 | INFO    | aps             | GET    200     9.3ms /api/materials/?page=1&page_size=1000
2026-05-25 16:15:32 | INFO    | aps             | DELETE 204    19.5ms /api/production-orders/3db010f6d4e1402597f460ab4bef1fd3
2026-05-25 16:15:32 | INFO    | aps             | GET    307     0.0ms /api/production-orders?page=1&page_size=10
2026-05-25 16:15:32 | INFO    | aps             | GET    200     5.7ms /api/production-orders/?page=1&page_size=10
2026-05-25 16:15:34 | INFO    | aps             | GET    307     0.0ms /api/planning-strategies?page=1&page_size=10
2026-05-25 16:15:34 | INFO    | aps             | GET    200     3.7ms /api/planning-strategies/scheduling-rule/options
2026-05-25 16:15:34 | INFO    | aps             | GET    307     2.5ms /api/planning-strategies?page=1&page_size=10
2026-05-25 16:15:34 | INFO    | aps             | GET    200     2.5ms /api/planning-strategies/scheduling-rule/options
2026-05-25 16:15:34 | INFO    | aps             | GET    200    12.2ms /api/planning-strategies/?page=1&page_size=10
2026-05-25 16:15:34 | INFO    | aps             | GET    200     7.5ms /api/planning-strategies/?page=1&page_size=10
2026-05-25 16:15:38 | INFO    | aps             | GET    307     1.0ms /api/planning-strategies?page=1&page_size=100
2026-05-25 16:15:38 | INFO    | aps             | GET    307     1.0ms /api/production-orders?page=1&page_size=1000
2026-05-25 16:15:38 | INFO    | aps             | GET    307     2.0ms /api/planning-strategies?page=1&page_size=100
2026-05-25 16:15:38 | INFO    | aps             | GET    307     1.0ms /api/production-orders?page=1&page_size=1000
2026-05-25 16:15:38 | INFO    | aps             | GET    200    11.9ms /api/planning-strategies/?page=1&page_size=100
2026-05-25 16:15:38 | INFO    | aps             | GET    200    12.9ms /api/production-orders/?page=1&page_size=1000
2026-05-25 16:15:38 | INFO    | aps             | GET    200     7.1ms /api/production-orders/?page=1&page_size=1000
2026-05-25 16:15:38 | INFO    | aps             | GET    200    11.3ms /api/planning-strategies/?page=1&page_size=100
2026-05-25 16:15:39 | INFO    | aps             | GET    307     2.4ms /api/production-orders?page=1&page_size=10
2026-05-25 16:15:39 | INFO    | aps             | GET    307     1.5ms /api/materials?page=1&page_size=1000
2026-05-25 16:15:39 | INFO    | aps             | GET    307     2.0ms /api/production-orders?page=1&page_size=10
2026-05-25 16:15:39 | INFO    | aps             | GET    307     1.1ms /api/materials?page=1&page_size=1000
2026-05-25 16:15:39 | INFO    | aps             | GET    200    11.2ms /api/production-orders/?page=1&page_size=10
2026-05-25 16:15:39 | INFO    | aps             | GET    200    15.7ms /api/materials/?page=1&page_size=1000
2026-05-25 16:15:39 | INFO    | aps             | GET    200     9.7ms /api/production-orders/?page=1&page_size=10
2026-05-25 16:15:39 | INFO    | aps             | GET    200     8.7ms /api/materials/?page=1&page_size=1000
2026-05-25 16:16:10 | INFO    | aps             | POST   307     0.0ms /api/production-orders
2026-05-25 16:16:11 | INFO    | aps             | OPTIONS 200     0.0ms /api/production-orders/
2026-05-25 16:16:11 | INFO    | aps             | POST   201    26.5ms /api/production-orders/
2026-05-25 16:16:11 | INFO    | aps             | GET    307     0.5ms /api/production-orders?page=1&page_size=10
2026-05-25 16:16:11 | INFO    | aps             | GET    200     8.6ms /api/production-orders/?page=1&page_size=10
2026-05-25 16:16:15 | INFO    | aps             | GET    307     1.0ms /api/production-orders?page=1&page_size=1000
2026-05-25 16:16:15 | INFO    | aps             | GET    307     1.5ms /api/planning-strategies?page=1&page_size=100
2026-05-25 16:16:15 | INFO    | aps             | GET    307     2.7ms /api/production-orders?page=1&page_size=1000
2026-05-25 16:16:15 | INFO    | aps             | GET    307     1.5ms /api/planning-strategies?page=1&page_size=100
2026-05-25 16:16:15 | INFO    | aps             | GET    200    15.3ms /api/planning-strategies/?page=1&page_size=100
2026-05-25 16:16:15 | INFO    | aps             | GET    200    17.8ms /api/production-orders/?page=1&page_size=1000
2026-05-25 16:16:15 | INFO    | aps             | GET    200     8.6ms /api/production-orders/?page=1&page_size=1000
2026-05-25 16:16:15 | INFO    | aps             | GET    200    11.9ms /api/planning-strategies/?page=1&page_size=100
2026-05-25 16:16:18 | INFO    | aps             | POST   200     1.0ms /api/smart-scheduling/generate
2026-05-25 16:16:18 | INFO    | aps.solve       | 开始排产: strategy=90a48e5ab9ba41b9a78817974a59f635, 可排产订单数=1
2026-05-25 16:16:18 | INFO    | aps.mrp         | 处理订单: code=D001 material_code=C001 quantity=3000
2026-05-25 16:16:18 | INFO    | aps.mrp         |   匹配物料: id=fadbc868875f4c2a8f909a960d19f269 code=C001 name=紫晶装备 source=PRODUCED
2026-05-25 16:16:18 | INFO    | aps.mrp         |   BOM子件数=1, 可用库存=1000
2026-05-25 16:16:18 | INFO    | aps.mrp         |   订单物料 C001 加入DAG, 需求量=3000
2026-05-25 16:16:18 | INFO    | aps.solve       | MRP完成: 缺料DAG节点数=1, 补充订单数=1
2026-05-25 16:16:18 | INFO    | aps.task_gen    | 缺料DAG: 1个节点, 0条边
2026-05-25 16:16:18 | INFO    | aps.task_gen    |   DAG节点: material=C001(fadbc868875f4c2a8f909a960d19f269) source=PRODUCED demand=3000.00
2026-05-25 16:16:18 | INFO    | aps.task_gen    | 拓扑排序后物料顺序 (1): ['fadbc868875f4c2a8f909a960d19f269']
2026-05-25 16:16:18 | INFO    | aps.task_gen    | 任务生成完成: 共生成 1 个任务, 1 个订单关联记录
2026-05-25 16:16:18 | INFO    | aps.solve       | 求解准备: 任务数=1, 资源数=1
2026-05-25 16:16:18 | INFO    | aps.solve       |   资源: id=579a3c2c code=Z001 status=NORMAL throughput=10/H
2026-05-25 16:16:18 | INFO    | aps.scheduler   |   任务 TASK-SUP-D001-C001-G001-1(G001): qty=3000, 资源=1个, 工期=['18000']分
2026-05-25 16:16:18 | INFO    | aps.scheduler   | 构建CP模型: 总任务=1, 跳过=0, 有效=1, 资源=1
2026-05-25 16:16:18 | INFO    | aps.scheduler   | 时间窗: 静态=43200分, 动态=43200分, 总工期估算=18000分
2026-05-25 16:16:20 | INFO    | aps             | GET    200     1.5ms /api/smart-scheduling/plan/progress?task_id=483eb2a8671a48f3b8cbcdb23d9dbcaa
2026-05-25 16:16:21 | INFO    | aps             | POST   200    13.0ms /api/smart-scheduling/preview/plan/resource/gantt
2026-05-25 16:16:21 | INFO    | aps             | POST   200    15.0ms /api/smart-scheduling/preview/plan/tasks
2026-05-25 16:16:27 | INFO    | aps             | POST   200    38.6ms /api/smart-scheduling/plan/pending/confirm
2026-05-25 16:16:31 | INFO    | aps             | GET    200     5.5ms /api/work-modes?page=1&page_size=10
2026-05-25 16:16:31 | INFO    | aps             | GET    200     4.5ms /api/work-modes?page=1&page_size=10
2026-05-25 16:16:35 | INFO    | aps             | GET    307     1.0ms /api/planning-strategies?page=1&page_size=100
2026-05-25 16:16:35 | INFO    | aps             | GET    307     1.0ms /api/production-orders?page=1&page_size=1000
2026-05-25 16:16:35 | INFO    | aps             | GET    307     1.5ms /api/planning-strategies?page=1&page_size=100
2026-05-25 16:16:35 | INFO    | aps             | GET    307     1.7ms /api/production-orders?page=1&page_size=1000
2026-05-25 16:16:35 | INFO    | aps             | GET    200    14.9ms /api/planning-strategies/?page=1&page_size=100
2026-05-25 16:16:35 | INFO    | aps             | GET    200    16.0ms /api/production-orders/?page=1&page_size=1000
2026-05-25 16:16:35 | INFO    | aps             | GET    200     9.3ms /api/planning-strategies/?page=1&page_size=100
2026-05-25 16:16:35 | INFO    | aps             | GET    200    11.3ms /api/production-orders/?page=1&page_size=1000
2026-05-25 16:17:00 | INFO    | aps             | GET    307     1.5ms /api/planning-strategies?page=1&page_size=10
2026-05-25 16:17:00 | INFO    | aps             | GET    200     3.5ms /api/planning-strategies/scheduling-rule/options
2026-05-25 16:17:00 | INFO    | aps             | GET    307     1.0ms /api/planning-strategies?page=1&page_size=10
2026-05-25 16:17:00 | INFO    | aps             | GET    200     1.0ms /api/planning-strategies/scheduling-rule/options
2026-05-25 16:17:00 | INFO    | aps             | GET    200     8.1ms /api/planning-strategies/?page=1&page_size=10
2026-05-25 16:17:00 | INFO    | aps             | GET    200     8.3ms /api/planning-strategies/?page=1&page_size=10
2026-05-25 16:17:00 | INFO    | aps             | GET    307     1.0ms /api/production-orders?page=1&page_size=10
2026-05-25 16:17:00 | INFO    | aps             | GET    307     3.5ms /api/materials?page=1&page_size=1000
2026-05-25 16:17:00 | INFO    | aps             | GET    307     1.0ms /api/production-orders?page=1&page_size=10
2026-05-25 16:17:00 | INFO    | aps             | GET    307     1.0ms /api/materials?page=1&page_size=1000
2026-05-25 16:17:00 | INFO    | aps             | GET    200    16.0ms /api/production-orders/?page=1&page_size=10
2026-05-25 16:17:00 | INFO    | aps             | GET    200    11.6ms /api/materials/?page=1&page_size=1000
2026-05-25 16:17:00 | INFO    | aps             | GET    200    11.8ms /api/production-orders/?page=1&page_size=10
2026-05-25 16:17:00 | INFO    | aps             | GET    200    10.3ms /api/materials/?page=1&page_size=1000
2026-05-25 16:17:13 | INFO    | aps             | GET    307     1.0ms /api/materials?page=1&page_size=10
2026-05-25 16:17:13 | INFO    | aps             | GET    307     0.0ms /api/materials?page=1&page_size=10
2026-05-25 16:17:13 | INFO    | aps             | GET    200     7.2ms /api/materials/?page=1&page_size=10
2026-05-25 16:17:13 | INFO    | aps             | GET    200     7.2ms /api/materials/?page=1&page_size=10
2026-05-25 16:17:37 | INFO    | aps             | GET    307     1.5ms /api/production-orders?page=1&page_size=10
2026-05-25 16:17:37 | INFO    | aps             | GET    307     4.2ms /api/materials?page=1&page_size=1000
2026-05-25 16:17:37 | INFO    | aps             | GET    307     2.6ms /api/production-orders?page=1&page_size=10
2026-05-25 16:17:37 | INFO    | aps             | GET    307     3.7ms /api/materials?page=1&page_size=1000
2026-05-25 16:17:37 | INFO    | aps             | GET    200    13.0ms /api/materials/?page=1&page_size=1000
2026-05-25 16:17:37 | INFO    | aps             | GET    200    17.3ms /api/production-orders/?page=1&page_size=10
2026-05-25 16:17:37 | INFO    | aps             | GET    200    10.5ms /api/production-orders/?page=1&page_size=10
2026-05-25 16:17:37 | INFO    | aps             | GET    200    14.2ms /api/materials/?page=1&page_size=1000
2026-05-25 16:18:28 | INFO    | aps             | GET    307     1.0ms /api/planning-strategies?page=1&page_size=100
2026-05-25 16:18:28 | INFO    | aps             | GET    307     3.0ms /api/production-orders?page=1&page_size=1000
2026-05-25 16:18:28 | INFO    | aps             | GET    307     0.0ms /api/planning-strategies?page=1&page_size=100
2026-05-25 16:18:28 | INFO    | aps             | GET    307     1.0ms /api/production-orders?page=1&page_size=1000
2026-05-25 16:18:28 | INFO    | aps             | GET    200     9.9ms /api/planning-strategies/?page=1&page_size=100
2026-05-25 16:18:28 | INFO    | aps             | GET    200    10.9ms /api/production-orders/?page=1&page_size=1000
2026-05-25 16:18:28 | INFO    | aps             | GET    200    10.5ms /api/planning-strategies/?page=1&page_size=100
2026-05-25 16:18:28 | INFO    | aps             | GET    200    11.2ms /api/production-orders/?page=1&page_size=1000
2026-05-25 16:18:57 | INFO    | aps             | 数据库表已就绪
2026-05-25 16:19:45 | INFO    | aps             | GET    307     0.0ms /api/production-orders?page=1&page_size=10
2026-05-25 16:19:45 | INFO    | aps             | GET    307     3.5ms /api/materials?page=1&page_size=1000
2026-05-25 16:19:45 | INFO    | aps             | GET    307     1.0ms /api/production-orders?page=1&page_size=10
2026-05-25 16:19:45 | INFO    | aps             | GET    307     1.3ms /api/materials?page=1&page_size=1000
2026-05-25 16:19:45 | INFO    | aps             | GET    200    89.2ms /api/materials/?page=1&page_size=1000
2026-05-25 16:19:45 | INFO    | aps             | GET    200   172.8ms /api/production-orders/?page=1&page_size=10
2026-05-25 16:19:45 | INFO    | aps             | GET    200     9.1ms /api/production-orders/?page=1&page_size=10
2026-05-25 16:19:45 | INFO    | aps             | GET    200    91.8ms /api/materials/?page=1&page_size=1000
2026-05-25 16:23:50 | INFO    | aps             | GET    307     1.0ms /api/production-orders?page=1&page_size=10
2026-05-25 16:23:50 | INFO    | aps             | GET    307     2.1ms /api/materials?page=1&page_size=1000
2026-05-25 16:23:50 | INFO    | aps             | GET    307     2.1ms /api/production-orders?page=1&page_size=10
2026-05-25 16:23:50 | INFO    | aps             | GET    307     0.0ms /api/materials?page=1&page_size=1000
2026-05-25 16:23:50 | INFO    | aps             | GET    200    11.1ms /api/materials/?page=1&page_size=1000
2026-05-25 16:23:50 | INFO    | aps             | GET    200    14.4ms /api/production-orders/?page=1&page_size=10
2026-05-25 16:23:50 | INFO    | aps             | GET    200    11.3ms /api/materials/?page=1&page_size=1000
2026-05-25 16:23:50 | INFO    | aps             | GET    200    12.4ms /api/production-orders/?page=1&page_size=10
2026-05-25 16:23:56 | INFO    | aps             | GET    307     0.6ms /api/planning-strategies?page=1&page_size=100
2026-05-25 16:23:56 | INFO    | aps             | GET    307     0.5ms /api/production-orders?page=1&page_size=1000
2026-05-25 16:23:56 | INFO    | aps             | GET    307     0.5ms /api/planning-strategies?page=1&page_size=100
2026-05-25 16:23:56 | INFO    | aps             | GET    307     0.0ms /api/production-orders?page=1&page_size=1000
2026-05-25 16:23:56 | INFO    | aps             | GET    200    10.1ms /api/production-orders/?page=1&page_size=1000
2026-05-25 16:23:56 | INFO    | aps             | GET    200    17.7ms /api/planning-strategies/?page=1&page_size=100
2026-05-25 16:23:56 | INFO    | aps             | GET    200    11.5ms /api/production-orders/?page=1&page_size=1000
2026-05-25 16:23:56 | INFO    | aps             | GET    200    12.0ms /api/planning-strategies/?page=1&page_size=100
2026-05-25 16:23:58 | INFO    | aps             | GET    307     0.0ms /api/production-orders?page=1&page_size=1000
2026-05-25 16:23:58 | INFO    | aps             | GET    200     8.4ms /api/production-orders/?page=1&page_size=1000
2026-05-25 16:24:04 | INFO    | aps             | GET    307     1.6ms /api/planning-strategies?page=1&page_size=100
2026-05-25 16:24:04 | INFO    | aps             | GET    307     2.5ms /api/production-orders?page=1&page_size=1000
2026-05-25 16:24:04 | INFO    | aps             | GET    307     0.0ms /api/planning-strategies?page=1&page_size=100
2026-05-25 16:24:04 | INFO    | aps             | GET    307     0.0ms /api/production-orders?page=1&page_size=1000
2026-05-25 16:24:04 | INFO    | aps             | GET    200    10.8ms /api/planning-strategies/?page=1&page_size=100
2026-05-25 16:24:04 | INFO    | aps             | GET    200    13.3ms /api/production-orders/?page=1&page_size=1000
2026-05-25 16:24:04 | INFO    | aps             | GET    200     8.2ms /api/production-orders/?page=1&page_size=1000
2026-05-25 16:24:04 | INFO    | aps             | GET    200    12.2ms /api/planning-strategies/?page=1&page_size=100
2026-05-25 16:24:06 | INFO    | aps             | GET    307     0.0ms /api/production-orders?page=1&page_size=1000
2026-05-25 16:24:06 | INFO    | aps             | GET    200     8.0ms /api/production-orders/?page=1&page_size=1000
2026-05-25 16:24:08 | INFO    | aps             | GET    307     1.0ms /api/planning-strategies?page=1&page_size=100
2026-05-25 16:24:08 | INFO    | aps             | GET    307     2.2ms /api/production-orders?page=1&page_size=1000
2026-05-25 16:24:08 | INFO    | aps             | GET    307     1.0ms /api/planning-strategies?page=1&page_size=100
2026-05-25 16:24:08 | INFO    | aps             | GET    307     0.0ms /api/production-orders?page=1&page_size=1000
2026-05-25 16:24:08 | INFO    | aps             | GET    200    14.5ms /api/planning-strategies/?page=1&page_size=100
2026-05-25 16:24:08 | INFO    | aps             | GET    200    15.5ms /api/production-orders/?page=1&page_size=1000
2026-05-25 16:24:08 | INFO    | aps             | GET    200    70.0ms /api/planning-strategies/?page=1&page_size=100
2026-05-25 16:24:08 | INFO    | aps             | GET    200   100.4ms /api/production-orders/?page=1&page_size=1000
2026-05-25 16:24:56 | INFO    | aps             | 数据库表已就绪
2026-05-25 16:25:03 | INFO    | aps             | GET    307     1.0ms /api/production-orders?page=1&page_size=1000
2026-05-25 16:25:03 | INFO    | aps             | GET    200    38.1ms /api/production-orders/?page=1&page_size=1000
2026-05-25 16:25:29 | INFO    | aps             | POST   200     5.5ms /api/smart-scheduling/generate
2026-05-25 16:25:29 | INFO    | aps.solve       | 开始排产: strategy=90a48e5ab9ba41b9a78817974a59f635, 可排产订单数=1
2026-05-25 16:25:29 | INFO    | aps.mrp         | 处理订单: code=D001 material_code=C001 quantity=3000
2026-05-25 16:25:29 | INFO    | aps.mrp         |   匹配物料: id=fadbc868875f4c2a8f909a960d19f269 code=C001 name=紫晶装备 source=PRODUCED
2026-05-25 16:25:29 | INFO    | aps.mrp         |   BOM子件数=1, 可用库存=1000
2026-05-25 16:25:29 | INFO    | aps.mrp         |   订单物料 C001 加入DAG, 需求量=3000
2026-05-25 16:25:29 | INFO    | aps.solve       | MRP完成: 缺料DAG节点数=1, 补充订单数=0
2026-05-25 16:25:29 | INFO    | aps.task_gen    | 缺料DAG: 1个节点, 0条边
2026-05-25 16:25:29 | INFO    | aps.task_gen    |   DAG节点: material=C001(fadbc868875f4c2a8f909a960d19f269) source=PRODUCED demand=3000.00
2026-05-25 16:25:29 | INFO    | aps.task_gen    | 拓扑排序后物料顺序 (1): ['fadbc868875f4c2a8f909a960d19f269']
2026-05-25 16:25:29 | INFO    | aps.task_gen    | 任务生成完成: 共生成 1 个任务, 1 个订单关联记录
2026-05-25 16:25:29 | INFO    | aps.solve       | 求解准备: 任务数=1, 资源数=1
2026-05-25 16:25:29 | INFO    | aps.solve       |   资源: id=579a3c2c code=Z001 status=NORMAL throughput=10/H
2026-05-25 16:25:29 | INFO    | aps.scheduler   |   任务 TASK-D001-G001-1(G001): qty=3000, 资源=1个, 工期=['18000']分
2026-05-25 16:25:29 | INFO    | aps.scheduler   | 构建CP模型: 总任务=1, 跳过=0, 有效=1, 资源=1
2026-05-25 16:25:29 | INFO    | aps.scheduler   | 时间窗: 静态=43200分, 动态=43200分, 总工期估算=18000分
2026-05-25 16:25:31 | INFO    | aps             | GET    200     3.5ms /api/smart-scheduling/plan/progress?task_id=c79dbc2c3ad44e5580ae340b5ab5c7ad
2026-05-25 16:25:31 | INFO    | aps             | POST   200   111.1ms /api/smart-scheduling/preview/plan/tasks
2026-05-25 16:25:31 | INFO    | aps             | POST   200   110.1ms /api/smart-scheduling/preview/plan/resource/gantt
2026-05-25 16:25:38 | INFO    | aps             | POST   200    36.8ms /api/smart-scheduling/plan/pending/confirm
2026-05-25 16:25:39 | INFO    | aps             | GET    307     0.0ms /api/production-orders?page=1&page_size=1000
2026-05-25 16:25:40 | INFO    | aps             | GET    200     8.8ms /api/production-orders/?page=1&page_size=1000
2026-05-25 16:25:41 | INFO    | aps             | GET    200    21.6ms /api/smart-scheduling/plan/tasks?page=1&page_size=10&order_id=bd3e085a9c0d410f85b618c3a726d29e
2026-05-25 16:25:41 | INFO    | aps             | POST   200    26.7ms /api/smart-scheduling/plan/resource/gantt
2026-05-25 16:26:48 | INFO    | aps             | GET    307     2.4ms /api/production-orders?page=1&page_size=10
2026-05-25 16:26:48 | INFO    | aps             | GET    307     2.5ms /api/materials?page=1&page_size=1000
2026-05-25 16:26:48 | INFO    | aps             | GET    307     0.0ms /api/production-orders?page=1&page_size=10
2026-05-25 16:26:48 | INFO    | aps             | GET    307     1.2ms /api/materials?page=1&page_size=1000
2026-05-25 16:26:48 | INFO    | aps             | GET    200     6.7ms /api/production-orders/?page=1&page_size=10
2026-05-25 16:26:48 | INFO    | aps             | GET    200    10.8ms /api/production-orders/?page=1&page_size=10
2026-05-25 16:26:48 | INFO    | aps             | GET    200    18.8ms /api/materials/?page=1&page_size=1000
2026-05-25 16:26:48 | INFO    | aps             | GET    200     6.5ms /api/materials/?page=1&page_size=1000
2026-05-25 16:26:52 | INFO    | aps             | GET    307     1.0ms /api/planning-strategies?page=1&page_size=100
2026-05-25 16:26:52 | INFO    | aps             | GET    307     1.5ms /api/production-orders?page=1&page_size=1000
2026-05-25 16:26:52 | INFO    | aps             | GET    307     0.0ms /api/planning-strategies?page=1&page_size=100
2026-05-25 16:26:52 | INFO    | aps             | GET    307     1.0ms /api/production-orders?page=1&page_size=1000
2026-05-25 16:26:52 | INFO    | aps             | GET    200    14.6ms /api/production-orders/?page=1&page_size=1000
2026-05-25 16:26:52 | INFO    | aps             | GET    200    25.0ms /api/planning-strategies/?page=1&page_size=100
2026-05-25 16:26:52 | INFO    | aps             | GET    200    68.0ms /api/production-orders/?page=1&page_size=1000
2026-05-25 16:26:52 | INFO    | aps             | GET    200    93.8ms /api/planning-strategies/?page=1&page_size=100
2026-05-25 16:26:53 | INFO    | aps             | GET    307     1.0ms /api/planning-strategies?page=1&page_size=100
2026-05-25 16:26:53 | INFO    | aps             | GET    307     1.6ms /api/production-orders?page=1&page_size=1000
2026-05-25 16:26:53 | INFO    | aps             | GET    307     1.5ms /api/planning-strategies?page=1&page_size=100
2026-05-25 16:26:53 | INFO    | aps             | GET    307     1.0ms /api/production-orders?page=1&page_size=1000
2026-05-25 16:26:53 | INFO    | aps             | GET    200    13.7ms /api/production-orders/?page=1&page_size=1000
2026-05-25 16:26:53 | INFO    | aps             | GET    200    17.2ms /api/planning-strategies/?page=1&page_size=100
2026-05-25 16:26:53 | INFO    | aps             | GET    200    10.1ms /api/production-orders/?page=1&page_size=1000
2026-05-25 16:26:53 | INFO    | aps             | GET    200    11.1ms /api/planning-strategies/?page=1&page_size=100
2026-05-25 16:26:54 | INFO    | aps             | GET    307     1.0ms /api/production-orders?page=1&page_size=1000
2026-05-25 16:26:54 | INFO    | aps             | GET    200     8.0ms /api/production-orders/?page=1&page_size=1000
2026-05-25 16:26:55 | INFO    | aps             | GET    200    13.4ms /api/smart-scheduling/plan/tasks?page=1&page_size=10&order_id=bd3e085a9c0d410f85b618c3a726d29e
2026-05-25 16:26:55 | INFO    | aps             | POST   200    16.1ms /api/smart-scheduling/plan/resource/gantt
2026-05-25 16:27:43 | INFO    | aps             | GET    307     1.5ms /api/planning-strategies?page=1&page_size=100
2026-05-25 16:27:43 | INFO    | aps             | GET    307     3.1ms /api/production-orders?page=1&page_size=1000
2026-05-25 16:27:43 | INFO    | aps             | GET    307     1.0ms /api/planning-strategies?page=1&page_size=100
2026-05-25 16:27:43 | INFO    | aps             | GET    307     1.0ms /api/production-orders?page=1&page_size=1000
2026-05-25 16:27:43 | INFO    | aps             | GET    200    10.2ms /api/planning-strategies/?page=1&page_size=100
2026-05-25 16:27:43 | INFO    | aps             | GET    200    11.8ms /api/production-orders/?page=1&page_size=1000
2026-05-25 16:27:43 | INFO    | aps             | GET    200    11.5ms /api/planning-strategies/?page=1&page_size=100
2026-05-25 16:27:43 | INFO    | aps             | GET    200    12.0ms /api/production-orders/?page=1&page_size=1000
2026-05-25 16:27:44 | INFO    | aps             | GET    307     0.0ms /api/production-orders?page=1&page_size=1000
2026-05-25 16:27:44 | INFO    | aps             | GET    200     7.6ms /api/production-orders/?page=1&page_size=1000
2026-05-25 16:27:45 | INFO    | aps             | POST   200     8.1ms /api/smart-scheduling/plan/resource/gantt
2026-05-25 16:27:45 | INFO    | aps             | GET    200    18.3ms /api/smart-scheduling/plan/tasks?page=1&page_size=10&order_id=bd3e085a9c0d410f85b618c3a726d29e
2026-05-25 16:35:15 | INFO    | aps             | 数据库表已就绪
2026-05-25 16:35:50 | INFO    | aps             | GET    307     1.0ms /api/process-routes?page=1&page_size=10
2026-05-25 16:35:50 | INFO    | aps             | GET    307     0.0ms /api/materials?page=1&page_size=1000
2026-05-25 16:35:50 | INFO    | aps             | GET    307     1.0ms /api/process-routes?page=1&page_size=10
2026-05-25 16:35:50 | INFO    | aps             | GET    307     2.0ms /api/materials?page=1&page_size=1000
2026-05-25 16:35:50 | INFO    | aps             | GET    200    74.0ms /api/process-routes/?page=1&page_size=10
2026-05-25 16:35:50 | INFO    | aps             | GET    200   133.5ms /api/materials/?page=1&page_size=1000
2026-05-25 16:35:50 | INFO    | aps             | GET    200     7.5ms /api/materials/?page=1&page_size=1000
2026-05-25 16:35:50 | INFO    | aps             | GET    200    89.7ms /api/process-routes/?page=1&page_size=10
2026-05-25 16:35:50 | INFO    | aps             | GET    307     0.5ms /api/processes?page=1&page_size=10
2026-05-25 16:35:50 | INFO    | aps             | GET    307     2.0ms /api/production-resources?page=1&page_size=1000
2026-05-25 16:35:50 | INFO    | aps             | GET    307     1.5ms /api/processes?page=1&page_size=10
2026-05-25 16:35:50 | INFO    | aps             | GET    307     5.0ms /api/production-resources?page=1&page_size=1000
2026-05-25 16:35:50 | INFO    | aps             | GET    200    21.8ms /api/processes/?page=1&page_size=10
2026-05-25 16:35:50 | INFO    | aps             | GET    200    26.2ms /api/production-resources/?page=1&page_size=1000
2026-05-25 16:35:50 | INFO    | aps             | GET    200    10.2ms /api/processes/?page=1&page_size=10
2026-05-25 16:35:50 | INFO    | aps             | GET    200     9.4ms /api/production-resources/?page=1&page_size=1000
2026-05-25 16:36:58 | INFO    | aps             | GET    200    10.7ms /api/work-modes?page=1&page_size=10
2026-05-25 16:36:58 | INFO    | aps             | GET    200     4.1ms /api/work-modes?page=1&page_size=10
2026-05-25 16:36:58 | INFO    | aps             | GET    307     1.0ms /api/process-routes?page=1&page_size=10
2026-05-25 16:36:58 | INFO    | aps             | GET    307     1.4ms /api/materials?page=1&page_size=1000
2026-05-25 16:36:58 | INFO    | aps             | GET    307     1.1ms /api/process-routes?page=1&page_size=10
2026-05-25 16:36:58 | INFO    | aps             | GET    307     0.0ms /api/materials?page=1&page_size=1000
2026-05-25 16:36:59 | INFO    | aps             | GET    200     9.0ms /api/materials/?page=1&page_size=1000
2026-05-25 16:36:59 | INFO    | aps             | GET    200    12.5ms /api/process-routes/?page=1&page_size=10
2026-05-25 16:36:59 | INFO    | aps             | GET    200     9.6ms /api/process-routes/?page=1&page_size=10
2026-05-25 16:36:59 | INFO    | aps             | GET    200    13.9ms /api/materials/?page=1&page_size=1000
2026-05-25 16:36:59 | INFO    | aps             | GET    307     1.0ms /api/incoming-material-orders?page=1&page_size=10
2026-05-25 16:36:59 | INFO    | aps             | GET    307     1.5ms /api/materials?page=1&page_size=1000
2026-05-25 16:36:59 | INFO    | aps             | GET    307     1.7ms /api/incoming-material-orders?page=1&page_size=10
2026-05-25 16:36:59 | INFO    | aps             | GET    307     5.9ms /api/materials?page=1&page_size=1000
2026-05-25 16:36:59 | INFO    | aps             | GET    200    20.1ms /api/incoming-material-orders/?page=1&page_size=10
2026-05-25 16:36:59 | INFO    | aps             | GET    200    23.1ms /api/materials/?page=1&page_size=1000
2026-05-25 16:36:59 | INFO    | aps             | GET    200     8.2ms /api/incoming-material-orders/?page=1&page_size=10
2026-05-25 16:36:59 | INFO    | aps             | GET    200     9.9ms /api/materials/?page=1&page_size=1000
2026-05-25 16:37:00 | INFO    | aps             | GET    307     0.0ms /api/production-resources?page=1&page_size=10
2026-05-25 16:37:00 | INFO    | aps             | GET    307     0.0ms /api/production-resources?page=1&page_size=10
2026-05-25 16:37:00 | INFO    | aps             | GET    200     6.3ms /api/production-resources/?page=1&page_size=10
2026-05-25 16:37:00 | INFO    | aps             | GET    200     7.5ms /api/production-resources/?page=1&page_size=10
2026-05-25 16:37:01 | INFO    | aps             | GET    307     1.1ms /api/production-orders?page=1&page_size=10
2026-05-25 16:37:01 | INFO    | aps             | GET    307     2.6ms /api/materials?page=1&page_size=1000
2026-05-25 16:37:01 | INFO    | aps             | GET    307     1.0ms /api/production-orders?page=1&page_size=10
2026-05-25 16:37:01 | INFO    | aps             | GET    307     5.6ms /api/materials?page=1&page_size=1000
2026-05-25 16:37:01 | INFO    | aps             | GET    200    21.4ms /api/production-orders/?page=1&page_size=10
2026-05-25 16:37:01 | INFO    | aps             | GET    200    23.7ms /api/materials/?page=1&page_size=1000
2026-05-25 16:37:01 | INFO    | aps             | GET    200    12.1ms /api/production-orders/?page=1&page_size=10
2026-05-25 16:37:01 | INFO    | aps             | GET    200     7.7ms /api/materials/?page=1&page_size=1000
2026-05-25 16:37:02 | INFO    | aps             | GET    307     1.0ms /api/planning-strategies?page=1&page_size=10
2026-05-25 16:37:02 | INFO    | aps             | GET    200     7.0ms /api/planning-strategies/scheduling-rule/options
2026-05-25 16:37:02 | INFO    | aps             | GET    307     1.0ms /api/planning-strategies?page=1&page_size=10
2026-05-25 16:37:02 | INFO    | aps             | GET    200     1.0ms /api/planning-strategies/scheduling-rule/options
2026-05-25 16:37:02 | INFO    | aps             | GET    200    14.6ms /api/planning-strategies/?page=1&page_size=10
2026-05-25 16:37:02 | INFO    | aps             | GET    200     7.6ms /api/planning-strategies/?page=1&page_size=10
2026-05-25 16:37:03 | INFO    | aps             | GET    307     0.0ms /api/materials?page=1&page_size=10
2026-05-25 16:37:03 | INFO    | aps             | GET    307     0.0ms /api/materials?page=1&page_size=10
2026-05-25 16:37:03 | INFO    | aps             | GET    200     9.1ms /api/materials/?page=1&page_size=10
2026-05-25 16:37:03 | INFO    | aps             | GET    200     7.4ms /api/materials/?page=1&page_size=10
2026-05-25 16:37:05 | INFO    | aps             | GET    307     0.0ms /api/planning-strategies?page=1&page_size=100
2026-05-25 16:37:05 | INFO    | aps             | GET    307     2.7ms /api/production-orders?page=1&page_size=1000
2026-05-25 16:37:05 | INFO    | aps             | GET    307     2.7ms /api/planning-strategies?page=1&page_size=100
2026-05-25 16:37:05 | INFO    | aps             | GET    307     1.5ms /api/production-orders?page=1&page_size=1000
2026-05-25 16:37:05 | INFO    | aps             | GET    200    11.9ms /api/planning-strategies/?page=1&page_size=100
2026-05-25 16:37:05 | INFO    | aps             | GET    200    15.5ms /api/production-orders/?page=1&page_size=1000
2026-05-25 16:37:05 | INFO    | aps             | GET    200     8.1ms /api/planning-strategies/?page=1&page_size=100
2026-05-25 16:37:05 | INFO    | aps             | GET    200     6.9ms /api/production-orders/?page=1&page_size=1000
2026-05-25 16:37:06 | INFO    | aps             | GET    307     1.0ms /api/planning-strategies?page=1&page_size=100
2026-05-25 16:37:06 | INFO    | aps             | GET    307     2.0ms /api/production-orders?page=1&page_size=1000
2026-05-25 16:37:06 | INFO    | aps             | GET    307     0.0ms /api/planning-strategies?page=1&page_size=100
2026-05-25 16:37:06 | INFO    | aps             | GET    307     3.1ms /api/production-orders?page=1&page_size=1000
2026-05-25 16:37:06 | INFO    | aps             | GET    200     9.7ms /api/production-orders/?page=1&page_size=1000
2026-05-25 16:37:06 | INFO    | aps             | GET    200    11.7ms /api/planning-strategies/?page=1&page_size=100
2026-05-25 16:37:06 | INFO    | aps             | GET    200    69.8ms /api/production-orders/?page=1&page_size=1000
2026-05-25 16:37:06 | INFO    | aps             | GET    200    95.6ms /api/planning-strategies/?page=1&page_size=100
2026-05-25 16:37:08 | INFO    | aps             | GET    307     1.5ms /api/production-orders?page=1&page_size=1000
2026-05-25 16:37:08 | INFO    | aps             | GET    200     7.2ms /api/production-orders/?page=1&page_size=1000
2026-05-25 16:37:10 | INFO    | aps             | GET    200    23.4ms /api/smart-scheduling/plan/tasks?page=1&page_size=10&order_id=bd3e085a9c0d410f85b618c3a726d29e
2026-05-25 16:37:10 | INFO    | aps             | POST   200    27.4ms /api/smart-scheduling/plan/resource/gantt
2026-05-25 16:37:15 | INFO    | aps             | GET    307     0.0ms /api/materials?page=1&page_size=1000
2026-05-25 16:37:15 | INFO    | aps             | GET    307     3.0ms /api/production-orders?page=1&page_size=10
2026-05-25 16:37:15 | INFO    | aps             | GET    307     1.0ms /api/materials?page=1&page_size=1000
2026-05-25 16:37:15 | INFO    | aps             | GET    307     1.5ms /api/production-orders?page=1&page_size=10
2026-05-25 16:37:15 | INFO    | aps             | GET    200     8.2ms /api/production-orders/?page=1&page_size=10
2026-05-25 16:37:15 | INFO    | aps             | GET    200    11.2ms /api/materials/?page=1&page_size=1000
2026-05-25 16:37:15 | INFO    | aps             | GET    200     8.3ms /api/production-orders/?page=1&page_size=10
2026-05-25 16:37:15 | INFO    | aps             | GET    200     8.3ms /api/materials/?page=1&page_size=1000
2026-05-25 16:40:27 | INFO    | aps             | GET    307     1.0ms /api/materials?page=1&page_size=1000
2026-05-25 16:40:27 | INFO    | aps             | GET    307     3.0ms /api/process-routes?page=1&page_size=10
2026-05-25 16:40:27 | INFO    | aps             | GET    307     0.5ms /api/materials?page=1&page_size=1000
2026-05-25 16:40:27 | INFO    | aps             | GET    307     0.5ms /api/process-routes?page=1&page_size=10
2026-05-25 16:40:27 | INFO    | aps             | GET    200    10.3ms /api/materials/?page=1&page_size=1000
2026-05-25 16:40:27 | INFO    | aps             | GET    200    11.8ms /api/process-routes/?page=1&page_size=10
2026-05-25 16:40:27 | INFO    | aps             | GET    200     9.6ms /api/materials/?page=1&page_size=1000
2026-05-25 16:40:27 | INFO    | aps             | GET    200     9.1ms /api/process-routes/?page=1&page_size=10
2026-05-25 16:40:30 | INFO    | aps             | GET    307     1.0ms /api/processes?page=1&page_size=10
2026-05-25 16:40:30 | INFO    | aps             | GET    307     2.0ms /api/production-resources?page=1&page_size=1000
2026-05-25 16:40:30 | INFO    | aps             | GET    307     1.0ms /api/processes?page=1&page_size=10
2026-05-25 16:40:30 | INFO    | aps             | GET    307     1.1ms /api/production-resources?page=1&page_size=1000
2026-05-25 16:40:30 | INFO    | aps             | GET    200    16.7ms /api/production-resources/?page=1&page_size=1000
2026-05-25 16:40:30 | INFO    | aps             | GET    200    19.7ms /api/processes/?page=1&page_size=10
2026-05-25 16:40:30 | INFO    | aps             | GET    307     1.0ms /api/materials?page=1&page_size=1000
2026-05-25 16:40:30 | INFO    | aps             | GET    200    11.0ms /api/production-resources/?page=1&page_size=1000
2026-05-25 16:40:30 | INFO    | aps             | GET    200    12.0ms /api/processes/?page=1&page_size=10
2026-05-25 16:40:30 | INFO    | aps             | GET    307     1.0ms /api/materials?page=1&page_size=1000
2026-05-25 16:40:30 | INFO    | aps             | GET    200     9.1ms /api/materials/?page=1&page_size=1000
2026-05-25 16:40:30 | INFO    | aps             | GET    200    10.6ms /api/materials/?page=1&page_size=1000
2026-05-25 16:40:31 | INFO    | aps             | GET    307     0.6ms /api/production-resources?page=1&page_size=10
2026-05-25 16:40:31 | INFO    | aps             | GET    307     0.0ms /api/production-resources?page=1&page_size=10
2026-05-25 16:40:31 | INFO    | aps             | GET    200    11.6ms /api/production-resources/?page=1&page_size=10
2026-05-25 16:40:31 | INFO    | aps             | GET    200     8.0ms /api/production-resources/?page=1&page_size=10
2026-05-25 16:40:32 | INFO    | aps             | GET    307     0.6ms /api/process-routes?page=1&page_size=10
2026-05-25 16:40:32 | INFO    | aps             | GET    307     2.0ms /api/materials?page=1&page_size=1000
2026-05-25 16:40:32 | INFO    | aps             | GET    307     1.5ms /api/process-routes?page=1&page_size=10
2026-05-25 16:40:32 | INFO    | aps             | GET    307     1.0ms /api/materials?page=1&page_size=1000
2026-05-25 16:40:32 | INFO    | aps             | GET    200    12.1ms /api/process-routes/?page=1&page_size=10
2026-05-25 16:40:32 | INFO    | aps             | GET    200    12.6ms /api/materials/?page=1&page_size=1000
2026-05-25 16:40:32 | INFO    | aps             | GET    200     8.2ms /api/process-routes/?page=1&page_size=10
2026-05-25 16:40:32 | INFO    | aps             | GET    200    10.2ms /api/materials/?page=1&page_size=1000
2026-05-25 16:40:33 | INFO    | aps             | GET    307     1.0ms /api/processes?page=1&page_size=1000
2026-05-25 16:40:33 | INFO    | aps             | GET    200     7.3ms /api/processes/?page=1&page_size=1000
2026-05-25 16:40:38 | INFO    | aps             | GET    307     0.0ms /api/production-resources?page=1&page_size=1000
2026-05-25 16:40:38 | INFO    | aps             | GET    307     2.6ms /api/processes?page=1&page_size=10
2026-05-25 16:40:38 | INFO    | aps             | GET    307     1.0ms /api/production-resources?page=1&page_size=1000
2026-05-25 16:40:38 | INFO    | aps             | GET    307     0.0ms /api/processes?page=1&page_size=10
2026-05-25 16:40:38 | INFO    | aps             | GET    200    12.9ms /api/production-resources/?page=1&page_size=1000
2026-05-25 16:40:38 | INFO    | aps             | GET    200    14.8ms /api/processes/?page=1&page_size=10
2026-05-25 16:40:39 | INFO    | aps             | GET    307     1.2ms /api/materials?page=1&page_size=1000
2026-05-25 16:40:39 | INFO    | aps             | GET    200     9.3ms /api/processes/?page=1&page_size=10
2026-05-25 16:40:39 | INFO    | aps             | GET    200    12.5ms /api/production-resources/?page=1&page_size=1000
2026-05-25 16:40:39 | INFO    | aps             | GET    307     0.0ms /api/materials?page=1&page_size=1000
2026-05-25 16:40:39 | INFO    | aps             | GET    200     8.7ms /api/materials/?page=1&page_size=1000
2026-05-25 16:40:39 | INFO    | aps             | GET    200     6.3ms /api/materials/?page=1&page_size=1000
2026-05-25 16:40:39 | INFO    | aps             | GET    307     1.1ms /api/production-resources?page=1&page_size=10
2026-05-25 16:40:39 | INFO    | aps             | GET    307     1.0ms /api/production-resources?page=1&page_size=10
2026-05-25 16:40:39 | INFO    | aps             | GET    200     8.1ms /api/production-resources/?page=1&page_size=10
2026-05-25 16:40:39 | INFO    | aps             | GET    200     8.0ms /api/production-resources/?page=1&page_size=10
2026-05-25 16:40:39 | INFO    | aps             | GET    307     1.0ms /api/materials?page=1&page_size=1000
2026-05-25 16:40:39 | INFO    | aps             | GET    307     3.5ms /api/manufacture-boms?page=1&page_size=10
2026-05-25 16:40:39 | INFO    | aps             | GET    307     5.5ms /api/materials?page=1&page_size=1000
2026-05-25 16:40:39 | INFO    | aps             | GET    307     1.0ms /api/manufacture-boms?page=1&page_size=10
2026-05-25 16:40:39 | INFO    | aps             | GET    200    12.3ms /api/materials/?page=1&page_size=1000
2026-05-25 16:40:39 | INFO    | aps             | GET    200    21.9ms /api/manufacture-boms/?page=1&page_size=10
2026-05-25 16:40:39 | INFO    | aps             | GET    200    11.1ms /api/materials/?page=1&page_size=1000
2026-05-25 16:40:39 | INFO    | aps             | GET    200     8.7ms /api/manufacture-boms/?page=1&page_size=10
2026-05-25 16:40:40 | INFO    | aps             | GET    307     1.0ms /api/incoming-material-orders?page=1&page_size=10
2026-05-25 16:40:40 | INFO    | aps             | GET    307     2.5ms /api/materials?page=1&page_size=1000
2026-05-25 16:40:40 | INFO    | aps             | GET    307     0.0ms /api/incoming-material-orders?page=1&page_size=10
2026-05-25 16:40:40 | INFO    | aps             | GET    307     0.0ms /api/materials?page=1&page_size=1000
2026-05-25 16:40:40 | INFO    | aps             | GET    200    11.1ms /api/incoming-material-orders/?page=1&page_size=10
2026-05-25 16:40:40 | INFO    | aps             | GET    200    15.0ms /api/materials/?page=1&page_size=1000
2026-05-25 16:40:41 | INFO    | aps             | GET    200     9.8ms /api/incoming-material-orders/?page=1&page_size=10
2026-05-25 16:40:41 | INFO    | aps             | GET    200     8.7ms /api/materials/?page=1&page_size=1000
2026-05-25 16:40:41 | INFO    | aps             | GET    307     1.0ms /api/manufacture-boms?page=1&page_size=10
2026-05-25 16:40:41 | INFO    | aps             | GET    307     1.7ms /api/materials?page=1&page_size=1000
2026-05-25 16:40:41 | INFO    | aps             | GET    307     0.0ms /api/manufacture-boms?page=1&page_size=10
2026-05-25 16:40:41 | INFO    | aps             | GET    307     0.0ms /api/materials?page=1&page_size=1000
2026-05-25 16:40:41 | INFO    | aps             | GET    200    10.5ms /api/manufacture-boms/?page=1&page_size=10
2026-05-25 16:40:41 | INFO    | aps             | GET    200    12.0ms /api/materials/?page=1&page_size=1000
2026-05-25 16:40:41 | INFO    | aps             | GET    200    10.0ms /api/manufacture-boms/?page=1&page_size=10
2026-05-25 16:40:41 | INFO    | aps             | GET    200     8.0ms /api/materials/?page=1&page_size=1000
2026-05-25 16:40:49 | INFO    | aps             | GET    307     0.0ms /api/materials?page=1&page_size=10
2026-05-25 16:40:49 | INFO    | aps             | GET    307     0.0ms /api/materials?page=1&page_size=10
2026-05-25 16:40:49 | INFO    | aps             | GET    200    12.8ms /api/materials/?page=1&page_size=10
2026-05-25 16:40:49 | INFO    | aps             | GET    200     7.5ms /api/materials/?page=1&page_size=10
2026-05-25 16:40:50 | INFO    | aps             | GET    200     4.1ms /api/work-modes?page=1&page_size=10
2026-05-25 16:40:50 | INFO    | aps             | GET    200     4.5ms /api/work-modes?page=1&page_size=10
2026-05-25 16:40:50 | INFO    | aps             | GET    307     1.6ms /api/incoming-material-orders?page=1&page_size=10
2026-05-25 16:40:50 | INFO    | aps             | GET    307     2.0ms /api/materials?page=1&page_size=1000
2026-05-25 16:40:50 | INFO    | aps             | GET    307     1.5ms /api/incoming-material-orders?page=1&page_size=10
2026-05-25 16:40:50 | INFO    | aps             | GET    307     0.0ms /api/materials?page=1&page_size=1000
2026-05-25 16:40:50 | INFO    | aps             | GET    200    11.5ms /api/incoming-material-orders/?page=1&page_size=10
2026-05-25 16:40:50 | INFO    | aps             | GET    200    14.3ms /api/materials/?page=1&page_size=1000
2026-05-25 16:40:50 | INFO    | aps             | GET    200     8.0ms /api/incoming-material-orders/?page=1&page_size=10
2026-05-25 16:40:50 | INFO    | aps             | GET    200     8.5ms /api/materials/?page=1&page_size=1000
2026-05-25 16:40:51 | INFO    | aps             | GET    200     4.5ms /api/work-modes?page=1&page_size=10
2026-05-25 16:40:51 | INFO    | aps             | GET    200     4.5ms /api/work-modes?page=1&page_size=10
2026-05-25 16:40:53 | INFO    | aps             | GET    307     0.5ms /api/production-resources?page=1&page_size=1000
2026-05-25 16:40:53 | INFO    | aps             | GET    307     0.5ms /api/production-resources?page=1&page_size=1000
2026-05-25 16:40:53 | INFO    | aps             | GET    200    19.5ms /api/work-modes?page=1&page_size=1000
2026-05-25 16:40:53 | INFO    | aps             | GET    200    27.6ms /api/work-calendars?page=1&page_size=10
2026-05-25 16:40:53 | INFO    | aps             | GET    200    21.7ms /api/production-resources/?page=1&page_size=1000
2026-05-25 16:40:53 | INFO    | aps             | GET    200     9.8ms /api/work-modes?page=1&page_size=1000
2026-05-25 16:40:53 | INFO    | aps             | GET    200    13.4ms /api/production-resources/?page=1&page_size=1000
2026-05-25 16:40:53 | INFO    | aps             | GET    200    14.4ms /api/work-calendars?page=1&page_size=10
2026-05-25 16:41:15 | INFO    | aps             | GET    307     0.5ms /api/processes?page=1&page_size=10
2026-05-25 16:41:15 | INFO    | aps             | GET    307     2.7ms /api/production-resources?page=1&page_size=1000
2026-05-25 16:41:15 | INFO    | aps             | GET    307     0.0ms /api/processes?page=1&page_size=10
2026-05-25 16:41:15 | INFO    | aps             | GET    307     0.0ms /api/production-resources?page=1&page_size=1000
2026-05-25 16:41:15 | INFO    | aps             | GET    200     8.7ms /api/production-resources/?page=1&page_size=1000
2026-05-25 16:41:15 | INFO    | aps             | GET    200    10.2ms /api/processes/?page=1&page_size=10
2026-05-25 16:41:15 | INFO    | aps             | GET    307     0.0ms /api/materials?page=1&page_size=1000
2026-05-25 16:41:15 | INFO    | aps             | GET    200    11.7ms /api/production-resources/?page=1&page_size=1000
2026-05-25 16:41:15 | INFO    | aps             | GET    200    10.2ms /api/processes/?page=1&page_size=10
2026-05-25 16:41:15 | INFO    | aps             | GET    307     0.0ms /api/materials?page=1&page_size=1000
2026-05-25 16:41:15 | INFO    | aps             | GET    200     7.6ms /api/materials/?page=1&page_size=1000
2026-05-25 16:41:15 | INFO    | aps             | GET    200     6.6ms /api/materials/?page=1&page_size=1000
2026-05-25 16:41:26 | INFO    | aps             | PUT    200    25.7ms /api/processes/0ad2a4d78e104e81bfff1109be13f1b9
2026-05-25 16:41:26 | INFO    | aps             | GET    307     0.0ms /api/processes?page=1&page_size=10
2026-05-25 16:41:27 | INFO    | aps             | GET    200     6.5ms /api/processes/?page=1&page_size=10
2026-05-25 16:41:31 | INFO    | aps             | GET    307     1.5ms /api/production-orders?page=1&page_size=10
2026-05-25 16:41:31 | INFO    | aps             | GET    307     2.0ms /api/materials?page=1&page_size=1000
2026-05-25 16:41:31 | INFO    | aps             | GET    307     2.5ms /api/production-orders?page=1&page_size=10
2026-05-25 16:41:31 | INFO    | aps             | GET    307     1.5ms /api/materials?page=1&page_size=1000
2026-05-25 16:41:31 | INFO    | aps             | GET    200    13.8ms /api/production-orders/?page=1&page_size=10
2026-05-25 16:41:31 | INFO    | aps             | GET    200    16.2ms /api/materials/?page=1&page_size=1000
2026-05-25 16:41:31 | INFO    | aps             | GET    200    10.2ms /api/production-orders/?page=1&page_size=10
2026-05-25 16:41:31 | INFO    | aps             | GET    200     7.6ms /api/materials/?page=1&page_size=1000
2026-05-25 16:41:38 | INFO    | aps             | PUT    200    10.6ms /api/production-orders/bd3e085a9c0d410f85b618c3a726d29e
2026-05-25 16:41:38 | INFO    | aps             | GET    307     0.5ms /api/production-orders?page=1&page_size=10
2026-05-25 16:41:38 | INFO    | aps             | GET    200     7.5ms /api/production-orders/?page=1&page_size=10
2026-05-25 16:41:41 | INFO    | aps             | GET    307     1.5ms /api/production-orders?page=1&page_size=10
2026-05-25 16:41:41 | INFO    | aps             | GET    307     2.5ms /api/materials?page=1&page_size=1000
2026-05-25 16:41:41 | INFO    | aps             | GET    307     1.0ms /api/production-orders?page=1&page_size=10
2026-05-25 16:41:41 | INFO    | aps             | GET    307     1.9ms /api/materials?page=1&page_size=1000
2026-05-25 16:41:41 | INFO    | aps             | GET    200    12.8ms /api/production-orders/?page=1&page_size=10
2026-05-25 16:41:41 | INFO    | aps             | GET    200    17.2ms /api/materials/?page=1&page_size=1000
2026-05-25 16:41:41 | INFO    | aps             | GET    200    10.8ms /api/production-orders/?page=1&page_size=10
2026-05-25 16:41:41 | INFO    | aps             | GET    200    11.8ms /api/materials/?page=1&page_size=1000
2026-05-25 16:41:43 | INFO    | aps             | GET    307     0.0ms /api/planning-strategies?page=1&page_size=100
2026-05-25 16:41:43 | INFO    | aps             | GET    307     0.5ms /api/production-orders?page=1&page_size=1000
2026-05-25 16:41:43 | INFO    | aps             | GET    307     0.5ms /api/planning-strategies?page=1&page_size=100
2026-05-25 16:41:43 | INFO    | aps             | GET    307     0.0ms /api/production-orders?page=1&page_size=1000
2026-05-25 16:41:43 | INFO    | aps             | GET    200    11.0ms /api/planning-strategies/?page=1&page_size=100
2026-05-25 16:41:43 | INFO    | aps             | GET    200    12.7ms /api/production-orders/?page=1&page_size=1000
2026-05-25 16:41:43 | INFO    | aps             | GET    200     8.1ms /api/production-orders/?page=1&page_size=1000
2026-05-25 16:41:43 | INFO    | aps             | GET    200    10.7ms /api/planning-strategies/?page=1&page_size=100
2026-05-25 16:41:45 | INFO    | aps             | GET    307     0.0ms /api/production-orders?page=1&page_size=1000
2026-05-25 16:41:45 | INFO    | aps             | GET    200     5.5ms /api/production-orders/?page=1&page_size=1000
2026-05-25 16:41:46 | INFO    | aps             | POST   200    12.8ms /api/smart-scheduling/plan/resource/gantt
2026-05-25 16:41:46 | INFO    | aps             | GET    200    14.8ms /api/smart-scheduling/plan/tasks?page=1&page_size=10&order_id=bd3e085a9c0d410f85b618c3a726d29e
2026-05-25 16:42:25 | INFO    | aps             | GET    307     1.5ms /api/production-orders?page=1&page_size=10
2026-05-25 16:42:25 | INFO    | aps             | GET    307     3.9ms /api/materials?page=1&page_size=1000
2026-05-25 16:42:25 | INFO    | aps             | GET    307     1.0ms /api/production-orders?page=1&page_size=10
2026-05-25 16:42:25 | INFO    | aps             | GET    307     0.5ms /api/materials?page=1&page_size=1000
2026-05-25 16:42:25 | INFO    | aps             | GET    200     8.7ms /api/production-orders/?page=1&page_size=10
2026-05-25 16:42:25 | INFO    | aps             | GET    200    13.1ms /api/production-orders/?page=1&page_size=10
2026-05-25 16:42:25 | INFO    | aps             | GET    200    15.9ms /api/materials/?page=1&page_size=1000
2026-05-25 16:42:25 | INFO    | aps             | GET    200     6.0ms /api/materials/?page=1&page_size=1000
2026-05-25 16:42:27 | INFO    | aps             | DELETE 204    18.4ms /api/production-orders/bd3e085a9c0d410f85b618c3a726d29e
2026-05-25 16:42:27 | INFO    | aps             | GET    307     0.0ms /api/production-orders?page=1&page_size=10
2026-05-25 16:42:27 | INFO    | aps             | GET    200     7.2ms /api/production-orders/?page=1&page_size=10
2026-05-25 16:42:47 | INFO    | aps             | POST   307     0.0ms /api/production-orders
2026-05-25 16:42:47 | INFO    | aps             | OPTIONS 200     0.0ms /api/production-orders/
2026-05-25 16:42:47 | INFO    | aps             | POST   201    29.2ms /api/production-orders/
2026-05-25 16:42:47 | INFO    | aps             | GET    307     1.0ms /api/production-orders?page=1&page_size=10
2026-05-25 16:42:47 | INFO    | aps             | GET    200     8.6ms /api/production-orders/?page=1&page_size=10
2026-05-25 16:43:21 | INFO    | aps             | POST   307     0.0ms /api/production-orders
2026-05-25 16:43:21 | INFO    | aps             | POST   201    20.3ms /api/production-orders/
2026-05-25 16:43:21 | INFO    | aps             | GET    307     1.0ms /api/production-orders?page=1&page_size=10
2026-05-25 16:43:21 | INFO    | aps             | GET    200     9.1ms /api/production-orders/?page=1&page_size=10
2026-05-25 16:43:26 | INFO    | aps             | GET    307     1.5ms /api/production-orders?page=1&page_size=1000
2026-05-25 16:43:26 | INFO    | aps             | GET    307     2.5ms /api/planning-strategies?page=1&page_size=100
2026-05-25 16:43:26 | INFO    | aps             | GET    307     0.0ms /api/production-orders?page=1&page_size=1000
2026-05-25 16:43:26 | INFO    | aps             | GET    307     0.0ms /api/planning-strategies?page=1&page_size=100
2026-05-25 16:43:26 | INFO    | aps             | GET    200    11.7ms /api/production-orders/?page=1&page_size=1000
2026-05-25 16:43:26 | INFO    | aps             | GET    200     7.1ms /api/planning-strategies/?page=1&page_size=100
2026-05-25 16:43:26 | INFO    | aps             | GET    200     9.7ms /api/production-orders/?page=1&page_size=1000
2026-05-25 16:43:26 | INFO    | aps             | GET    200     8.2ms /api/planning-strategies/?page=1&page_size=100
2026-05-25 16:43:31 | INFO    | aps             | POST   200     3.6ms /api/smart-scheduling/generate
2026-05-25 16:43:31 | INFO    | aps.solve       | 开始排产: strategy=90a48e5ab9ba41b9a78817974a59f635, 可排产订单数=2
2026-05-25 16:43:31 | INFO    | aps.mrp         | 处理订单: code=D001 material_code=C001 quantity=3000
2026-05-25 16:43:31 | INFO    | aps.mrp         |   匹配物料: id=fadbc868875f4c2a8f909a960d19f269 code=C001 name=紫晶装备 source=PRODUCED
2026-05-25 16:43:31 | INFO    | aps.mrp         |   BOM子件数=1, 可用库存=1000
2026-05-25 16:43:31 | INFO    | aps.mrp         |   订单物料 C001 加入DAG, 需求量=3000
2026-05-25 16:43:31 | INFO    | aps.mrp         | 处理订单: code=D002 material_code=C001 quantity=2000
2026-05-25 16:43:31 | INFO    | aps.mrp         |   匹配物料: id=fadbc868875f4c2a8f909a960d19f269 code=C001 name=紫晶装备 source=PRODUCED
2026-05-25 16:43:31 | INFO    | aps.mrp         |   BOM子件数=1, 可用库存=1000
2026-05-25 16:43:31 | INFO    | aps.solve       | MRP完成: 缺料DAG节点数=1, 补充订单数=0
2026-05-25 16:43:31 | INFO    | aps.task_gen    | 缺料DAG: 1个节点, 0条边
2026-05-25 16:43:31 | INFO    | aps.task_gen    |   DAG节点: material=C001(fadbc868875f4c2a8f909a960d19f269) source=PRODUCED demand=5000.00
2026-05-25 16:43:31 | INFO    | aps.task_gen    | 拓扑排序后物料顺序 (1): ['fadbc868875f4c2a8f909a960d19f269']
2026-05-25 16:43:31 | INFO    | aps.task_gen    | 任务生成完成: 共生成 1 个任务, 1 个订单关联记录
2026-05-25 16:43:31 | INFO    | aps.solve       | 求解准备: 任务数=1, 资源数=1
2026-05-25 16:43:31 | INFO    | aps.solve       |   资源: id=579a3c2c code=Z001 status=NORMAL throughput=10/H
2026-05-25 16:43:31 | INFO    | aps.scheduler   |   任务 TASK-D001-G001-1(G001): qty=5000, 资源=1个, 工期=['30000']分
2026-05-25 16:43:31 | INFO    | aps.scheduler   | 构建CP模型: 总任务=1, 跳过=0, 有效=1, 资源=1
2026-05-25 16:43:31 | INFO    | aps.scheduler   | 时间窗: 静态=43200分, 动态=46440分, 总工期估算=30000分
2026-05-25 16:43:33 | INFO    | aps             | GET    200     3.7ms /api/smart-scheduling/plan/progress?task_id=9b7566b249ae4ab7942a7593aababd97
2026-05-25 16:43:33 | INFO    | aps             | POST   200    29.8ms /api/smart-scheduling/preview/plan/tasks
2026-05-25 16:43:33 | INFO    | aps             | POST   200    28.8ms /api/smart-scheduling/preview/plan/resource/gantt
2026-05-25 16:44:00 | INFO    | aps             | POST   200    19.3ms /api/smart-scheduling/plan/pending/cancel
2026-05-25 16:44:08 | INFO    | aps             | POST   200     1.0ms /api/smart-scheduling/generate
2026-05-25 16:44:08 | INFO    | aps.solve       | 开始排产: strategy=90a48e5ab9ba41b9a78817974a59f635, 可排产订单数=2
2026-05-25 16:44:08 | INFO    | aps.mrp         | 处理订单: code=D001 material_code=C001 quantity=3000
2026-05-25 16:44:08 | INFO    | aps.mrp         |   匹配物料: id=fadbc868875f4c2a8f909a960d19f269 code=C001 name=紫晶装备 source=PRODUCED
2026-05-25 16:44:08 | INFO    | aps.mrp         |   BOM子件数=1, 可用库存=1000
2026-05-25 16:44:08 | INFO    | aps.mrp         |   订单物料 C001 加入DAG, 需求量=3000
2026-05-25 16:44:08 | INFO    | aps.mrp         | 处理订单: code=D002 material_code=C001 quantity=2000
2026-05-25 16:44:08 | INFO    | aps.mrp         |   匹配物料: id=fadbc868875f4c2a8f909a960d19f269 code=C001 name=紫晶装备 source=PRODUCED
2026-05-25 16:44:08 | INFO    | aps.mrp         |   BOM子件数=1, 可用库存=1000
2026-05-25 16:44:08 | INFO    | aps.solve       | MRP完成: 缺料DAG节点数=1, 补充订单数=0
2026-05-25 16:44:08 | INFO    | aps.task_gen    | 缺料DAG: 1个节点, 0条边
2026-05-25 16:44:08 | INFO    | aps.task_gen    |   DAG节点: material=C001(fadbc868875f4c2a8f909a960d19f269) source=PRODUCED demand=5000.00
2026-05-25 16:44:08 | INFO    | aps.task_gen    | 拓扑排序后物料顺序 (1): ['fadbc868875f4c2a8f909a960d19f269']
2026-05-25 16:44:08 | INFO    | aps.task_gen    | 任务生成完成: 共生成 1 个任务, 1 个订单关联记录
2026-05-25 16:44:08 | INFO    | aps.solve       | 求解准备: 任务数=1, 资源数=1
2026-05-25 16:44:08 | INFO    | aps.solve       |   资源: id=579a3c2c code=Z001 status=NORMAL throughput=10/H
2026-05-25 16:44:08 | INFO    | aps.scheduler   |   任务 TASK-D001-G001-1(G001): qty=5000, 资源=1个, 工期=['30000']分
2026-05-25 16:44:08 | INFO    | aps.scheduler   | 构建CP模型: 总任务=1, 跳过=0, 有效=1, 资源=1
2026-05-25 16:44:08 | INFO    | aps.scheduler   | 时间窗: 静态=43200分, 动态=46440分, 总工期估算=30000分
2026-05-25 16:44:10 | INFO    | aps             | GET    200     1.0ms /api/smart-scheduling/plan/progress?task_id=a9502b8e567b441ca92b7a5fd9ae7dfb
2026-05-25 16:44:10 | INFO    | aps             | POST   200     6.3ms /api/smart-scheduling/preview/plan/tasks
2026-05-25 16:44:10 | INFO    | aps             | POST   200    14.6ms /api/smart-scheduling/preview/plan/resource/gantt
2026-05-25 16:44:22 | INFO    | aps             | GET    307     2.1ms /api/planning-strategies?page=1&page_size=10
2026-05-25 16:44:22 | INFO    | aps             | GET    200     5.1ms /api/planning-strategies/scheduling-rule/options
2026-05-25 16:44:22 | INFO    | aps             | GET    307     0.0ms /api/planning-strategies?page=1&page_size=10
2026-05-25 16:44:22 | INFO    | aps             | GET    200     1.0ms /api/planning-strategies/scheduling-rule/options
2026-05-25 16:44:22 | INFO    | aps             | GET    200     7.7ms /api/planning-strategies/?page=1&page_size=10
2026-05-25 16:44:23 | INFO    | aps             | GET    200     9.4ms /api/planning-strategies/?page=1&page_size=10
2026-05-25 16:44:23 | INFO    | aps             | GET    307     1.0ms /api/production-orders?page=1&page_size=10
2026-05-25 16:44:23 | INFO    | aps             | GET    307     3.5ms /api/materials?page=1&page_size=1000
2026-05-25 16:44:23 | INFO    | aps             | GET    307     0.5ms /api/production-orders?page=1&page_size=10
2026-05-25 16:44:23 | INFO    | aps             | GET    307     1.1ms /api/materials?page=1&page_size=1000
2026-05-25 16:44:23 | INFO    | aps             | GET    200    15.0ms /api/production-orders/?page=1&page_size=10
2026-05-25 16:44:23 | INFO    | aps             | GET    200    14.2ms /api/materials/?page=1&page_size=1000
2026-05-25 16:44:23 | INFO    | aps             | GET    200    12.0ms /api/production-orders/?page=1&page_size=10
2026-05-25 16:44:23 | INFO    | aps             | GET    200    10.2ms /api/materials/?page=1&page_size=1000
2026-05-25 16:44:34 | INFO    | aps             | PUT    200    20.2ms /api/production-orders/bb20ea266fb047bea8ce115c1b0dcf5a
2026-05-25 16:44:34 | INFO    | aps             | GET    307     1.0ms /api/production-orders?page=1&page_size=10
2026-05-25 16:44:34 | INFO    | aps             | GET    200     7.9ms /api/production-orders/?page=1&page_size=10
2026-05-25 16:44:38 | INFO    | aps             | GET    307     1.0ms /api/planning-strategies?page=1&page_size=100
2026-05-25 16:44:38 | INFO    | aps             | GET    307     2.0ms /api/production-orders?page=1&page_size=1000
2026-05-25 16:44:38 | INFO    | aps             | GET    307     3.3ms /api/planning-strategies?page=1&page_size=100
2026-05-25 16:44:38 | INFO    | aps             | GET    307     0.0ms /api/production-orders?page=1&page_size=1000
2026-05-25 16:44:38 | INFO    | aps             | GET    200    11.9ms /api/planning-strategies/?page=1&page_size=100
2026-05-25 16:44:38 | INFO    | aps             | GET    200    13.8ms /api/production-orders/?page=1&page_size=1000
2026-05-25 16:44:38 | INFO    | aps             | GET    200    10.4ms /api/planning-strategies/?page=1&page_size=100
2026-05-25 16:44:38 | INFO    | aps             | GET    200     8.6ms /api/production-orders/?page=1&page_size=1000
2026-05-25 16:44:40 | INFO    | aps             | POST   200     1.2ms /api/smart-scheduling/generate
2026-05-25 16:44:40 | INFO    | aps.solve       | 开始排产: strategy=90a48e5ab9ba41b9a78817974a59f635, 可排产订单数=2
2026-05-25 16:44:40 | INFO    | aps.mrp         | 处理订单: code=D001 material_code=C001 quantity=3000
2026-05-25 16:44:40 | INFO    | aps.mrp         |   匹配物料: id=fadbc868875f4c2a8f909a960d19f269 code=C001 name=紫晶装备 source=PRODUCED
2026-05-25 16:44:40 | INFO    | aps.mrp         |   BOM子件数=1, 可用库存=1000
2026-05-25 16:44:40 | INFO    | aps.mrp         |   订单物料 C001 加入DAG, 需求量=3000
2026-05-25 16:44:40 | INFO    | aps.mrp         | 处理订单: code=D002 material_code=C001 quantity=2000
2026-05-25 16:44:40 | INFO    | aps.mrp         |   匹配物料: id=fadbc868875f4c2a8f909a960d19f269 code=C001 name=紫晶装备 source=PRODUCED
2026-05-25 16:44:40 | INFO    | aps.mrp         |   BOM子件数=1, 可用库存=1000
2026-05-25 16:44:41 | INFO    | aps.solve       | MRP完成: 缺料DAG节点数=1, 补充订单数=0
2026-05-25 16:44:41 | INFO    | aps.task_gen    | 缺料DAG: 1个节点, 0条边
2026-05-25 16:44:41 | INFO    | aps.task_gen    |   DAG节点: material=C001(fadbc868875f4c2a8f909a960d19f269) source=PRODUCED demand=5000.00
2026-05-25 16:44:41 | INFO    | aps.task_gen    | 拓扑排序后物料顺序 (1): ['fadbc868875f4c2a8f909a960d19f269']
2026-05-25 16:44:41 | INFO    | aps.task_gen    | 任务生成完成: 共生成 1 个任务, 1 个订单关联记录
2026-05-25 16:44:41 | INFO    | aps.solve       | 求解准备: 任务数=1, 资源数=1
2026-05-25 16:44:41 | INFO    | aps.solve       |   资源: id=579a3c2c code=Z001 status=NORMAL throughput=10/H
2026-05-25 16:44:41 | INFO    | aps.scheduler   |   任务 TASK-D001-G001-1(G001): qty=5000, 资源=1个, 工期=['30000']分
2026-05-25 16:44:41 | INFO    | aps.scheduler   | 构建CP模型: 总任务=1, 跳过=0, 有效=1, 资源=1
2026-05-25 16:44:41 | INFO    | aps.scheduler   | 时间窗: 静态=43200分, 动态=46440分, 总工期估算=30000分
2026-05-25 16:44:42 | INFO    | aps             | GET    200     1.5ms /api/smart-scheduling/plan/progress?task_id=dc815aa8f8e64fe5a05628674a002faf
2026-05-25 16:44:43 | INFO    | aps             | POST   200    12.1ms /api/smart-scheduling/preview/plan/resource/gantt
2026-05-25 16:44:43 | INFO    | aps             | POST   200    14.3ms /api/smart-scheduling/preview/plan/tasks
2026-05-25 16:45:02 | INFO    | aps             | POST   200    13.1ms /api/smart-scheduling/plan/pending/cancel
2026-05-25 16:45:03 | INFO    | aps             | GET    307     0.0ms /api/production-orders?page=1&page_size=1000
2026-05-25 16:45:04 | INFO    | aps             | GET    200     7.1ms /api/production-orders/?page=1&page_size=1000
2026-05-25 16:45:07 | INFO    | aps             | GET    307     1.0ms /api/planning-strategies?page=1&page_size=10
2026-05-25 16:45:07 | INFO    | aps             | GET    200     2.5ms /api/planning-strategies/scheduling-rule/options
2026-05-25 16:45:07 | INFO    | aps             | GET    307     1.1ms /api/planning-strategies?page=1&page_size=10
2026-05-25 16:45:07 | INFO    | aps             | GET    200     2.0ms /api/planning-strategies/scheduling-rule/options
2026-05-25 16:45:07 | INFO    | aps             | GET    200    11.7ms /api/planning-strategies/?page=1&page_size=10
2026-05-25 16:45:07 | INFO    | aps             | GET    200     8.6ms /api/planning-strategies/?page=1&page_size=10
2026-05-25 16:45:08 | INFO    | aps             | GET    307     1.0ms /api/production-orders?page=1&page_size=10
2026-05-25 16:45:08 | INFO    | aps             | GET    307     2.5ms /api/materials?page=1&page_size=1000
2026-05-25 16:45:08 | INFO    | aps             | GET    307     1.0ms /api/production-orders?page=1&page_size=10
2026-05-25 16:45:08 | INFO    | aps             | GET    307     2.5ms /api/materials?page=1&page_size=1000
2026-05-25 16:45:08 | INFO    | aps             | GET    200    12.2ms /api/production-orders/?page=1&page_size=10
2026-05-25 16:45:08 | INFO    | aps             | GET    200    17.6ms /api/materials/?page=1&page_size=1000
2026-05-25 16:45:08 | INFO    | aps             | GET    200    11.4ms /api/production-orders/?page=1&page_size=10
2026-05-25 16:45:08 | INFO    | aps             | GET    200    10.8ms /api/materials/?page=1&page_size=1000
2026-05-25 16:46:38 | INFO    | aps             | GET    307     0.6ms /api/planning-strategies?page=1&page_size=100
2026-05-25 16:46:38 | INFO    | aps             | GET    307     3.3ms /api/production-orders?page=1&page_size=1000
2026-05-25 16:46:38 | INFO    | aps             | GET    307     1.0ms /api/planning-strategies?page=1&page_size=100
2026-05-25 16:46:38 | INFO    | aps             | GET    307     1.0ms /api/production-orders?page=1&page_size=1000
2026-05-25 16:46:39 | INFO    | aps             | GET    200     7.9ms /api/production-orders/?page=1&page_size=1000
2026-05-25 16:46:39 | INFO    | aps             | GET    200    11.4ms /api/planning-strategies/?page=1&page_size=100
2026-05-25 16:46:39 | INFO    | aps             | GET    200     8.5ms /api/planning-strategies/?page=1&page_size=100
2026-05-25 16:46:39 | INFO    | aps             | GET    200    11.6ms /api/production-orders/?page=1&page_size=1000
2026-05-25 16:46:41 | INFO    | aps             | POST   200     1.0ms /api/smart-scheduling/generate
2026-05-25 16:46:41 | INFO    | aps.solve       | 开始排产: strategy=90a48e5ab9ba41b9a78817974a59f635, 可排产订单数=2
2026-05-25 16:46:41 | INFO    | aps.mrp         | 处理订单: code=D001 material_code=C001 quantity=3000
2026-05-25 16:46:41 | INFO    | aps.mrp         |   匹配物料: id=fadbc868875f4c2a8f909a960d19f269 code=C001 name=紫晶装备 source=PRODUCED
2026-05-25 16:46:41 | INFO    | aps.mrp         |   BOM子件数=1, 可用库存=1000
2026-05-25 16:46:41 | INFO    | aps.mrp         |   订单物料 C001 加入DAG, 需求量=3000
2026-05-25 16:46:41 | INFO    | aps.mrp         | 处理订单: code=D002 material_code=C001 quantity=2000
2026-05-25 16:46:41 | INFO    | aps.mrp         |   匹配物料: id=fadbc868875f4c2a8f909a960d19f269 code=C001 name=紫晶装备 source=PRODUCED
2026-05-25 16:46:41 | INFO    | aps.mrp         |   BOM子件数=1, 可用库存=1000
2026-05-25 16:46:41 | INFO    | aps.solve       | MRP完成: 缺料DAG节点数=1, 补充订单数=0
2026-05-25 16:46:41 | INFO    | aps.task_gen    | 缺料DAG: 1个节点, 0条边
2026-05-25 16:46:41 | INFO    | aps.task_gen    |   DAG节点: material=C001(fadbc868875f4c2a8f909a960d19f269) source=PRODUCED demand=5000.00
2026-05-25 16:46:41 | INFO    | aps.task_gen    | 拓扑排序后物料顺序 (1): ['fadbc868875f4c2a8f909a960d19f269']
2026-05-25 16:46:41 | INFO    | aps.task_gen    | 任务生成完成: 共生成 1 个任务, 1 个订单关联记录
2026-05-25 16:46:41 | INFO    | aps.solve       | 求解准备: 任务数=1, 资源数=1
2026-05-25 16:46:41 | INFO    | aps.solve       |   资源: id=579a3c2c code=Z001 status=NORMAL throughput=10/H
2026-05-25 16:46:41 | INFO    | aps.scheduler   |   任务 TASK-D001-G001-1(G001): qty=5000, 资源=1个, 工期=['30000']分
2026-05-25 16:46:41 | INFO    | aps.scheduler   | 构建CP模型: 总任务=1, 跳过=0, 有效=1, 资源=1
2026-05-25 16:46:41 | INFO    | aps.scheduler   | 时间窗: 静态=43200分, 动态=46440分, 总工期估算=30000分
2026-05-25 16:46:43 | INFO    | aps             | GET    200     0.0ms /api/smart-scheduling/plan/progress?task_id=2d320279d8d047b884508efeb052c28f
2026-05-25 16:46:43 | INFO    | aps             | POST   200    13.1ms /api/smart-scheduling/preview/plan/resource/gantt
2026-05-25 16:46:43 | INFO    | aps             | POST   200    15.2ms /api/smart-scheduling/preview/plan/tasks
2026-05-25 16:46:50 | INFO    | aps             | GET    307     0.0ms /api/planning-strategies?page=1&page_size=100
2026-05-25 16:46:50 | INFO    | aps             | GET    307     2.6ms /api/production-orders?page=1&page_size=1000
2026-05-25 16:46:50 | INFO    | aps             | GET    307     1.0ms /api/planning-strategies?page=1&page_size=100
2026-05-25 16:46:50 | INFO    | aps             | GET    307     1.0ms /api/production-orders?page=1&page_size=1000
2026-05-25 16:46:50 | INFO    | aps             | GET    200    12.5ms /api/planning-strategies/?page=1&page_size=100
2026-05-25 16:46:50 | INFO    | aps             | GET    200    14.8ms /api/production-orders/?page=1&page_size=1000
2026-05-25 16:46:50 | INFO    | aps             | GET    200    11.7ms /api/planning-strategies/?page=1&page_size=100
2026-05-25 16:46:50 | INFO    | aps             | GET    200    11.0ms /api/production-orders/?page=1&page_size=1000
2026-05-25 16:46:55 | INFO    | aps             | POST   200     1.5ms /api/smart-scheduling/generate
2026-05-25 16:46:55 | INFO    | aps.solve       | 开始排产: strategy=90a48e5ab9ba41b9a78817974a59f635, 可排产订单数=2
2026-05-25 16:46:55 | INFO    | aps.mrp         | 处理订单: code=D001 material_code=C001 quantity=3000
2026-05-25 16:46:55 | INFO    | aps.mrp         |   匹配物料: id=fadbc868875f4c2a8f909a960d19f269 code=C001 name=紫晶装备 source=PRODUCED
2026-05-25 16:46:55 | INFO    | aps.mrp         |   BOM子件数=1, 可用库存=1000
2026-05-25 16:46:55 | INFO    | aps.mrp         |   订单物料 C001 加入DAG, 需求量=3000
2026-05-25 16:46:55 | INFO    | aps.mrp         | 处理订单: code=D002 material_code=C001 quantity=2000
2026-05-25 16:46:55 | INFO    | aps.mrp         |   匹配物料: id=fadbc868875f4c2a8f909a960d19f269 code=C001 name=紫晶装备 source=PRODUCED
2026-05-25 16:46:55 | INFO    | aps.mrp         |   BOM子件数=1, 可用库存=1000
2026-05-25 16:46:55 | INFO    | aps.solve       | MRP完成: 缺料DAG节点数=1, 补充订单数=0
2026-05-25 16:46:55 | INFO    | aps.task_gen    | 缺料DAG: 1个节点, 0条边
2026-05-25 16:46:55 | INFO    | aps.task_gen    |   DAG节点: material=C001(fadbc868875f4c2a8f909a960d19f269) source=PRODUCED demand=5000.00
2026-05-25 16:46:55 | INFO    | aps.task_gen    | 拓扑排序后物料顺序 (1): ['fadbc868875f4c2a8f909a960d19f269']
2026-05-25 16:46:55 | INFO    | aps.task_gen    | 任务生成完成: 共生成 1 个任务, 1 个订单关联记录
2026-05-25 16:46:55 | INFO    | aps.solve       | 求解准备: 任务数=1, 资源数=1
2026-05-25 16:46:55 | INFO    | aps.solve       |   资源: id=579a3c2c code=Z001 status=NORMAL throughput=10/H
2026-05-25 16:46:55 | INFO    | aps.scheduler   |   任务 TASK-D001-G001-1(G001): qty=5000, 资源=1个, 工期=['30000']分
2026-05-25 16:46:55 | INFO    | aps.scheduler   | 构建CP模型: 总任务=1, 跳过=0, 有效=1, 资源=1
2026-05-25 16:46:55 | INFO    | aps.scheduler   | 时间窗: 静态=43200分, 动态=46440分, 总工期估算=30000分
2026-05-25 16:46:57 | INFO    | aps             | GET    200     0.0ms /api/smart-scheduling/plan/progress?task_id=772591bafa3f4621a75932c9e5d55903
2026-05-25 16:46:57 | INFO    | aps             | POST   200    11.6ms /api/smart-scheduling/preview/plan/resource/gantt
2026-05-25 16:46:57 | INFO    | aps             | POST   200    16.2ms /api/smart-scheduling/preview/plan/tasks
2026-05-25 16:47:10 | INFO    | aps             | GET    307     0.0ms /api/planning-strategies?page=1&page_size=100
2026-05-25 16:47:10 | INFO    | aps             | GET    307     3.5ms /api/production-orders?page=1&page_size=1000
2026-05-25 16:47:10 | INFO    | aps             | GET    307     1.0ms /api/planning-strategies?page=1&page_size=100
2026-05-25 16:47:10 | INFO    | aps             | GET    307     1.0ms /api/production-orders?page=1&page_size=1000
2026-05-25 16:47:11 | INFO    | aps             | GET    200     8.1ms /api/production-orders/?page=1&page_size=1000
2026-05-25 16:47:11 | INFO    | aps             | GET    200    10.6ms /api/planning-strategies/?page=1&page_size=100
2026-05-25 16:47:11 | INFO    | aps             | GET    200     6.7ms /api/planning-strategies/?page=1&page_size=100
2026-05-25 16:47:11 | INFO    | aps             | GET    200    12.4ms /api/production-orders/?page=1&page_size=1000
2026-05-25 16:48:32 | INFO    | aps             | GET    307     1.0ms /api/production-orders?page=1&page_size=1000
2026-05-25 16:48:32 | INFO    | aps             | GET    200     7.5ms /api/production-orders/?page=1&page_size=1000
2026-05-25 16:48:35 | INFO    | aps             | GET    307     1.0ms /api/planning-strategies?page=1&page_size=100
2026-05-25 16:48:35 | INFO    | aps             | GET    307     0.0ms /api/production-orders?page=1&page_size=1000
2026-05-25 16:48:35 | INFO    | aps             | GET    307     2.5ms /api/planning-strategies?page=1&page_size=100
2026-05-25 16:48:35 | INFO    | aps             | GET    307     1.0ms /api/production-orders?page=1&page_size=1000
2026-05-25 16:48:35 | INFO    | aps             | GET    200    14.7ms /api/planning-strategies/?page=1&page_size=100
2026-05-25 16:48:35 | INFO    | aps             | GET    200    20.5ms /api/production-orders/?page=1&page_size=1000
2026-05-25 16:48:35 | INFO    | aps             | GET    200    10.9ms /api/planning-strategies/?page=1&page_size=100
2026-05-25 16:48:35 | INFO    | aps             | GET    200    10.2ms /api/production-orders/?page=1&page_size=1000
2026-05-25 16:48:42 | INFO    | aps             | GET    307     1.0ms /api/planning-strategies?page=1&page_size=100
2026-05-25 16:48:42 | INFO    | aps             | GET    307     0.0ms /api/production-orders?page=1&page_size=1000
2026-05-25 16:48:42 | INFO    | aps             | GET    307     0.0ms /api/planning-strategies?page=1&page_size=100
2026-05-25 16:48:42 | INFO    | aps             | GET    307     1.5ms /api/production-orders?page=1&page_size=1000
2026-05-25 16:48:42 | INFO    | aps             | GET    200    10.1ms /api/planning-strategies/?page=1&page_size=100
2026-05-25 16:48:42 | INFO    | aps             | GET    200    11.2ms /api/production-orders/?page=1&page_size=1000
2026-05-25 16:48:42 | INFO    | aps             | GET    200    10.3ms /api/planning-strategies/?page=1&page_size=100
2026-05-25 16:48:42 | INFO    | aps             | GET    200    10.8ms /api/production-orders/?page=1&page_size=1000
2026-05-25 16:48:48 | INFO    | aps             | POST   200     1.0ms /api/smart-scheduling/generate
2026-05-25 16:48:48 | INFO    | aps.solve       | 开始排产: strategy=90a48e5ab9ba41b9a78817974a59f635, 可排产订单数=2
2026-05-25 16:48:48 | INFO    | aps.mrp         | 处理订单: code=D001 material_code=C001 quantity=3000
2026-05-25 16:48:48 | INFO    | aps.mrp         |   匹配物料: id=fadbc868875f4c2a8f909a960d19f269 code=C001 name=紫晶装备 source=PRODUCED
2026-05-25 16:48:48 | INFO    | aps.mrp         |   BOM子件数=1, 可用库存=1000
2026-05-25 16:48:48 | INFO    | aps.mrp         |   订单物料 C001 加入DAG, 需求量=3000
2026-05-25 16:48:48 | INFO    | aps.mrp         | 处理订单: code=D002 material_code=C001 quantity=2000
2026-05-25 16:48:48 | INFO    | aps.mrp         |   匹配物料: id=fadbc868875f4c2a8f909a960d19f269 code=C001 name=紫晶装备 source=PRODUCED
2026-05-25 16:48:48 | INFO    | aps.mrp         |   BOM子件数=1, 可用库存=1000
2026-05-25 16:48:49 | INFO    | aps.solve       | MRP完成: 缺料DAG节点数=1, 补充订单数=0
2026-05-25 16:48:49 | INFO    | aps.task_gen    | 缺料DAG: 1个节点, 0条边
2026-05-25 16:48:49 | INFO    | aps.task_gen    |   DAG节点: material=C001(fadbc868875f4c2a8f909a960d19f269) source=PRODUCED demand=5000.00
2026-05-25 16:48:49 | INFO    | aps.task_gen    | 拓扑排序后物料顺序 (1): ['fadbc868875f4c2a8f909a960d19f269']
2026-05-25 16:48:49 | INFO    | aps.task_gen    | 任务生成完成: 共生成 1 个任务, 1 个订单关联记录
2026-05-25 16:48:49 | INFO    | aps.solve       | 求解准备: 任务数=1, 资源数=1
2026-05-25 16:48:49 | INFO    | aps.solve       |   资源: id=579a3c2c code=Z001 status=NORMAL throughput=10/H
2026-05-25 16:48:49 | INFO    | aps.scheduler   |   任务 TASK-D001-G001-1(G001): qty=5000, 资源=1个, 工期=['30000']分
2026-05-25 16:48:49 | INFO    | aps.scheduler   | 构建CP模型: 总任务=1, 跳过=0, 有效=1, 资源=1
2026-05-25 16:48:49 | INFO    | aps.scheduler   | 时间窗: 静态=43200分, 动态=46440分, 总工期估算=30000分
2026-05-25 16:48:50 | INFO    | aps             | GET    200     0.0ms /api/smart-scheduling/plan/progress?task_id=d3f67452186f41128111ce8c8abad096
2026-05-25 16:48:51 | INFO    | aps             | POST   200    11.6ms /api/smart-scheduling/preview/plan/tasks
2026-05-25 16:48:51 | INFO    | aps             | POST   200    12.6ms /api/smart-scheduling/preview/plan/resource/gantt
2026-05-25 16:48:57 | INFO    | aps             | GET    307     0.0ms /api/planning-strategies?page=1&page_size=100
2026-05-25 16:48:57 | INFO    | aps             | GET    307     2.5ms /api/production-orders?page=1&page_size=1000
2026-05-25 16:48:57 | INFO    | aps             | GET    307     1.1ms /api/planning-strategies?page=1&page_size=100
2026-05-25 16:48:57 | INFO    | aps             | GET    307     1.5ms /api/production-orders?page=1&page_size=1000
2026-05-25 16:48:57 | INFO    | aps             | GET    200    12.5ms /api/planning-strategies/?page=1&page_size=100
2026-05-25 16:48:57 | INFO    | aps             | GET    200    14.4ms /api/production-orders/?page=1&page_size=1000
2026-05-25 16:48:57 | INFO    | aps             | GET    200    11.6ms /api/production-orders/?page=1&page_size=1000
2026-05-25 16:48:57 | INFO    | aps             | GET    200    15.6ms /api/planning-strategies/?page=1&page_size=100
2026-05-25 16:49:03 | INFO    | aps             | POST   200     1.6ms /api/smart-scheduling/generate
2026-05-25 16:49:03 | INFO    | aps.solve       | 开始排产: strategy=90a48e5ab9ba41b9a78817974a59f635, 可排产订单数=2
2026-05-25 16:49:03 | INFO    | aps.mrp         | 处理订单: code=D001 material_code=C001 quantity=3000
2026-05-25 16:49:03 | INFO    | aps.mrp         |   匹配物料: id=fadbc868875f4c2a8f909a960d19f269 code=C001 name=紫晶装备 source=PRODUCED
2026-05-25 16:49:03 | INFO    | aps.mrp         |   BOM子件数=1, 可用库存=1000
2026-05-25 16:49:03 | INFO    | aps.mrp         |   订单物料 C001 加入DAG, 需求量=3000
2026-05-25 16:49:03 | INFO    | aps.mrp         | 处理订单: code=D002 material_code=C001 quantity=2000
2026-05-25 16:49:03 | INFO    | aps.mrp         |   匹配物料: id=fadbc868875f4c2a8f909a960d19f269 code=C001 name=紫晶装备 source=PRODUCED
2026-05-25 16:49:03 | INFO    | aps.mrp         |   BOM子件数=1, 可用库存=1000
2026-05-25 16:49:03 | INFO    | aps.solve       | MRP完成: 缺料DAG节点数=1, 补充订单数=0
2026-05-25 16:49:03 | INFO    | aps.task_gen    | 缺料DAG: 1个节点, 0条边
2026-05-25 16:49:03 | INFO    | aps.task_gen    |   DAG节点: material=C001(fadbc868875f4c2a8f909a960d19f269) source=PRODUCED demand=5000.00
2026-05-25 16:49:03 | INFO    | aps.task_gen    | 拓扑排序后物料顺序 (1): ['fadbc868875f4c2a8f909a960d19f269']
2026-05-25 16:49:03 | INFO    | aps.task_gen    | 任务生成完成: 共生成 1 个任务, 1 个订单关联记录
2026-05-25 16:49:03 | INFO    | aps.solve       | 求解准备: 任务数=1, 资源数=1
2026-05-25 16:49:03 | INFO    | aps.solve       |   资源: id=579a3c2c code=Z001 status=NORMAL throughput=10/H
2026-05-25 16:49:03 | INFO    | aps.scheduler   |   任务 TASK-D001-G001-1(G001): qty=5000, 资源=1个, 工期=['30000']分
2026-05-25 16:49:03 | INFO    | aps.scheduler   | 构建CP模型: 总任务=1, 跳过=0, 有效=1, 资源=1
2026-05-25 16:49:03 | INFO    | aps.scheduler   | 时间窗: 静态=43200分, 动态=46440分, 总工期估算=30000分
2026-05-25 16:49:05 | INFO    | aps             | GET    200     1.0ms /api/smart-scheduling/plan/progress?task_id=c8d4c953a8804c3e8314949e0f564b3a
2026-05-25 16:49:06 | INFO    | aps             | POST   200    16.8ms /api/smart-scheduling/preview/plan/resource/gantt
2026-05-25 16:49:06 | INFO    | aps             | POST   200    19.3ms /api/smart-scheduling/preview/plan/tasks
2026-05-25 16:52:23 | INFO    | aps             | POST   200    16.3ms /api/smart-scheduling/plan/pending/cancel
2026-05-25 16:54:55 | INFO    | aps             | POST   200     1.3ms /api/smart-scheduling/generate
2026-05-25 16:54:55 | INFO    | aps.solve       | 开始排产: strategy=90a48e5ab9ba41b9a78817974a59f635, 可排产订单数=2
2026-05-25 16:54:55 | INFO    | aps.mrp         | 处理订单: code=D001 material_code=C001 quantity=3000
2026-05-25 16:54:55 | INFO    | aps.mrp         |   匹配物料: id=fadbc868875f4c2a8f909a960d19f269 code=C001 name=紫晶装备 source=PRODUCED
2026-05-25 16:54:55 | INFO    | aps.mrp         |   BOM子件数=1, 可用库存=1000
2026-05-25 16:54:55 | INFO    | aps.mrp         |   订单物料 C001 加入DAG, 需求量=3000
2026-05-25 16:54:55 | INFO    | aps.mrp         | 处理订单: code=D002 material_code=C001 quantity=2000
2026-05-25 16:54:55 | INFO    | aps.mrp         |   匹配物料: id=fadbc868875f4c2a8f909a960d19f269 code=C001 name=紫晶装备 source=PRODUCED
2026-05-25 16:54:55 | INFO    | aps.mrp         |   BOM子件数=1, 可用库存=1000
2026-05-25 16:54:55 | INFO    | aps.solve       | MRP完成: 缺料DAG节点数=1, 补充订单数=0
2026-05-25 16:54:55 | INFO    | aps.task_gen    | 缺料DAG: 1个节点, 0条边
2026-05-25 16:54:55 | INFO    | aps.task_gen    |   DAG节点: material=C001(fadbc868875f4c2a8f909a960d19f269) source=PRODUCED demand=5000.00
2026-05-25 16:54:55 | INFO    | aps.task_gen    | 拓扑排序后物料顺序 (1): ['fadbc868875f4c2a8f909a960d19f269']
2026-05-25 16:54:56 | INFO    | aps.task_gen    | 任务生成完成: 共生成 1 个任务, 1 个订单关联记录
2026-05-25 16:54:56 | INFO    | aps.solve       | 求解准备: 任务数=1, 资源数=1
2026-05-25 16:54:56 | INFO    | aps.solve       |   资源: id=579a3c2c code=Z001 status=NORMAL throughput=10/H
2026-05-25 16:54:56 | INFO    | aps.scheduler   |   任务 TASK-D001-G001-1(G001): qty=5000, 资源=1个, 工期=['30000']分
2026-05-25 16:54:56 | INFO    | aps.scheduler   | 构建CP模型: 总任务=1, 跳过=0, 有效=1, 资源=1
2026-05-25 16:54:56 | INFO    | aps.scheduler   | 时间窗: 静态=43200分, 动态=46440分, 总工期估算=30000分
2026-05-25 16:54:57 | INFO    | aps             | GET    200     1.0ms /api/smart-scheduling/plan/progress?task_id=3dda950717d1414c96821b10e4416129
2026-05-25 16:54:58 | INFO    | aps             | POST   200    13.3ms /api/smart-scheduling/preview/plan/tasks
2026-05-25 16:54:58 | INFO    | aps             | POST   200    14.8ms /api/smart-scheduling/preview/plan/resource/gantt
2026-05-25 16:55:02 | INFO    | aps             | GET    307     1.1ms /api/planning-strategies?page=1&page_size=100
2026-05-25 16:55:02 | INFO    | aps             | GET    307     2.6ms /api/production-orders?page=1&page_size=1000
2026-05-25 16:55:02 | INFO    | aps             | GET    307     1.0ms /api/planning-strategies?page=1&page_size=100
2026-05-25 16:55:02 | INFO    | aps             | GET    307     1.1ms /api/production-orders?page=1&page_size=1000
2026-05-25 16:55:03 | INFO    | aps             | GET    200     8.6ms /api/planning-strategies/?page=1&page_size=100
2026-05-25 16:55:03 | INFO    | aps             | GET    200    10.1ms /api/production-orders/?page=1&page_size=1000
2026-05-25 16:55:03 | INFO    | aps             | GET    200     7.5ms /api/production-orders/?page=1&page_size=1000
2026-05-25 16:55:03 | INFO    | aps             | GET    200    10.6ms /api/planning-strategies/?page=1&page_size=100
2026-05-25 16:55:08 | INFO    | aps             | POST   200     0.0ms /api/smart-scheduling/generate
2026-05-25 16:55:08 | INFO    | aps.solve       | 开始排产: strategy=90a48e5ab9ba41b9a78817974a59f635, 可排产订单数=2
2026-05-25 16:55:08 | INFO    | aps.mrp         | 处理订单: code=D001 material_code=C001 quantity=3000
2026-05-25 16:55:08 | INFO    | aps.mrp         |   匹配物料: id=fadbc868875f4c2a8f909a960d19f269 code=C001 name=紫晶装备 source=PRODUCED
2026-05-25 16:55:08 | INFO    | aps.mrp         |   BOM子件数=1, 可用库存=1000
2026-05-25 16:55:08 | INFO    | aps.mrp         |   订单物料 C001 加入DAG, 需求量=3000
2026-05-25 16:55:08 | INFO    | aps.mrp         | 处理订单: code=D002 material_code=C001 quantity=2000
2026-05-25 16:55:08 | INFO    | aps.mrp         |   匹配物料: id=fadbc868875f4c2a8f909a960d19f269 code=C001 name=紫晶装备 source=PRODUCED
2026-05-25 16:55:08 | INFO    | aps.mrp         |   BOM子件数=1, 可用库存=1000
2026-05-25 16:55:08 | INFO    | aps.solve       | MRP完成: 缺料DAG节点数=1, 补充订单数=0
2026-05-25 16:55:08 | INFO    | aps.task_gen    | 缺料DAG: 1个节点, 0条边
2026-05-25 16:55:08 | INFO    | aps.task_gen    |   DAG节点: material=C001(fadbc868875f4c2a8f909a960d19f269) source=PRODUCED demand=5000.00
2026-05-25 16:55:08 | INFO    | aps.task_gen    | 拓扑排序后物料顺序 (1): ['fadbc868875f4c2a8f909a960d19f269']
2026-05-25 16:55:08 | INFO    | aps.task_gen    | 任务生成完成: 共生成 1 个任务, 1 个订单关联记录
2026-05-25 16:55:08 | INFO    | aps.solve       | 求解准备: 任务数=1, 资源数=1
2026-05-25 16:55:08 | INFO    | aps.solve       |   资源: id=579a3c2c code=Z001 status=NORMAL throughput=10/H
2026-05-25 16:55:08 | INFO    | aps.scheduler   |   任务 TASK-D001-G001-1(G001): qty=5000, 资源=1个, 工期=['30000']分
2026-05-25 16:55:08 | INFO    | aps.scheduler   | 构建CP模型: 总任务=1, 跳过=0, 有效=1, 资源=1
2026-05-25 16:55:08 | INFO    | aps.scheduler   | 时间窗: 静态=43200分, 动态=46440分, 总工期估算=30000分
2026-05-25 16:55:10 | INFO    | aps             | GET    200     1.0ms /api/smart-scheduling/plan/progress?task_id=96541191c0a34bf894fd37a084b11dae
2026-05-25 16:55:11 | INFO    | aps             | POST   200    14.5ms /api/smart-scheduling/preview/plan/tasks
2026-05-25 16:55:11 | INFO    | aps             | POST   200    14.1ms /api/smart-scheduling/preview/plan/resource/gantt
2026-05-26 09:12:01 | INFO    | aps             | 数据库表已就绪
2026-05-26 09:13:16 | INFO    | aps             | GET    307     1.6ms /api/planning-strategies?page=1&page_size=100
2026-05-26 09:13:16 | INFO    | aps             | GET    307     0.9ms /api/production-orders?page=1&page_size=1000
2026-05-26 09:13:16 | INFO    | aps             | GET    307     0.0ms /api/planning-strategies?page=1&page_size=100
2026-05-26 09:13:16 | INFO    | aps             | GET    307     3.4ms /api/production-orders?page=1&page_size=1000
2026-05-26 09:13:17 | INFO    | aps             | GET    200    95.4ms /api/production-orders/?page=1&page_size=1000
2026-05-26 09:13:17 | INFO    | aps             | GET    200    10.2ms /api/production-orders/?page=1&page_size=1000
2026-05-26 09:13:17 | INFO    | aps             | GET    200   127.4ms /api/planning-strategies/?page=1&page_size=100
2026-05-26 09:13:17 | INFO    | aps             | GET    200     7.5ms /api/planning-strategies/?page=1&page_size=100
2026-05-26 09:13:20 | INFO    | aps             | POST   200     2.6ms /api/smart-scheduling/generate
2026-05-26 09:13:20 | INFO    | aps.solve       | 开始排产: strategy=90a48e5ab9ba41b9a78817974a59f635, 可排产订单数=2
2026-05-26 09:13:20 | INFO    | aps.mrp         | 处理订单: code=D001 material_code=C001 quantity=3000
2026-05-26 09:13:20 | INFO    | aps.mrp         |   匹配物料: id=fadbc868875f4c2a8f909a960d19f269 code=C001 name=紫晶装备 source=PRODUCED
2026-05-26 09:13:20 | INFO    | aps.mrp         |   BOM子件数=1, 可用库存=1000
2026-05-26 09:13:20 | INFO    | aps.mrp         |   订单物料 C001 加入DAG, 需求量=3000
2026-05-26 09:13:20 | INFO    | aps.mrp         | 处理订单: code=D002 material_code=C001 quantity=2000
2026-05-26 09:13:20 | INFO    | aps.mrp         |   匹配物料: id=fadbc868875f4c2a8f909a960d19f269 code=C001 name=紫晶装备 source=PRODUCED
2026-05-26 09:13:20 | INFO    | aps.mrp         |   BOM子件数=1, 可用库存=1000
2026-05-26 09:13:20 | INFO    | aps.solve       | MRP完成: 缺料DAG节点数=1, 补充订单数=0
2026-05-26 09:13:20 | INFO    | aps.task_gen    | 缺料DAG: 1个节点, 0条边
2026-05-26 09:13:20 | INFO    | aps.task_gen    |   DAG节点: material=C001(fadbc868875f4c2a8f909a960d19f269) source=PRODUCED demand=5000.00
2026-05-26 09:13:20 | INFO    | aps.task_gen    | 拓扑排序后物料顺序 (1): ['fadbc868875f4c2a8f909a960d19f269']
2026-05-26 09:13:20 | INFO    | aps.task_gen    | 任务生成完成: 共生成 1 个任务, 1 个订单关联记录
2026-05-26 09:13:20 | INFO    | aps.solve       | 求解准备: 任务数=1, 资源数=1
2026-05-26 09:13:20 | INFO    | aps.solve       |   资源: id=579a3c2c code=Z001 status=NORMAL throughput=10/H
2026-05-26 09:13:20 | INFO    | aps.scheduler   |   任务 TASK-D001-G001-1(G001): qty=5000, 资源=1个, 工期=['30000']分
2026-05-26 09:13:20 | INFO    | aps.scheduler   | 构建CP模型: 总任务=1, 跳过=0, 有效=1, 资源=1
2026-05-26 09:13:20 | INFO    | aps.scheduler   | 时间窗: 静态=43200分, 动态=46440分, 总工期估算=30000分
2026-05-26 09:13:22 | INFO    | aps             | GET    200     2.0ms /api/smart-scheduling/plan/progress?task_id=5531f7fe6ed54ceda8b8842745c93429
2026-05-26 09:13:23 | INFO    | aps             | POST   200    20.3ms /api/smart-scheduling/preview/plan/resource/gantt
2026-05-26 09:13:23 | INFO    | aps             | POST   200    23.4ms /api/smart-scheduling/preview/plan/tasks
2026-05-26 09:13:30 | INFO    | aps             | POST   200    20.7ms /api/smart-scheduling/plan/pending/cancel
2026-05-26 09:13:35 | INFO    | aps             | POST   200     1.5ms /api/smart-scheduling/generate
2026-05-26 09:13:36 | INFO    | aps.solve       | 开始排产: strategy=90a48e5ab9ba41b9a78817974a59f635, 可排产订单数=2
2026-05-26 09:13:36 | INFO    | aps.mrp         | 处理订单: code=D001 material_code=C001 quantity=3000
2026-05-26 09:13:36 | INFO    | aps.mrp         |   匹配物料: id=fadbc868875f4c2a8f909a960d19f269 code=C001 name=紫晶装备 source=PRODUCED
2026-05-26 09:13:36 | INFO    | aps.mrp         |   BOM子件数=1, 可用库存=1000
2026-05-26 09:13:36 | INFO    | aps.mrp         |   订单物料 C001 加入DAG, 需求量=3000
2026-05-26 09:13:36 | INFO    | aps.mrp         | 处理订单: code=D002 material_code=C001 quantity=2000
2026-05-26 09:13:36 | INFO    | aps.mrp         |   匹配物料: id=fadbc868875f4c2a8f909a960d19f269 code=C001 name=紫晶装备 source=PRODUCED
2026-05-26 09:13:36 | INFO    | aps.mrp         |   BOM子件数=1, 可用库存=1000
2026-05-26 09:13:36 | INFO    | aps.solve       | MRP完成: 缺料DAG节点数=1, 补充订单数=0
2026-05-26 09:13:36 | INFO    | aps.task_gen    | 缺料DAG: 1个节点, 0条边
2026-05-26 09:13:36 | INFO    | aps.task_gen    |   DAG节点: material=C001(fadbc868875f4c2a8f909a960d19f269) source=PRODUCED demand=5000.00
2026-05-26 09:13:36 | INFO    | aps.task_gen    | 拓扑排序后物料顺序 (1): ['fadbc868875f4c2a8f909a960d19f269']
2026-05-26 09:13:36 | INFO    | aps.task_gen    | 任务生成完成: 共生成 1 个任务, 1 个订单关联记录
2026-05-26 09:13:36 | INFO    | aps.solve       | 求解准备: 任务数=1, 资源数=1
2026-05-26 09:13:36 | INFO    | aps.solve       |   资源: id=579a3c2c code=Z001 status=NORMAL throughput=10/H
2026-05-26 09:13:36 | INFO    | aps.scheduler   |   任务 TASK-D001-G001-1(G001): qty=5000, 资源=1个, 工期=['30000']分
2026-05-26 09:13:36 | INFO    | aps.scheduler   | 构建CP模型: 总任务=1, 跳过=0, 有效=1, 资源=1
2026-05-26 09:13:36 | INFO    | aps.scheduler   | 时间窗: 静态=43200分, 动态=46440分, 总工期估算=30000分
2026-05-26 09:13:38 | INFO    | aps             | GET    200     5.5ms /api/smart-scheduling/plan/progress?task_id=acccd802d03a4c70a9f164010cbb756f
2026-05-26 09:13:38 | INFO    | aps             | POST   200    14.7ms /api/smart-scheduling/preview/plan/tasks
2026-05-26 09:13:38 | INFO    | aps             | POST   200    16.2ms /api/smart-scheduling/preview/plan/resource/gantt
2026-05-26 09:13:45 | INFO    | aps             | GET    307     0.0ms /api/planning-strategies?page=1&page_size=100
2026-05-26 09:13:45 | INFO    | aps             | GET    307     4.3ms /api/production-orders?page=1&page_size=1000
2026-05-26 09:13:45 | INFO    | aps             | GET    307     0.0ms /api/planning-strategies?page=1&page_size=100
2026-05-26 09:13:45 | INFO    | aps             | GET    307     0.0ms /api/production-orders?page=1&page_size=1000
2026-05-26 09:13:45 | INFO    | aps             | GET    200     7.7ms /api/production-orders/?page=1&page_size=1000
2026-05-26 09:13:45 | INFO    | aps             | GET    200     9.2ms /api/planning-strategies/?page=1&page_size=100
2026-05-26 09:13:45 | INFO    | aps             | GET    200    51.4ms /api/production-orders/?page=1&page_size=1000
2026-05-26 09:13:45 | INFO    | aps             | GET    200    90.7ms /api/planning-strategies/?page=1&page_size=100
2026-05-26 09:13:48 | INFO    | aps             | POST   200     2.0ms /api/smart-scheduling/generate
2026-05-26 09:13:48 | INFO    | aps.solve       | 开始排产: strategy=90a48e5ab9ba41b9a78817974a59f635, 可排产订单数=2
2026-05-26 09:13:48 | INFO    | aps.mrp         | 处理订单: code=D001 material_code=C001 quantity=3000
2026-05-26 09:13:48 | INFO    | aps.mrp         |   匹配物料: id=fadbc868875f4c2a8f909a960d19f269 code=C001 name=紫晶装备 source=PRODUCED
2026-05-26 09:13:48 | INFO    | aps.mrp         |   BOM子件数=1, 可用库存=1000
2026-05-26 09:13:48 | INFO    | aps.mrp         |   订单物料 C001 加入DAG, 需求量=3000
2026-05-26 09:13:48 | INFO    | aps.mrp         | 处理订单: code=D002 material_code=C001 quantity=2000
2026-05-26 09:13:48 | INFO    | aps.mrp         |   匹配物料: id=fadbc868875f4c2a8f909a960d19f269 code=C001 name=紫晶装备 source=PRODUCED
2026-05-26 09:13:48 | INFO    | aps.mrp         |   BOM子件数=1, 可用库存=1000
2026-05-26 09:13:48 | INFO    | aps.solve       | MRP完成: 缺料DAG节点数=1, 补充订单数=0
2026-05-26 09:13:48 | INFO    | aps.task_gen    | 缺料DAG: 1个节点, 0条边
2026-05-26 09:13:48 | INFO    | aps.task_gen    |   DAG节点: material=C001(fadbc868875f4c2a8f909a960d19f269) source=PRODUCED demand=5000.00
2026-05-26 09:13:48 | INFO    | aps.task_gen    | 拓扑排序后物料顺序 (1): ['fadbc868875f4c2a8f909a960d19f269']
2026-05-26 09:13:48 | INFO    | aps.task_gen    | 任务生成完成: 共生成 1 个任务, 1 个订单关联记录
2026-05-26 09:13:48 | INFO    | aps.solve       | 求解准备: 任务数=1, 资源数=1
2026-05-26 09:13:48 | INFO    | aps.solve       |   资源: id=579a3c2c code=Z001 status=NORMAL throughput=10/H
2026-05-26 09:13:48 | INFO    | aps.scheduler   |   任务 TASK-D001-G001-1(G001): qty=5000, 资源=1个, 工期=['30000']分
2026-05-26 09:13:48 | INFO    | aps.scheduler   | 构建CP模型: 总任务=1, 跳过=0, 有效=1, 资源=1
2026-05-26 09:13:48 | INFO    | aps.scheduler   | 时间窗: 静态=43200分, 动态=46440分, 总工期估算=30000分
2026-05-26 09:13:50 | INFO    | aps             | GET    200     0.0ms /api/smart-scheduling/plan/progress?task_id=32a6f59752fc45d68fcc5761f15a2170
2026-05-26 09:13:51 | INFO    | aps             | POST   200    10.8ms /api/smart-scheduling/preview/plan/resource/gantt
2026-05-26 09:13:51 | INFO    | aps             | POST   200    12.8ms /api/smart-scheduling/preview/plan/tasks
2026-05-26 09:13:54 | INFO    | aps             | POST   200    20.1ms /api/smart-scheduling/plan/pending/cancel
2026-05-26 09:15:05 | INFO    | aps             | POST   200     4.5ms /api/smart-scheduling/generate
2026-05-26 09:15:05 | INFO    | aps.solve       | 开始排产: strategy=90a48e5ab9ba41b9a78817974a59f635, 可排产订单数=2
2026-05-26 09:15:05 | INFO    | aps.mrp         | 处理订单: code=D001 material_code=C001 quantity=3000
2026-05-26 09:15:05 | INFO    | aps.mrp         |   匹配物料: id=fadbc868875f4c2a8f909a960d19f269 code=C001 name=紫晶装备 source=PRODUCED
2026-05-26 09:15:05 | INFO    | aps.mrp         |   BOM子件数=1, 可用库存=1000
2026-05-26 09:15:05 | INFO    | aps.mrp         |   订单物料 C001 加入DAG, 需求量=3000
2026-05-26 09:15:05 | INFO    | aps.mrp         | 处理订单: code=D002 material_code=C001 quantity=2000
2026-05-26 09:15:05 | INFO    | aps.mrp         |   匹配物料: id=fadbc868875f4c2a8f909a960d19f269 code=C001 name=紫晶装备 source=PRODUCED
2026-05-26 09:15:05 | INFO    | aps.mrp         |   BOM子件数=1, 可用库存=1000
2026-05-26 09:15:05 | INFO    | aps.solve       | MRP完成: 缺料DAG节点数=1, 补充订单数=0
2026-05-26 09:15:05 | INFO    | aps.task_gen    | 缺料DAG: 1个节点, 0条边
2026-05-26 09:15:05 | INFO    | aps.task_gen    |   DAG节点: material=C001(fadbc868875f4c2a8f909a960d19f269) source=PRODUCED demand=5000.00
2026-05-26 09:15:05 | INFO    | aps.task_gen    | 拓扑排序后物料顺序 (1): ['fadbc868875f4c2a8f909a960d19f269']
2026-05-26 09:15:05 | INFO    | aps.task_gen    | 任务生成完成: 共生成 1 个任务, 1 个订单关联记录
2026-05-26 09:15:05 | INFO    | aps.solve       | 求解准备: 任务数=1, 资源数=1
2026-05-26 09:15:05 | INFO    | aps.solve       |   资源: id=579a3c2c code=Z001 status=NORMAL throughput=10/H
2026-05-26 09:15:05 | INFO    | aps.scheduler   |   任务 TASK-D001-G001-1(G001): qty=5000, 资源=1个, 工期=['30000']分
2026-05-26 09:15:05 | INFO    | aps.scheduler   | 构建CP模型: 总任务=1, 跳过=0, 有效=1, 资源=1
2026-05-26 09:15:05 | INFO    | aps.scheduler   | 时间窗: 静态=43200分, 动态=46440分, 总工期估算=30000分
2026-05-26 09:15:07 | INFO    | aps             | GET    200     1.0ms /api/smart-scheduling/plan/progress?task_id=a6e79fcc3bbe4ea9811407926bd24a37
2026-05-26 09:15:08 | INFO    | aps             | POST   200    16.1ms /api/smart-scheduling/preview/plan/tasks
2026-05-26 09:15:08 | INFO    | aps             | POST   200    17.6ms /api/smart-scheduling/preview/plan/resource/gantt
2026-05-26 09:15:11 | INFO    | aps             | POST   200    17.5ms /api/smart-scheduling/plan/pending/cancel
2026-05-26 09:16:20 | INFO    | aps             | GET    307     3.2ms /api/materials?page=1&page_size=1000
2026-05-26 09:16:20 | INFO    | aps             | GET    307     1.0ms /api/production-orders?page=1&page_size=10
2026-05-26 09:16:20 | INFO    | aps             | GET    307     0.0ms /api/materials?page=1&page_size=1000
2026-05-26 09:16:20 | INFO    | aps             | GET    307     0.0ms /api/production-orders?page=1&page_size=10
2026-05-26 09:16:20 | INFO    | aps             | GET    200    14.7ms /api/materials/?page=1&page_size=1000
2026-05-26 09:16:20 | INFO    | aps             | GET    200    14.3ms /api/production-orders/?page=1&page_size=10
2026-05-26 09:16:20 | INFO    | aps             | GET    200     7.6ms /api/production-orders/?page=1&page_size=10
2026-05-26 09:16:20 | INFO    | aps             | GET    200    10.2ms /api/materials/?page=1&page_size=1000
2026-05-26 09:16:21 | INFO    | aps             | GET    307     0.0ms /api/planning-strategies?page=1&page_size=10
2026-05-26 09:16:21 | INFO    | aps             | GET    200     3.5ms /api/planning-strategies/scheduling-rule/options
2026-05-26 09:16:21 | INFO    | aps             | GET    307     0.0ms /api/planning-strategies?page=1&page_size=10
2026-05-26 09:16:21 | INFO    | aps             | GET    200     1.3ms /api/planning-strategies/scheduling-rule/options
2026-05-26 09:16:21 | INFO    | aps             | GET    200    12.0ms /api/planning-strategies/?page=1&page_size=10
2026-05-26 09:16:21 | INFO    | aps             | GET    200     6.7ms /api/planning-strategies/?page=1&page_size=10
2026-05-26 09:16:22 | INFO    | aps             | GET    307     1.4ms /api/planning-strategies?page=1&page_size=100
2026-05-26 09:16:22 | INFO    | aps             | GET    307     1.5ms /api/production-orders?page=1&page_size=1000
2026-05-26 09:16:22 | INFO    | aps             | GET    307     1.0ms /api/planning-strategies?page=1&page_size=100
2026-05-26 09:16:22 | INFO    | aps             | GET    307     1.4ms /api/production-orders?page=1&page_size=1000
2026-05-26 09:16:22 | INFO    | aps             | GET    200     8.3ms /api/production-orders/?page=1&page_size=1000
2026-05-26 09:16:22 | INFO    | aps             | GET    200    14.8ms /api/planning-strategies/?page=1&page_size=100
2026-05-26 09:16:22 | INFO    | aps             | GET    200     9.3ms /api/production-orders/?page=1&page_size=1000
2026-05-26 09:16:22 | INFO    | aps             | GET    200    11.8ms /api/planning-strategies/?page=1&page_size=100
2026-05-26 09:23:35 | INFO    | aps             | GET    307     0.0ms /api/production-orders?page=1&page_size=1000
2026-05-26 09:23:35 | INFO    | aps             | GET    307     1.0ms /api/planning-strategies?page=1&page_size=100
2026-05-26 09:23:35 | INFO    | aps             | GET    200    11.8ms /api/production-orders/?page=1&page_size=1000
2026-05-26 09:23:35 | INFO    | aps             | GET    200    12.5ms /api/planning-strategies/?page=1&page_size=100
2026-05-26 09:26:43 | INFO    | aps             | 数据库表已就绪
2026-05-26 09:27:10 | INFO    | aps             | POST   200    21.3ms /api/smart-scheduling/generate
2026-05-26 09:27:10 | INFO    | aps.solve       | 开始排产: strategy=90a48e5ab9ba41b9a78817974a59f635, 可排产订单数=2
2026-05-26 09:27:10 | INFO    | aps.mrp         | 处理订单: code=D001 material_code=C001 quantity=3000
2026-05-26 09:27:10 | INFO    | aps.mrp         |   匹配物料: id=fadbc868875f4c2a8f909a960d19f269 code=C001 name=紫晶装备 source=PRODUCED
2026-05-26 09:27:10 | INFO    | aps.mrp         |   BOM子件数=1, 可用库存=1000
2026-05-26 09:27:10 | INFO    | aps.mrp         |   订单物料 C001 加入DAG, 需求量=3000
2026-05-26 09:27:10 | INFO    | aps.mrp         | 处理订单: code=D002 material_code=C001 quantity=2000
2026-05-26 09:27:10 | INFO    | aps.mrp         |   匹配物料: id=fadbc868875f4c2a8f909a960d19f269 code=C001 name=紫晶装备 source=PRODUCED
2026-05-26 09:27:10 | INFO    | aps.mrp         |   BOM子件数=1, 可用库存=1000
2026-05-26 09:27:10 | INFO    | aps.solve       | MRP完成: 缺料DAG节点数=1, 补充订单数=0
2026-05-26 09:27:10 | INFO    | aps.task_gen    | 缺料DAG: 1个节点, 0条边
2026-05-26 09:27:10 | INFO    | aps.task_gen    |   DAG节点: material=C001(fadbc868875f4c2a8f909a960d19f269) source=PRODUCED demand=5000.00
2026-05-26 09:27:10 | INFO    | aps.task_gen    | 拓扑排序后物料顺序 (1): ['fadbc868875f4c2a8f909a960d19f269']
2026-05-26 09:27:10 | INFO    | aps.task_gen    | 任务生成完成: 共生成 1 个任务, 1 个订单关联记录
2026-05-26 09:27:10 | INFO    | aps.solve       | 求解准备: 任务数=1, 资源数=1
2026-05-26 09:27:10 | INFO    | aps.solve       |   资源: id=579a3c2c code=Z001 status=NORMAL throughput=10/H
2026-05-26 09:27:10 | INFO    | aps.scheduler   |   任务 TASK-D001-G001-1(G001): qty=5000, 资源=1个, 工期=['30000']分
2026-05-26 09:27:10 | INFO    | aps.scheduler   | 构建CP模型: 总任务=1, 跳过=0, 有效=1, 资源=1
2026-05-26 09:27:10 | INFO    | aps.scheduler   | 时间窗: 静态=43200分, 动态=46440分, 总工期估算=30000分
2026-05-26 09:27:12 | INFO    | aps             | GET    200     2.5ms /api/smart-scheduling/plan/progress?task_id=fd54af3825874b9fabadf86e24784100
2026-05-26 09:27:13 | INFO    | aps             | POST   200    89.7ms /api/smart-scheduling/preview/plan/tasks
2026-05-26 09:27:13 | INFO    | aps             | POST   200    90.0ms /api/smart-scheduling/preview/plan/resource/gantt
2026-05-26 09:27:14 | INFO    | aps             | POST   200    18.1ms /api/smart-scheduling/plan/pending/cancel
2026-05-26 09:27:15 | INFO    | aps             | GET    307     0.5ms /api/planning-strategies?page=1&page_size=100
2026-05-26 09:27:15 | INFO    | aps             | GET    307     1.5ms /api/production-orders?page=1&page_size=1000
2026-05-26 09:27:15 | INFO    | aps             | GET    307     1.0ms /api/planning-strategies?page=1&page_size=100
2026-05-26 09:27:15 | INFO    | aps             | GET    307     0.0ms /api/production-orders?page=1&page_size=1000
2026-05-26 09:27:15 | INFO    | aps             | GET    200    15.2ms /api/production-orders/?page=1&page_size=1000
2026-05-26 09:27:15 | INFO    | aps             | GET    200    21.9ms /api/planning-strategies/?page=1&page_size=100
2026-05-26 09:27:15 | INFO    | aps             | GET    200     9.3ms /api/production-orders/?page=1&page_size=1000
2026-05-26 09:27:15 | INFO    | aps             | GET    200     9.3ms /api/planning-strategies/?page=1&page_size=100
2026-05-26 09:27:17 | INFO    | aps             | POST   200     4.8ms /api/smart-scheduling/generate
2026-05-26 09:27:17 | INFO    | aps.solve       | 开始排产: strategy=90a48e5ab9ba41b9a78817974a59f635, 可排产订单数=2
2026-05-26 09:27:17 | INFO    | aps.mrp         | 处理订单: code=D001 material_code=C001 quantity=3000
2026-05-26 09:27:17 | INFO    | aps.mrp         |   匹配物料: id=fadbc868875f4c2a8f909a960d19f269 code=C001 name=紫晶装备 source=PRODUCED
2026-05-26 09:27:17 | INFO    | aps.mrp         |   BOM子件数=1, 可用库存=1000
2026-05-26 09:27:17 | INFO    | aps.mrp         |   订单物料 C001 加入DAG, 需求量=3000
2026-05-26 09:27:17 | INFO    | aps.mrp         | 处理订单: code=D002 material_code=C001 quantity=2000
2026-05-26 09:27:17 | INFO    | aps.mrp         |   匹配物料: id=fadbc868875f4c2a8f909a960d19f269 code=C001 name=紫晶装备 source=PRODUCED
2026-05-26 09:27:17 | INFO    | aps.mrp         |   BOM子件数=1, 可用库存=1000
2026-05-26 09:27:17 | INFO    | aps.solve       | MRP完成: 缺料DAG节点数=1, 补充订单数=0
2026-05-26 09:27:17 | INFO    | aps.task_gen    | 缺料DAG: 1个节点, 0条边
2026-05-26 09:27:17 | INFO    | aps.task_gen    |   DAG节点: material=C001(fadbc868875f4c2a8f909a960d19f269) source=PRODUCED demand=5000.00
2026-05-26 09:27:17 | INFO    | aps.task_gen    | 拓扑排序后物料顺序 (1): ['fadbc868875f4c2a8f909a960d19f269']
2026-05-26 09:27:17 | INFO    | aps.task_gen    | 任务生成完成: 共生成 1 个任务, 1 个订单关联记录
2026-05-26 09:27:17 | INFO    | aps.solve       | 求解准备: 任务数=1, 资源数=1
2026-05-26 09:27:17 | INFO    | aps.solve       |   资源: id=579a3c2c code=Z001 status=NORMAL throughput=10/H
2026-05-26 09:27:17 | INFO    | aps.scheduler   |   任务 TASK-D001-G001-1(G001): qty=5000, 资源=1个, 工期=['30000']分
2026-05-26 09:27:17 | INFO    | aps.scheduler   | 构建CP模型: 总任务=1, 跳过=0, 有效=1, 资源=1
2026-05-26 09:27:17 | INFO    | aps.scheduler   | 时间窗: 静态=43200分, 动态=46440分, 总工期估算=30000分
2026-05-26 09:27:19 | INFO    | aps             | GET    200     0.0ms /api/smart-scheduling/plan/progress?task_id=be8849c207fd4b8685ef83e7c20aac27
2026-05-26 09:27:20 | INFO    | aps             | POST   200    12.3ms /api/smart-scheduling/preview/plan/resource/gantt
2026-05-26 09:27:20 | INFO    | aps             | POST   200    15.8ms /api/smart-scheduling/preview/plan/tasks
2026-05-26 09:27:24 | INFO    | aps             | POST   200    12.6ms /api/smart-scheduling/plan/pending/cancel
2026-05-26 09:27:25 | INFO    | aps             | GET    307     0.0ms /api/planning-strategies?page=1&page_size=100
2026-05-26 09:27:25 | INFO    | aps             | GET    307     3.7ms /api/production-orders?page=1&page_size=1000
2026-05-26 09:27:25 | INFO    | aps             | GET    307     0.0ms /api/planning-strategies?page=1&page_size=100
2026-05-26 09:27:25 | INFO    | aps             | GET    307     3.1ms /api/production-orders?page=1&page_size=1000
2026-05-26 09:27:25 | INFO    | aps             | GET    200     9.3ms /api/planning-strategies/?page=1&page_size=100
2026-05-26 09:27:25 | INFO    | aps             | GET    200    11.3ms /api/production-orders/?page=1&page_size=1000
2026-05-26 09:27:25 | INFO    | aps             | GET    200     8.3ms /api/planning-strategies/?page=1&page_size=100
2026-05-26 09:27:25 | INFO    | aps             | GET    200     9.4ms /api/production-orders/?page=1&page_size=1000
2026-05-26 09:28:10 | INFO    | aps             | GET    307     1.0ms /api/production-orders?page=1&page_size=10
2026-05-26 09:28:10 | INFO    | aps             | GET    307     1.5ms /api/materials?page=1&page_size=1000
2026-05-26 09:28:10 | INFO    | aps             | GET    307     9.0ms /api/production-orders?page=1&page_size=10
2026-05-26 09:28:10 | INFO    | aps             | GET    307     3.5ms /api/materials?page=1&page_size=1000
2026-05-26 09:28:10 | INFO    | aps             | GET    200    28.8ms /api/production-orders/?page=1&page_size=10
2026-05-26 09:28:10 | INFO    | aps             | GET    200    30.3ms /api/materials/?page=1&page_size=1000
2026-05-26 09:28:10 | INFO    | aps             | GET    200    60.9ms /api/production-orders/?page=1&page_size=10
2026-05-26 09:28:10 | INFO    | aps             | GET    200    85.6ms /api/materials/?page=1&page_size=1000
2026-05-26 09:39:18 | INFO    | aps             | GET    307     3.5ms /api/planning-strategies?page=1&page_size=10
2026-05-26 09:39:18 | INFO    | aps             | GET    200     2.7ms /api/planning-strategies/scheduling-rule/options
2026-05-26 09:39:18 | INFO    | aps             | GET    307     1.4ms /api/planning-strategies?page=1&page_size=10
2026-05-26 09:39:18 | INFO    | aps             | GET    200     2.0ms /api/planning-strategies/scheduling-rule/options
2026-05-26 09:39:18 | INFO    | aps             | GET    200     8.5ms /api/planning-strategies/?page=1&page_size=10
2026-05-26 09:39:18 | INFO    | aps             | GET    200     8.6ms /api/planning-strategies/?page=1&page_size=10
2026-05-26 09:39:24 | INFO    | aps             | GET    307     0.9ms /api/production-orders?page=1&page_size=10
2026-05-26 09:39:24 | INFO    | aps             | GET    307     0.0ms /api/materials?page=1&page_size=1000
2026-05-26 09:39:24 | INFO    | aps             | GET    307     0.0ms /api/production-orders?page=1&page_size=10
2026-05-26 09:39:24 | INFO    | aps             | GET    307     1.0ms /api/materials?page=1&page_size=1000
2026-05-26 09:39:25 | INFO    | aps             | GET    200     8.0ms /api/production-orders/?page=1&page_size=10
2026-05-26 09:39:25 | INFO    | aps             | GET    200     9.6ms /api/production-orders/?page=1&page_size=10
2026-05-26 09:39:25 | INFO    | aps             | GET    200    11.1ms /api/materials/?page=1&page_size=1000
2026-05-26 09:39:25 | INFO    | aps             | GET    200     7.9ms /api/materials/?page=1&page_size=1000
2026-05-26 09:39:28 | INFO    | aps             | GET    200     9.1ms /api/work-modes?page=1&page_size=10
2026-05-26 09:39:28 | INFO    | aps             | GET    200     3.1ms /api/work-modes?page=1&page_size=10
2026-05-26 09:39:30 | INFO    | aps             | GET    307     0.8ms /api/production-resources?page=1&page_size=1000
2026-05-26 09:39:30 | INFO    | aps             | GET    307     0.0ms /api/production-resources?page=1&page_size=1000
2026-05-26 09:39:30 | INFO    | aps             | GET    200    14.6ms /api/work-modes?page=1&page_size=1000
2026-05-26 09:39:30 | INFO    | aps             | GET    200    24.9ms /api/work-calendars?page=1&page_size=10
2026-05-26 09:39:30 | INFO    | aps             | GET    200    20.3ms /api/production-resources/?page=1&page_size=1000
2026-05-26 09:39:30 | INFO    | aps             | GET    200    12.0ms /api/work-modes?page=1&page_size=1000
2026-05-26 09:39:30 | INFO    | aps             | GET    200     9.5ms /api/production-resources/?page=1&page_size=1000
2026-05-26 09:39:30 | INFO    | aps             | GET    200    10.5ms /api/work-calendars?page=1&page_size=10
2026-05-26 09:39:35 | INFO    | aps             | GET    307     1.5ms /api/planning-strategies?page=1&page_size=100
2026-05-26 09:39:35 | INFO    | aps             | GET    307     2.2ms /api/production-orders?page=1&page_size=1000
2026-05-26 09:39:35 | INFO    | aps             | GET    307     0.5ms /api/planning-strategies?page=1&page_size=100
2026-05-26 09:39:35 | INFO    | aps             | GET    307     0.0ms /api/production-orders?page=1&page_size=1000
2026-05-26 09:39:35 | INFO    | aps             | GET    200    10.1ms /api/production-orders/?page=1&page_size=1000
2026-05-26 09:39:35 | INFO    | aps             | GET    200    11.5ms /api/planning-strategies/?page=1&page_size=100
2026-05-26 09:39:35 | INFO    | aps             | GET    200     8.3ms /api/production-orders/?page=1&page_size=1000
2026-05-26 09:39:35 | INFO    | aps             | GET    200     8.8ms /api/planning-strategies/?page=1&page_size=100
2026-05-26 09:45:09 | INFO    | aps             | 数据库表已就绪
2026-05-26 09:48:29 | INFO    | aps             | GET    307     2.0ms /api/planning-strategies?page=1&page_size=100
2026-05-26 09:48:29 | INFO    | aps             | GET    307     2.5ms /api/production-orders?page=1&page_size=1000
2026-05-26 09:48:29 | INFO    | aps             | GET    307     1.4ms /api/planning-strategies?page=1&page_size=100
2026-05-26 09:48:29 | INFO    | aps             | GET    307     1.0ms /api/production-orders?page=1&page_size=1000
2026-05-26 09:48:29 | INFO    | aps             | GET    200    76.9ms /api/planning-strategies/?page=1&page_size=100
2026-05-26 09:48:29 | INFO    | aps             | GET    200    11.2ms /api/planning-strategies/?page=1&page_size=100
2026-05-26 09:48:29 | INFO    | aps             | GET    200   101.6ms /api/production-orders/?page=1&page_size=1000
2026-05-26 09:48:29 | INFO    | aps             | GET    200     7.5ms /api/production-orders/?page=1&page_size=1000
2026-05-26 09:48:30 | INFO    | aps             | GET    307     0.5ms /api/materials?page=1&page_size=10
2026-05-26 09:48:30 | INFO    | aps             | GET    307     2.8ms /api/materials?page=1&page_size=10
2026-05-26 09:48:30 | INFO    | aps             | GET    200    16.2ms /api/materials/?page=1&page_size=10
2026-05-26 09:48:30 | INFO    | aps             | GET    200     7.3ms /api/materials/?page=1&page_size=10
2026-05-26 09:48:33 | INFO    | aps             | GET    307     0.6ms /api/planning-strategies?page=1&page_size=100
2026-05-26 09:48:33 | INFO    | aps             | GET    307     0.6ms /api/production-orders?page=1&page_size=1000
2026-05-26 09:48:33 | INFO    | aps             | GET    307     5.6ms /api/planning-strategies?page=1&page_size=100
2026-05-26 09:48:33 | INFO    | aps             | GET    307     2.0ms /api/production-orders?page=1&page_size=1000
2026-05-26 09:48:33 | INFO    | aps             | GET    200    13.5ms /api/planning-strategies/?page=1&page_size=100
2026-05-26 09:48:33 | INFO    | aps             | GET    200    18.1ms /api/production-orders/?page=1&page_size=1000
2026-05-26 09:48:33 | INFO    | aps             | GET    200    55.7ms /api/planning-strategies/?page=1&page_size=100
2026-05-26 09:48:33 | INFO    | aps             | GET    200    82.2ms /api/production-orders/?page=1&page_size=1000
2026-05-26 09:49:18 | INFO    | aps             | GET    307     1.5ms /api/materials?page=1&page_size=10
2026-05-26 09:49:18 | INFO    | aps             | GET    307     0.0ms /api/materials?page=1&page_size=10
2026-05-26 09:49:18 | INFO    | aps             | GET    200     3.2ms /api/materials/?page=1&page_size=10
2026-05-26 09:49:18 | INFO    | aps             | GET    200     8.2ms /api/materials/?page=1&page_size=10
2026-05-26 09:49:19 | INFO    | aps             | GET    307     0.0ms /api/planning-strategies?page=1&page_size=100
2026-05-26 09:49:19 | INFO    | aps             | GET    307     0.0ms /api/production-orders?page=1&page_size=1000
2026-05-26 09:49:19 | INFO    | aps             | GET    307     1.0ms /api/planning-strategies?page=1&page_size=100
2026-05-26 09:49:19 | INFO    | aps             | GET    307     0.0ms /api/production-orders?page=1&page_size=1000
2026-05-26 09:49:19 | INFO    | aps             | GET    200    12.7ms /api/planning-strategies/?page=1&page_size=100
2026-05-26 09:49:19 | INFO    | aps             | GET    200    11.7ms /api/production-orders/?page=1&page_size=1000
2026-05-26 09:49:19 | INFO    | aps             | GET    200     8.8ms /api/production-orders/?page=1&page_size=1000
2026-05-26 09:49:19 | INFO    | aps             | GET    200     9.8ms /api/planning-strategies/?page=1&page_size=100
2026-05-26 09:49:23 | INFO    | aps             | GET    307     1.0ms /api/planning-strategies?page=1&page_size=100
2026-05-26 09:49:23 | INFO    | aps             | GET    307     2.0ms /api/production-orders?page=1&page_size=1000
2026-05-26 09:49:23 | INFO    | aps             | GET    307     0.5ms /api/planning-strategies?page=1&page_size=100
2026-05-26 09:49:23 | INFO    | aps             | GET    307     0.5ms /api/production-orders?page=1&page_size=1000
2026-05-26 09:49:23 | INFO    | aps             | GET    200    12.7ms /api/planning-strategies/?page=1&page_size=100
2026-05-26 09:49:23 | INFO    | aps             | GET    200    12.5ms /api/production-orders/?page=1&page_size=1000
2026-05-26 09:49:23 | INFO    | aps             | GET    200    13.7ms /api/planning-strategies/?page=1&page_size=100
2026-05-26 09:49:23 | INFO    | aps             | GET    200     9.4ms /api/production-orders/?page=1&page_size=1000
2026-05-26 09:49:26 | INFO    | aps             | POST   200     9.6ms /api/smart-scheduling/generate
2026-05-26 09:49:26 | INFO    | aps.solve       | 开始排产: strategy=90a48e5ab9ba41b9a78817974a59f635, 可排产订单数=2
2026-05-26 09:49:26 | INFO    | aps.mrp         | 处理订单: code=D001 material_code=C001 quantity=3000
2026-05-26 09:49:26 | INFO    | aps.mrp         |   匹配物料: id=fadbc868875f4c2a8f909a960d19f269 code=C001 name=紫晶装备 source=PRODUCED
2026-05-26 09:49:26 | INFO    | aps.mrp         |   BOM子件数=1, 可用库存=1000
2026-05-26 09:49:26 | INFO    | aps.mrp         |   订单物料 C001 加入DAG, 需求量=3000
2026-05-26 09:49:26 | INFO    | aps.mrp         | 处理订单: code=D002 material_code=C001 quantity=2000
2026-05-26 09:49:26 | INFO    | aps.mrp         |   匹配物料: id=fadbc868875f4c2a8f909a960d19f269 code=C001 name=紫晶装备 source=PRODUCED
2026-05-26 09:49:26 | INFO    | aps.mrp         |   BOM子件数=1, 可用库存=1000
2026-05-26 09:49:26 | INFO    | aps.solve       | MRP完成: 缺料DAG节点数=1, 补充订单数=0
2026-05-26 09:49:26 | INFO    | aps.task_gen    | 缺料DAG: 1个节点, 0条边
2026-05-26 09:49:26 | INFO    | aps.task_gen    |   DAG节点: material=C001(fadbc868875f4c2a8f909a960d19f269) source=PRODUCED demand=5000.00 orders={'2dbbdd247ba0446fa2ae77b0d3567b11': 3000.0, 'bb20ea266fb047bea8ce115c1b0dcf5a': 2000.0}
2026-05-26 09:49:26 | INFO    | aps.task_gen    | 拓扑排序后物料顺序 (1): ['fadbc868875f4c2a8f909a960d19f269']
2026-05-26 09:49:26 | INFO    | aps.task_gen    | 任务生成完成: 共生成 2 个任务, 2 个订单关联记录
2026-05-26 09:49:26 | INFO    | aps.solve       | 求解准备: 任务数=2, 资源数=1
2026-05-26 09:49:26 | INFO    | aps.solve       |   资源: id=579a3c2c code=Z001 status=NORMAL throughput=10/H
2026-05-26 09:49:26 | INFO    | aps.scheduler   |   任务 TASK-D001-G001-1(G001): qty=3000, 资源=1个, 工期=['18000']分
2026-05-26 09:49:26 | INFO    | aps.scheduler   |   任务 TASK-D002-G001-1(G001): qty=2000, 资源=1个, 工期=['12000']分
2026-05-26 09:49:26 | INFO    | aps.scheduler   | 构建CP模型: 总任务=2, 跳过=0, 有效=2, 资源=1
2026-05-26 09:49:26 | INFO    | aps.scheduler   | 时间窗: 静态=43200分, 动态=46440分, 总工期估算=30000分
2026-05-26 09:49:28 | INFO    | aps             | GET    200     1.5ms /api/smart-scheduling/plan/progress?task_id=dec55ef69a1b442c8ef95b7ff452cc27
2026-05-26 09:49:28 | INFO    | aps             | POST   200    18.3ms /api/smart-scheduling/preview/plan/tasks
2026-05-26 09:49:28 | INFO    | aps             | POST   200    24.2ms /api/smart-scheduling/preview/plan/resource/gantt
2026-05-26 09:50:15 | INFO    | aps             | POST   200    18.2ms /api/smart-scheduling/plan/pending/cancel
2026-05-26 09:50:21 | INFO    | aps             | GET    307     0.0ms /api/production-orders?page=1&page_size=10
2026-05-26 09:50:21 | INFO    | aps             | GET    307     2.0ms /api/materials?page=1&page_size=1000
2026-05-26 09:50:21 | INFO    | aps             | GET    307     1.3ms /api/production-orders?page=1&page_size=10
2026-05-26 09:50:21 | INFO    | aps             | GET    307     0.0ms /api/materials?page=1&page_size=1000
2026-05-26 09:50:21 | INFO    | aps             | GET    200     9.1ms /api/production-orders/?page=1&page_size=10
2026-05-26 09:50:21 | INFO    | aps             | GET    200    11.6ms /api/materials/?page=1&page_size=1000
2026-05-26 09:50:21 | INFO    | aps             | GET    200     9.2ms /api/production-orders/?page=1&page_size=10
2026-05-26 09:50:21 | INFO    | aps             | GET    200    10.2ms /api/materials/?page=1&page_size=1000
2026-05-26 09:51:17 | INFO    | aps             | GET    307     1.0ms /api/planning-strategies?page=1&page_size=100
2026-05-26 09:51:17 | INFO    | aps             | GET    307     1.2ms /api/production-orders?page=1&page_size=1000
2026-05-26 09:51:17 | INFO    | aps             | GET    307     1.0ms /api/planning-strategies?page=1&page_size=100
2026-05-26 09:51:17 | INFO    | aps             | GET    307     0.0ms /api/production-orders?page=1&page_size=1000
2026-05-26 09:51:17 | INFO    | aps             | GET    200     6.9ms /api/planning-strategies/?page=1&page_size=100
2026-05-26 09:51:17 | INFO    | aps             | GET    200    12.2ms /api/production-orders/?page=1&page_size=1000
2026-05-26 09:51:17 | INFO    | aps             | GET    200    11.8ms /api/planning-strategies/?page=1&page_size=100
2026-05-26 09:51:17 | INFO    | aps             | GET    200     6.2ms /api/production-orders/?page=1&page_size=1000
2026-05-26 09:51:20 | INFO    | aps             | POST   200     8.3ms /api/smart-scheduling/generate
2026-05-26 09:51:20 | INFO    | aps.solve       | 开始排产: strategy=90a48e5ab9ba41b9a78817974a59f635, 可排产订单数=2
2026-05-26 09:51:20 | INFO    | aps.mrp         | 处理订单: code=D001 material_code=C001 quantity=3000
2026-05-26 09:51:20 | INFO    | aps.mrp         |   匹配物料: id=fadbc868875f4c2a8f909a960d19f269 code=C001 name=紫晶装备 source=PRODUCED
2026-05-26 09:51:20 | INFO    | aps.mrp         |   BOM子件数=1, 可用库存=1000
2026-05-26 09:51:20 | INFO    | aps.mrp         |   订单物料 C001 加入DAG, 需求量=3000
2026-05-26 09:51:20 | INFO    | aps.mrp         | 处理订单: code=D002 material_code=C001 quantity=2000
2026-05-26 09:51:20 | INFO    | aps.mrp         |   匹配物料: id=fadbc868875f4c2a8f909a960d19f269 code=C001 name=紫晶装备 source=PRODUCED
2026-05-26 09:51:20 | INFO    | aps.mrp         |   BOM子件数=1, 可用库存=1000
2026-05-26 09:51:20 | INFO    | aps.solve       | MRP完成: 缺料DAG节点数=1, 补充订单数=0
2026-05-26 09:51:20 | INFO    | aps.task_gen    | 缺料DAG: 1个节点, 0条边
2026-05-26 09:51:20 | INFO    | aps.task_gen    |   DAG节点: material=C001(fadbc868875f4c2a8f909a960d19f269) source=PRODUCED demand=5000.00 orders={'2dbbdd247ba0446fa2ae77b0d3567b11': 3000.0, 'bb20ea266fb047bea8ce115c1b0dcf5a': 2000.0}
2026-05-26 09:51:20 | INFO    | aps.task_gen    | 拓扑排序后物料顺序 (1): ['fadbc868875f4c2a8f909a960d19f269']
2026-05-26 09:51:20 | INFO    | aps.task_gen    | 任务生成完成: 共生成 2 个任务, 2 个订单关联记录
2026-05-26 09:51:20 | INFO    | aps.solve       | 求解准备: 任务数=2, 资源数=1
2026-05-26 09:51:20 | INFO    | aps.solve       |   资源: id=579a3c2c code=Z001 status=NORMAL throughput=10/H
2026-05-26 09:51:20 | INFO    | aps.scheduler   |   任务 TASK-D001-G001-1(G001): qty=3000, 资源=1个, 工期=['18000']分
2026-05-26 09:51:20 | INFO    | aps.scheduler   |   任务 TASK-D002-G001-1(G001): qty=2000, 资源=1个, 工期=['12000']分
2026-05-26 09:51:20 | INFO    | aps.scheduler   | 构建CP模型: 总任务=2, 跳过=0, 有效=2, 资源=1
2026-05-26 09:51:20 | INFO    | aps.scheduler   | 时间窗: 静态=43200分, 动态=46440分, 总工期估算=30000分
2026-05-26 09:51:22 | INFO    | aps             | GET    200     0.0ms /api/smart-scheduling/plan/progress?task_id=106a8e9cb8134cf0aeca1420c93ee58f
2026-05-26 09:51:23 | INFO    | aps             | POST   200    10.2ms /api/smart-scheduling/preview/plan/resource/gantt
2026-05-26 09:51:23 | INFO    | aps             | POST   200    13.7ms /api/smart-scheduling/preview/plan/tasks
2026-05-26 09:52:10 | INFO    | aps             | POST   200    18.0ms /api/smart-scheduling/plan/pending/cancel
2026-05-26 09:52:10 | INFO    | aps             | GET    307     1.6ms /api/materials?page=1&page_size=1000
2026-05-26 09:52:10 | INFO    | aps             | GET    307     2.5ms /api/process-routes?page=1&page_size=10
2026-05-26 09:52:10 | INFO    | aps             | GET    307     0.0ms /api/materials?page=1&page_size=1000
2026-05-26 09:52:10 | INFO    | aps             | GET    307     0.5ms /api/process-routes?page=1&page_size=10
2026-05-26 09:52:11 | INFO    | aps             | GET    200    16.7ms /api/process-routes/?page=1&page_size=10
2026-05-26 09:52:11 | INFO    | aps             | GET    200    18.7ms /api/materials/?page=1&page_size=1000
2026-05-26 09:52:11 | INFO    | aps             | GET    200     8.1ms /api/materials/?page=1&page_size=1000
2026-05-26 09:52:11 | INFO    | aps             | GET    200    11.5ms /api/process-routes/?page=1&page_size=10
2026-05-26 09:52:11 | INFO    | aps             | GET    200    10.2ms /api/work-modes?page=1&page_size=10
2026-05-26 09:52:11 | INFO    | aps             | GET    200     5.2ms /api/work-modes?page=1&page_size=10
2026-05-26 09:52:15 | INFO    | aps             | GET    307     3.8ms /api/production-resources?page=1&page_size=1000
2026-05-26 09:52:15 | INFO    | aps             | GET    307     0.0ms /api/production-resources?page=1&page_size=1000
2026-05-26 09:52:15 | INFO    | aps             | GET    200    14.3ms /api/work-modes?page=1&page_size=1000
2026-05-26 09:52:15 | INFO    | aps             | GET    200    16.8ms /api/work-calendars?page=1&page_size=10
2026-05-26 09:52:15 | INFO    | aps             | GET    200     4.8ms /api/work-modes?page=1&page_size=1000
2026-05-26 09:52:15 | INFO    | aps             | GET    200     6.4ms /api/work-calendars?page=1&page_size=10
2026-05-26 09:52:15 | INFO    | aps             | GET    200    11.3ms /api/production-resources/?page=1&page_size=1000
2026-05-26 09:52:15 | INFO    | aps             | GET    200     6.8ms /api/production-resources/?page=1&page_size=1000
2026-05-26 10:20:08 | INFO    | aps             | GET    200     5.2ms /api/work-modes?page=1&page_size=10
2026-05-26 10:20:09 | INFO    | aps             | GET    200     3.4ms /api/work-modes?page=1&page_size=10
2026-05-26 10:28:24 | INFO    | aps             | GET    307     0.0ms /api/production-orders?page=1&page_size=10
2026-05-26 10:28:24 | INFO    | aps             | GET    307     0.5ms /api/materials?page=1&page_size=1000
2026-05-26 10:28:24 | INFO    | aps             | GET    307     0.0ms /api/production-orders?page=1&page_size=10
2026-05-26 10:28:24 | INFO    | aps             | GET    307     0.0ms /api/materials?page=1&page_size=1000
2026-05-26 10:28:24 | INFO    | aps             | GET    200    12.3ms /api/production-orders/?page=1&page_size=10
2026-05-26 10:28:24 | INFO    | aps             | GET    200    10.3ms /api/materials/?page=1&page_size=1000
2026-05-26 10:28:24 | INFO    | aps             | GET    200     7.0ms /api/materials/?page=1&page_size=1000
2026-05-26 10:28:24 | INFO    | aps             | GET    200    11.4ms /api/production-orders/?page=1&page_size=10
2026-05-26 10:28:27 | INFO    | aps             | GET    307     1.6ms /api/planning-strategies?page=1&page_size=10
2026-05-26 10:28:27 | INFO    | aps             | GET    200     4.2ms /api/planning-strategies/scheduling-rule/options
2026-05-26 10:28:27 | INFO    | aps             | GET    307     0.0ms /api/planning-strategies?page=1&page_size=10
2026-05-26 10:28:27 | INFO    | aps             | GET    200     0.0ms /api/planning-strategies/scheduling-rule/options
2026-05-26 10:28:27 | INFO    | aps             | GET    200    11.8ms /api/planning-strategies/?page=1&page_size=10
2026-05-26 10:28:27 | INFO    | aps             | GET    200     6.9ms /api/planning-strategies/?page=1&page_size=10
2026-05-26 10:37:01 | INFO    | aps             | 数据库表已就绪
2026-05-26 10:37:13 | INFO    | aps             | GET    307     3.6ms /api/planning-strategies?page=1&page_size=10
2026-05-26 10:37:13 | INFO    | aps             | GET    200     7.6ms /api/planning-strategies/scheduling-rule/options
2026-05-26 10:37:13 | INFO    | aps             | GET    307     1.5ms /api/planning-strategies?page=1&page_size=10
2026-05-26 10:37:13 | INFO    | aps             | GET    200     1.7ms /api/planning-strategies/scheduling-rule/options
2026-05-26 10:37:14 | INFO    | aps             | GET    200    22.8ms /api/planning-strategies/?page=1&page_size=10
2026-05-26 10:37:14 | INFO    | aps             | GET    200    76.3ms /api/planning-strategies/?page=1&page_size=10
2026-05-26 10:37:17 | INFO    | aps             | GET    307     0.0ms /api/planning-strategies?page=1&page_size=100
2026-05-26 10:37:17 | INFO    | aps             | GET    307     3.7ms /api/production-orders?page=1&page_size=1000
2026-05-26 10:37:17 | INFO    | aps             | GET    307     3.0ms /api/planning-strategies?page=1&page_size=100
2026-05-26 10:37:17 | INFO    | aps             | GET    307     2.0ms /api/production-orders?page=1&page_size=1000
2026-05-26 10:37:17 | INFO    | aps             | GET    200    16.0ms /api/planning-strategies/?page=1&page_size=100
2026-05-26 10:37:17 | INFO    | aps             | GET    200    19.2ms /api/production-orders/?page=1&page_size=1000
2026-05-26 10:37:17 | INFO    | aps             | GET    200    58.5ms /api/planning-strategies/?page=1&page_size=100
2026-05-26 10:37:17 | INFO    | aps             | GET    200    81.7ms /api/production-orders/?page=1&page_size=1000
2026-05-26 10:37:21 | INFO    | aps             | POST   200     9.8ms /api/smart-scheduling/generate
2026-05-26 10:37:21 | INFO    | aps.solve       | 开始排产: strategy=90a48e5ab9ba41b9a78817974a59f635, 可排产订单数=2
2026-05-26 10:37:21 | INFO    | aps.mrp         | 处理订单: code=D001 material_code=C001 quantity=3000
2026-05-26 10:37:21 | INFO    | aps.mrp         |   匹配物料: id=fadbc868875f4c2a8f909a960d19f269 code=C001 name=紫晶装备 source=PRODUCED
2026-05-26 10:37:21 | INFO    | aps.mrp         |   BOM子件数=1, 可用库存=1000
2026-05-26 10:37:21 | INFO    | aps.mrp         |   订单物料 C001 加入DAG, 需求量=3000
2026-05-26 10:37:21 | INFO    | aps.mrp         | 处理订单: code=D002 material_code=C001 quantity=2000
2026-05-26 10:37:21 | INFO    | aps.mrp         |   匹配物料: id=fadbc868875f4c2a8f909a960d19f269 code=C001 name=紫晶装备 source=PRODUCED
2026-05-26 10:37:21 | INFO    | aps.mrp         |   BOM子件数=1, 可用库存=1000
2026-05-26 10:37:21 | INFO    | aps.solve       | MRP完成: 缺料DAG节点数=1, 补充订单数=0
2026-05-26 10:37:21 | INFO    | aps.task_gen    | 缺料DAG: 1个节点, 0条边
2026-05-26 10:37:21 | INFO    | aps.task_gen    |   DAG节点: material=C001(fadbc868875f4c2a8f909a960d19f269) source=PRODUCED demand=5000.00 orders={'2dbbdd247ba0446fa2ae77b0d3567b11': 3000.0, 'bb20ea266fb047bea8ce115c1b0dcf5a': 2000.0}
2026-05-26 10:37:21 | INFO    | aps.task_gen    | 拓扑排序后物料顺序 (1): ['fadbc868875f4c2a8f909a960d19f269']
2026-05-26 10:37:21 | INFO    | aps.task_gen    | 任务生成完成: 共生成 2 个任务, 2 个订单关联记录
2026-05-26 10:37:21 | INFO    | aps.solve       | 求解准备: 任务数=2, 资源数=1
2026-05-26 10:37:21 | INFO    | aps.solve       |   资源: id=579a3c2c code=Z001 status=NORMAL throughput=10/H
2026-05-26 10:37:21 | INFO    | aps.solve       | 工作日历已加载: 1个日历, 1个工作模式
2026-05-26 10:37:21 | INFO    | aps.scheduler   |   任务 TASK-D001-G001-1(G001): qty=3000, 资源=1个, 工期=['18000']分
2026-05-26 10:37:21 | INFO    | aps.scheduler   |   任务 TASK-D002-G001-1(G001): qty=2000, 资源=1个, 工期=['12000']分
2026-05-26 10:37:21 | INFO    | aps.scheduler   | 构建CP模型: 总任务=2, 跳过=0, 有效=2, 资源=1
2026-05-26 10:37:21 | INFO    | aps.scheduler   | 时间窗: 静态=43200分, 动态=46440分, 总工期估算=30000分
2026-05-26 10:37:21 | INFO    | aps.scheduler   | 已添加非工作日约束区间: 9个
2026-05-26 10:37:21 | ERROR   | aps.scheduler   | 求解器返回 INFEASIBLE。总任务=2, 跳过=0, 有效=2, 资源=1
2026-05-26 10:37:23 | INFO    | aps             | GET    200     2.1ms /api/smart-scheduling/plan/progress?task_id=b4536ca24b54489191701ccb70146f09
2026-05-26 10:37:43 | INFO    | aps             | GET    307     0.0ms /api/planning-strategies?page=1&page_size=100
2026-05-26 10:37:43 | INFO    | aps             | GET    307     2.0ms /api/production-orders?page=1&page_size=1000
2026-05-26 10:37:43 | INFO    | aps             | GET    307     1.6ms /api/planning-strategies?page=1&page_size=100
2026-05-26 10:37:43 | INFO    | aps             | GET    307     0.8ms /api/production-orders?page=1&page_size=1000
2026-05-26 10:37:44 | INFO    | aps             | GET    200     9.5ms /api/planning-strategies/?page=1&page_size=100
2026-05-26 10:37:44 | INFO    | aps             | GET    200    12.3ms /api/production-orders/?page=1&page_size=1000
2026-05-26 10:37:44 | INFO    | aps             | GET    200     9.4ms /api/planning-strategies/?page=1&page_size=100
2026-05-26 10:37:44 | INFO    | aps             | GET    200    10.4ms /api/production-orders/?page=1&page_size=1000
2026-05-26 10:37:49 | INFO    | aps             | POST   200     5.1ms /api/smart-scheduling/generate
2026-05-26 10:37:49 | INFO    | aps.solve       | 开始排产: strategy=90a48e5ab9ba41b9a78817974a59f635, 可排产订单数=2
2026-05-26 10:37:49 | INFO    | aps.mrp         | 处理订单: code=D001 material_code=C001 quantity=3000
2026-05-26 10:37:49 | INFO    | aps.mrp         |   匹配物料: id=fadbc868875f4c2a8f909a960d19f269 code=C001 name=紫晶装备 source=PRODUCED
2026-05-26 10:37:49 | INFO    | aps.mrp         |   BOM子件数=1, 可用库存=1000
2026-05-26 10:37:49 | INFO    | aps.mrp         |   订单物料 C001 加入DAG, 需求量=3000
2026-05-26 10:37:49 | INFO    | aps.mrp         | 处理订单: code=D002 material_code=C001 quantity=2000
2026-05-26 10:37:49 | INFO    | aps.mrp         |   匹配物料: id=fadbc868875f4c2a8f909a960d19f269 code=C001 name=紫晶装备 source=PRODUCED
2026-05-26 10:37:49 | INFO    | aps.mrp         |   BOM子件数=1, 可用库存=1000
2026-05-26 10:37:49 | INFO    | aps.solve       | MRP完成: 缺料DAG节点数=1, 补充订单数=0
2026-05-26 10:37:49 | INFO    | aps.task_gen    | 缺料DAG: 1个节点, 0条边
2026-05-26 10:37:49 | INFO    | aps.task_gen    |   DAG节点: material=C001(fadbc868875f4c2a8f909a960d19f269) source=PRODUCED demand=5000.00 orders={'2dbbdd247ba0446fa2ae77b0d3567b11': 3000.0, 'bb20ea266fb047bea8ce115c1b0dcf5a': 2000.0}
2026-05-26 10:37:49 | INFO    | aps.task_gen    | 拓扑排序后物料顺序 (1): ['fadbc868875f4c2a8f909a960d19f269']
2026-05-26 10:37:49 | INFO    | aps.task_gen    | 任务生成完成: 共生成 2 个任务, 2 个订单关联记录
2026-05-26 10:37:49 | INFO    | aps.solve       | 求解准备: 任务数=2, 资源数=1
2026-05-26 10:37:49 | INFO    | aps.solve       |   资源: id=579a3c2c code=Z001 status=NORMAL throughput=10/H
2026-05-26 10:37:49 | INFO    | aps.solve       | 工作日历已加载: 1个日历, 1个工作模式
2026-05-26 10:37:49 | INFO    | aps.scheduler   |   任务 TASK-D001-G001-1(G001): qty=3000, 资源=1个, 工期=['18000']分
2026-05-26 10:37:49 | INFO    | aps.scheduler   |   任务 TASK-D002-G001-1(G001): qty=2000, 资源=1个, 工期=['12000']分
2026-05-26 10:37:49 | INFO    | aps.scheduler   | 构建CP模型: 总任务=2, 跳过=0, 有效=2, 资源=1
2026-05-26 10:37:49 | INFO    | aps.scheduler   | 时间窗: 静态=43200分, 动态=46440分, 总工期估算=30000分
2026-05-26 10:37:49 | INFO    | aps.scheduler   | 已添加非工作日约束区间: 9个
2026-05-26 10:37:49 | ERROR   | aps.scheduler   | 求解器返回 INFEASIBLE。总任务=2, 跳过=0, 有效=2, 资源=1
2026-05-26 10:37:51 | INFO    | aps             | GET    200     0.0ms /api/smart-scheduling/plan/progress?task_id=6913216878e54ddd957e9315f1308fa3
2026-05-26 10:37:57 | INFO    | aps             | GET    307     0.0ms /api/production-orders?page=1&page_size=10
2026-05-26 10:37:57 | INFO    | aps             | GET    307     3.7ms /api/materials?page=1&page_size=1000
2026-05-26 10:37:57 | INFO    | aps             | GET    307     1.0ms /api/production-orders?page=1&page_size=10
2026-05-26 10:37:57 | INFO    | aps             | GET    307     1.6ms /api/materials?page=1&page_size=1000
2026-05-26 10:37:57 | INFO    | aps             | GET    200    14.1ms /api/production-orders/?page=1&page_size=10
2026-05-26 10:37:57 | INFO    | aps             | GET    200    19.5ms /api/materials/?page=1&page_size=1000
2026-05-26 10:37:57 | INFO    | aps             | GET    200    12.1ms /api/production-orders/?page=1&page_size=10
2026-05-26 10:37:57 | INFO    | aps             | GET    200     9.3ms /api/materials/?page=1&page_size=1000
2026-05-26 10:38:06 | INFO    | aps             | GET    307     0.0ms /api/production-orders?page=1&page_size=10
2026-05-26 10:38:06 | INFO    | aps             | GET    307     3.7ms /api/materials?page=1&page_size=1000
2026-05-26 10:38:06 | INFO    | aps             | GET    307     1.3ms /api/production-orders?page=1&page_size=10
2026-05-26 10:38:06 | INFO    | aps             | GET    307     1.0ms /api/materials?page=1&page_size=1000
2026-05-26 10:38:06 | INFO    | aps             | GET    200     7.8ms /api/materials/?page=1&page_size=1000
2026-05-26 10:38:06 | INFO    | aps             | GET    200     8.9ms /api/production-orders/?page=1&page_size=10
2026-05-26 10:38:06 | INFO    | aps             | GET    200     9.5ms /api/materials/?page=1&page_size=1000
2026-05-26 10:38:06 | INFO    | aps             | GET    200    10.2ms /api/production-orders/?page=1&page_size=10
2026-05-26 10:38:23 | INFO    | aps             | GET    307     0.5ms /api/planning-strategies?page=1&page_size=100
2026-05-26 10:38:23 | INFO    | aps             | GET    307     2.0ms /api/production-orders?page=1&page_size=1000
2026-05-26 10:38:23 | INFO    | aps             | GET    307     1.4ms /api/planning-strategies?page=1&page_size=100
2026-05-26 10:38:23 | INFO    | aps             | GET    307     1.6ms /api/production-orders?page=1&page_size=1000
2026-05-26 10:38:23 | INFO    | aps             | GET    200    12.3ms /api/planning-strategies/?page=1&page_size=100
2026-05-26 10:38:23 | INFO    | aps             | GET    200    14.4ms /api/production-orders/?page=1&page_size=1000
2026-05-26 10:38:23 | INFO    | aps             | GET    200     9.7ms /api/planning-strategies/?page=1&page_size=100
2026-05-26 10:38:23 | INFO    | aps             | GET    200     7.5ms /api/production-orders/?page=1&page_size=1000
2026-05-26 10:38:46 | INFO    | aps             | POST   200     5.2ms /api/smart-scheduling/generate
2026-05-26 10:38:46 | INFO    | aps.solve       | 开始排产: strategy=90a48e5ab9ba41b9a78817974a59f635, 可排产订单数=2
2026-05-26 10:38:46 | INFO    | aps.mrp         | 处理订单: code=D001 material_code=C001 quantity=3000
2026-05-26 10:38:46 | INFO    | aps.mrp         |   匹配物料: id=fadbc868875f4c2a8f909a960d19f269 code=C001 name=紫晶装备 source=PRODUCED
2026-05-26 10:38:47 | INFO    | aps.mrp         |   BOM子件数=1, 可用库存=1000
2026-05-26 10:38:47 | INFO    | aps.mrp         |   订单物料 C001 加入DAG, 需求量=3000
2026-05-26 10:38:47 | INFO    | aps.mrp         | 处理订单: code=D002 material_code=C001 quantity=2000
2026-05-26 10:38:47 | INFO    | aps.mrp         |   匹配物料: id=fadbc868875f4c2a8f909a960d19f269 code=C001 name=紫晶装备 source=PRODUCED
2026-05-26 10:38:47 | INFO    | aps.mrp         |   BOM子件数=1, 可用库存=1000
2026-05-26 10:38:47 | INFO    | aps.solve       | MRP完成: 缺料DAG节点数=1, 补充订单数=0
2026-05-26 10:38:47 | INFO    | aps.task_gen    | 缺料DAG: 1个节点, 0条边
2026-05-26 10:38:47 | INFO    | aps.task_gen    |   DAG节点: material=C001(fadbc868875f4c2a8f909a960d19f269) source=PRODUCED demand=5000.00 orders={'2dbbdd247ba0446fa2ae77b0d3567b11': 3000.0, 'bb20ea266fb047bea8ce115c1b0dcf5a': 2000.0}
2026-05-26 10:38:47 | INFO    | aps.task_gen    | 拓扑排序后物料顺序 (1): ['fadbc868875f4c2a8f909a960d19f269']
2026-05-26 10:38:47 | INFO    | aps.task_gen    | 任务生成完成: 共生成 2 个任务, 2 个订单关联记录
2026-05-26 10:38:47 | INFO    | aps.solve       | 求解准备: 任务数=2, 资源数=1
2026-05-26 10:38:47 | INFO    | aps.solve       |   资源: id=579a3c2c code=Z001 status=NORMAL throughput=10/H
2026-05-26 10:38:47 | INFO    | aps.solve       | 工作日历已加载: 1个日历, 1个工作模式
2026-05-26 10:38:47 | INFO    | aps.scheduler   |   任务 TASK-D001-G001-1(G001): qty=3000, 资源=1个, 工期=['18000']分
2026-05-26 10:38:47 | INFO    | aps.scheduler   |   任务 TASK-D002-G001-1(G001): qty=2000, 资源=1个, 工期=['12000']分
2026-05-26 10:38:47 | INFO    | aps.scheduler   | 构建CP模型: 总任务=2, 跳过=0, 有效=2, 资源=1
2026-05-26 10:38:47 | INFO    | aps.scheduler   | 时间窗: 静态=43200分, 动态=46440分, 总工期估算=30000分
2026-05-26 10:38:47 | INFO    | aps.scheduler   | 已添加非工作日约束区间: 9个
2026-05-26 10:38:47 | ERROR   | aps.scheduler   | 求解器返回 INFEASIBLE。总任务=2, 跳过=0, 有效=2, 资源=1
2026-05-26 10:38:48 | INFO    | aps             | GET    200     0.0ms /api/smart-scheduling/plan/progress?task_id=c7fef8d41a644d1581becc913fff7382
2026-05-26 10:49:09 | INFO    | aps             | GET    307     0.0ms /api/planning-strategies?page=1&page_size=100
2026-05-26 10:49:09 | INFO    | aps             | GET    307     4.2ms /api/production-orders?page=1&page_size=1000
2026-05-26 10:49:09 | INFO    | aps             | GET    307     1.0ms /api/planning-strategies?page=1&page_size=100
2026-05-26 10:49:09 | INFO    | aps             | GET    307     1.0ms /api/production-orders?page=1&page_size=1000
2026-05-26 10:49:09 | INFO    | aps             | GET    200     9.4ms /api/production-orders/?page=1&page_size=1000
2026-05-26 10:49:09 | INFO    | aps             | GET    200    11.5ms /api/planning-strategies/?page=1&page_size=100
2026-05-26 10:49:09 | INFO    | aps             | GET    200     9.4ms /api/production-orders/?page=1&page_size=1000
2026-05-26 10:49:09 | INFO    | aps             | GET    200    10.5ms /api/planning-strategies/?page=1&page_size=100
2026-05-26 10:50:08 | INFO    | aps             | 数据库表已就绪
2026-05-26 10:51:03 | INFO    | aps             | GET    307     1.0ms /api/planning-strategies?page=1&page_size=100
2026-05-26 10:51:03 | INFO    | aps             | GET    307     0.0ms /api/production-orders?page=1&page_size=1000
2026-05-26 10:51:03 | INFO    | aps             | GET    307     1.0ms /api/planning-strategies?page=1&page_size=100
2026-05-26 10:51:03 | INFO    | aps             | GET    307     0.0ms /api/production-orders?page=1&page_size=1000
2026-05-26 10:51:03 | INFO    | aps             | GET    200    80.3ms /api/planning-strategies/?page=1&page_size=100
2026-05-26 10:51:03 | INFO    | aps             | GET    200     7.3ms /api/planning-strategies/?page=1&page_size=100
2026-05-26 10:51:03 | INFO    | aps             | GET    200   105.6ms /api/production-orders/?page=1&page_size=1000
2026-05-26 10:51:03 | INFO    | aps             | GET    200     7.1ms /api/production-orders/?page=1&page_size=1000
2026-05-26 10:51:08 | INFO    | aps             | POST   200    10.2ms /api/smart-scheduling/generate
2026-05-26 10:51:08 | INFO    | aps.solve       | 开始排产: strategy=90a48e5ab9ba41b9a78817974a59f635, 可排产订单数=2
2026-05-26 10:51:08 | INFO    | aps.mrp         | 处理订单: code=D001 material_code=C001 quantity=3000
2026-05-26 10:51:08 | INFO    | aps.mrp         |   匹配物料: id=fadbc868875f4c2a8f909a960d19f269 code=C001 name=紫晶装备 source=PRODUCED
2026-05-26 10:51:08 | INFO    | aps.mrp         |   BOM子件数=1, 可用库存=1000
2026-05-26 10:51:08 | INFO    | aps.mrp         |   订单物料 C001 加入DAG, 需求量=3000
2026-05-26 10:51:08 | INFO    | aps.mrp         | 处理订单: code=D002 material_code=C001 quantity=2000
2026-05-26 10:51:08 | INFO    | aps.mrp         |   匹配物料: id=fadbc868875f4c2a8f909a960d19f269 code=C001 name=紫晶装备 source=PRODUCED
2026-05-26 10:51:08 | INFO    | aps.mrp         |   BOM子件数=1, 可用库存=1000
2026-05-26 10:51:08 | INFO    | aps.solve       | MRP完成: 缺料DAG节点数=1, 补充订单数=0
2026-05-26 10:51:08 | INFO    | aps.task_gen    | 缺料DAG: 1个节点, 0条边
2026-05-26 10:51:08 | INFO    | aps.task_gen    |   DAG节点: material=C001(fadbc868875f4c2a8f909a960d19f269) source=PRODUCED demand=5000.00 orders={'2dbbdd247ba0446fa2ae77b0d3567b11': 3000.0, 'bb20ea266fb047bea8ce115c1b0dcf5a': 2000.0}
2026-05-26 10:51:08 | INFO    | aps.task_gen    | 拓扑排序后物料顺序 (1): ['fadbc868875f4c2a8f909a960d19f269']
2026-05-26 10:51:08 | INFO    | aps.task_gen    | 任务生成完成: 共生成 2 个任务, 2 个订单关联记录
2026-05-26 10:51:08 | INFO    | aps.solve       | 求解准备: 任务数=2, 资源数=1
2026-05-26 10:51:08 | INFO    | aps.solve       |   资源: id=579a3c2c code=Z001 status=NORMAL throughput=10/H
2026-05-26 10:51:08 | INFO    | aps.solve       | 工作日历已加载: 1个日历, 1个工作模式
2026-05-26 10:51:08 | INFO    | aps.scheduler   |   任务 TASK-D001-G001-1(G001): qty=3000, 资源=1个, 工期=['18000']分
2026-05-26 10:51:08 | INFO    | aps.scheduler   |   任务 TASK-D002-G001-1(G001): qty=2000, 资源=1个, 工期=['12000']分
2026-05-26 10:51:08 | INFO    | aps.scheduler   | 构建CP模型: 总任务=2, 跳过=0, 有效=2, 资源=1
2026-05-26 10:51:08 | INFO    | aps.scheduler   | 工作日历: 34天内10个非工作日, horizon扩展14400分(10.0天)
2026-05-26 10:51:08 | INFO    | aps.scheduler   | 时间窗: 静态=43200分, 动态=60840分, 总工期估算=30000分
2026-05-26 10:51:08 | INFO    | aps.scheduler   | 已添加非工作日开始约束: 24条
2026-05-26 10:51:10 | INFO    | aps             | GET    200     2.5ms /api/smart-scheduling/plan/progress?task_id=36381ee9e772403cb1bf97f88da89a36
2026-05-26 10:51:10 | INFO    | aps             | POST   200    19.5ms /api/smart-scheduling/preview/plan/tasks
2026-05-26 10:51:10 | INFO    | aps             | POST   200    29.7ms /api/smart-scheduling/preview/plan/resource/gantt
2026-05-26 10:52:02 | INFO    | aps             | POST   200    19.3ms /api/smart-scheduling/plan/pending/cancel
2026-05-26 10:52:02 | INFO    | aps             | GET    307     3.5ms /api/planning-strategies?page=1&page_size=10
2026-05-26 10:52:02 | INFO    | aps             | GET    200    20.5ms /api/planning-strategies/scheduling-rule/options
2026-05-26 10:52:02 | INFO    | aps             | GET    307     1.0ms /api/planning-strategies?page=1&page_size=10
2026-05-26 10:52:02 | INFO    | aps             | GET    200     0.5ms /api/planning-strategies/scheduling-rule/options
2026-05-26 10:52:02 | INFO    | aps             | GET    200     6.9ms /api/planning-strategies/?page=1&page_size=10
2026-05-26 10:52:02 | INFO    | aps             | GET    200     6.0ms /api/planning-strategies/?page=1&page_size=10
2026-05-26 10:53:26 | INFO    | aps             | POST   200   148.9ms /api/schedule
2026-05-26 10:55:19 | INFO    | aps             | POST   200   151.0ms /api/schedule
2026-05-26 10:55:23 | INFO    | aps             | POST   200   158.8ms /api/schedule
2026-05-26 10:55:27 | INFO    | aps             | POST   200   153.0ms /api/schedule
2026-05-26 10:55:27 | INFO    | aps             | POST   200   165.1ms /api/schedule
2026-05-26 10:55:28 | INFO    | aps             | POST   200   171.4ms /api/schedule
2026-05-26 10:55:29 | INFO    | aps             | POST   200   152.0ms /api/schedule
2026-05-26 10:55:29 | INFO    | aps             | POST   200   169.2ms /api/schedule
2026-05-26 10:55:30 | INFO    | aps             | POST   200   144.5ms /api/schedule
2026-05-26 10:55:30 | INFO    | aps             | POST   200   154.4ms /api/schedule
2026-05-26 10:55:31 | INFO    | aps             | POST   200   163.7ms /api/schedule
2026-05-26 10:55:39 | INFO    | aps             | POST   200   163.8ms /api/schedule
2026-05-26 10:55:42 | INFO    | aps             | POST   200   191.5ms /api/schedule
2026-05-26 10:55:45 | INFO    | aps             | POST   200   172.2ms /api/schedule
2026-05-26 10:55:53 | INFO    | aps             | POST   200   178.0ms /api/schedule
2026-05-26 10:56:21 | INFO    | aps             | POST   200   192.2ms /api/schedule
2026-05-26 10:56:25 | INFO    | aps             | POST   200   233.8ms /api/schedule
2026-05-26 10:57:11 | INFO    | aps             | GET    307     0.0ms /api/production-resources?page=1&page_size=10
2026-05-26 10:57:11 | INFO    | aps             | GET    307     0.0ms /api/production-resources?page=1&page_size=10
2026-05-26 10:57:11 | INFO    | aps             | GET    200    13.7ms /api/production-resources/?page=1&page_size=10
2026-05-26 10:57:11 | INFO    | aps             | GET    200     5.7ms /api/production-resources/?page=1&page_size=10
2026-05-26 10:58:21 | INFO    | aps             | GET    307     0.0ms /api/planning-strategies?page=1&page_size=100
2026-05-26 10:58:21 | INFO    | aps             | GET    307     2.5ms /api/production-orders?page=1&page_size=1000
2026-05-26 10:58:21 | INFO    | aps             | GET    307     0.0ms /api/planning-strategies?page=1&page_size=100
2026-05-26 10:58:21 | INFO    | aps             | GET    307     0.0ms /api/production-orders?page=1&page_size=1000
2026-05-26 10:58:21 | INFO    | aps             | GET    200    10.3ms /api/planning-strategies/?page=1&page_size=100
2026-05-26 10:58:21 | INFO    | aps             | GET    200    11.3ms /api/production-orders/?page=1&page_size=1000
2026-05-26 10:58:21 | INFO    | aps             | GET    200     8.0ms /api/planning-strategies/?page=1&page_size=100
2026-05-26 10:58:21 | INFO    | aps             | GET    200    10.0ms /api/production-orders/?page=1&page_size=1000
2026-05-26 10:58:24 | INFO    | aps             | POST   200   136.1ms /api/schedule
2026-05-26 10:58:36 | WARNING | aps             | POST   400     2.0ms /api/schedule
2026-05-26 10:58:45 | WARNING | aps             | POST   400     2.0ms /api/schedule
2026-05-26 10:58:50 | INFO    | aps             | POST   200   186.9ms /api/schedule
2026-05-26 11:00:11 | INFO    | aps             | GET    307     0.0ms /api/materials?page=1&page_size=10
2026-05-26 11:00:11 | INFO    | aps             | GET    307     0.0ms /api/materials?page=1&page_size=10
2026-05-26 11:00:11 | INFO    | aps             | GET    200    14.9ms /api/materials/?page=1&page_size=10
2026-05-26 11:00:11 | INFO    | aps             | GET    200     7.9ms /api/materials/?page=1&page_size=10
2026-05-26 11:00:14 | INFO    | aps             | GET    307     0.0ms /api/production-orders?page=1&page_size=10
2026-05-26 11:00:14 | INFO    | aps             | GET    307     2.6ms /api/materials?page=1&page_size=1000
2026-05-26 11:00:14 | INFO    | aps             | GET    307     1.2ms /api/production-orders?page=1&page_size=10
2026-05-26 11:00:14 | INFO    | aps             | GET    307     0.5ms /api/materials?page=1&page_size=1000
2026-05-26 11:00:14 | INFO    | aps             | GET    200    12.4ms /api/production-orders/?page=1&page_size=10
2026-05-26 11:00:14 | INFO    | aps             | GET    200    16.6ms /api/materials/?page=1&page_size=1000
2026-05-26 11:00:14 | INFO    | aps             | GET    200    64.3ms /api/production-orders/?page=1&page_size=10
2026-05-26 11:00:14 | INFO    | aps             | GET    200    84.7ms /api/materials/?page=1&page_size=1000
2026-05-26 11:00:18 | INFO    | aps             | GET    307     0.0ms /api/production-resources?page=1&page_size=10
2026-05-26 11:00:18 | INFO    | aps             | GET    307     0.0ms /api/production-resources?page=1&page_size=10
2026-05-26 11:00:18 | INFO    | aps             | GET    200     7.7ms /api/production-resources/?page=1&page_size=10
2026-05-26 11:00:18 | INFO    | aps             | GET    200     6.0ms /api/production-resources/?page=1&page_size=10
2026-05-26 11:00:28 | INFO    | aps             | PUT    200    27.4ms /api/production-resources/579a3c2c77e34112bff2cd21c8a419df
2026-05-26 11:00:28 | INFO    | aps             | GET    307     0.0ms /api/production-resources?page=1&page_size=10
2026-05-26 11:00:28 | INFO    | aps             | GET    200     6.5ms /api/production-resources/?page=1&page_size=10
2026-05-26 11:00:33 | INFO    | aps             | PUT    200    20.9ms /api/production-resources/579a3c2c77e34112bff2cd21c8a419df
2026-05-26 11:00:33 | INFO    | aps             | GET    307     0.0ms /api/production-resources?page=1&page_size=10
2026-05-26 11:00:33 | INFO    | aps             | GET    200     7.3ms /api/production-resources/?page=1&page_size=10
2026-05-26 11:01:13 | INFO    | aps             | POST   307     0.0ms /api/production-resources
2026-05-26 11:01:14 | INFO    | aps             | OPTIONS 200     0.0ms /api/production-resources/
2026-05-26 11:01:14 | INFO    | aps             | POST   201    23.2ms /api/production-resources/
2026-05-26 11:01:14 | INFO    | aps             | GET    307     0.5ms /api/production-resources?page=1&page_size=10
2026-05-26 11:01:14 | INFO    | aps             | GET    200     7.4ms /api/production-resources/?page=1&page_size=10
2026-05-26 11:01:17 | INFO    | aps             | GET    307     1.5ms /api/planning-strategies?page=1&page_size=100
2026-05-26 11:01:17 | INFO    | aps             | GET    307     2.0ms /api/production-orders?page=1&page_size=1000
2026-05-26 11:01:17 | INFO    | aps             | GET    307     2.7ms /api/planning-strategies?page=1&page_size=100
2026-05-26 11:01:17 | INFO    | aps             | GET    307     0.0ms /api/production-orders?page=1&page_size=1000
2026-05-26 11:01:17 | INFO    | aps             | GET    200    12.3ms /api/planning-strategies/?page=1&page_size=100
2026-05-26 11:01:17 | INFO    | aps             | GET    200    18.6ms /api/production-orders/?page=1&page_size=1000
2026-05-26 11:01:17 | INFO    | aps             | GET    200     9.9ms /api/planning-strategies/?page=1&page_size=100
2026-05-26 11:01:17 | INFO    | aps             | GET    200     8.2ms /api/production-orders/?page=1&page_size=1000
2026-05-26 11:01:20 | INFO    | aps             | POST   200     2.5ms /api/smart-scheduling/generate
2026-05-26 11:01:20 | INFO    | aps.solve       | 开始排产: strategy=90a48e5ab9ba41b9a78817974a59f635, 可排产订单数=2
2026-05-26 11:01:20 | INFO    | aps.mrp         | 处理订单: code=D001 material_code=C001 quantity=3000
2026-05-26 11:01:20 | INFO    | aps.mrp         |   匹配物料: id=fadbc868875f4c2a8f909a960d19f269 code=C001 name=紫晶装备 source=PRODUCED
2026-05-26 11:01:20 | INFO    | aps.mrp         |   BOM子件数=1, 可用库存=1000
2026-05-26 11:01:20 | INFO    | aps.mrp         |   订单物料 C001 加入DAG, 需求量=3000
2026-05-26 11:01:20 | INFO    | aps.mrp         | 处理订单: code=D002 material_code=C001 quantity=2000
2026-05-26 11:01:20 | INFO    | aps.mrp         |   匹配物料: id=fadbc868875f4c2a8f909a960d19f269 code=C001 name=紫晶装备 source=PRODUCED
2026-05-26 11:01:20 | INFO    | aps.mrp         |   BOM子件数=1, 可用库存=1000
2026-05-26 11:01:20 | INFO    | aps.solve       | MRP完成: 缺料DAG节点数=1, 补充订单数=0
2026-05-26 11:01:20 | INFO    | aps.task_gen    | 缺料DAG: 1个节点, 0条边
2026-05-26 11:01:20 | INFO    | aps.task_gen    |   DAG节点: material=C001(fadbc868875f4c2a8f909a960d19f269) source=PRODUCED demand=5000.00 orders={'2dbbdd247ba0446fa2ae77b0d3567b11': 3000.0, 'bb20ea266fb047bea8ce115c1b0dcf5a': 2000.0}
2026-05-26 11:01:20 | INFO    | aps.task_gen    | 拓扑排序后物料顺序 (1): ['fadbc868875f4c2a8f909a960d19f269']
2026-05-26 11:01:20 | INFO    | aps.task_gen    | 任务生成完成: 共生成 2 个任务, 2 个订单关联记录
2026-05-26 11:01:20 | INFO    | aps.solve       | 求解准备: 任务数=2, 资源数=2
2026-05-26 11:01:20 | INFO    | aps.solve       |   资源: id=579a3c2c code=Z001 status=NORMAL throughput=10/H
2026-05-26 11:01:20 | INFO    | aps.solve       |   资源: id=93217e7f code=Z002 status=NORMAL throughput=11/H
2026-05-26 11:01:20 | INFO    | aps.solve       | 工作日历已加载: 1个日历, 1个工作模式
2026-05-26 11:01:20 | INFO    | aps.scheduler   |   任务 TASK-D001-G001-1(G001): qty=3000, 资源=1个, 工期=['18000']分
2026-05-26 11:01:20 | INFO    | aps.scheduler   |   任务 TASK-D002-G001-1(G001): qty=2000, 资源=1个, 工期=['12000']分
2026-05-26 11:01:20 | INFO    | aps.scheduler   | 构建CP模型: 总任务=2, 跳过=0, 有效=2, 资源=2
2026-05-26 11:01:20 | INFO    | aps.scheduler   | 工作日历: 34天内10个非工作日, horizon扩展14400分(10.0天)
2026-05-26 11:01:20 | INFO    | aps.scheduler   | 时间窗: 静态=43200分, 动态=60840分, 总工期估算=30000分
2026-05-26 11:01:20 | INFO    | aps.scheduler   | 已添加非工作日开始约束: 24条
2026-05-26 11:01:22 | INFO    | aps             | GET    200     0.0ms /api/smart-scheduling/plan/progress?task_id=d2fd9f9df29c4a89a42c19d62c783d2e
2026-05-26 11:01:23 | INFO    | aps             | POST   200    15.1ms /api/smart-scheduling/preview/plan/resource/gantt
2026-05-26 11:01:23 | INFO    | aps             | POST   200    15.6ms /api/smart-scheduling/preview/plan/tasks
2026-05-26 11:01:58 | INFO    | aps             | POST   200    14.3ms /api/smart-scheduling/plan/pending/cancel
2026-05-26 11:02:01 | INFO    | aps             | POST   200     7.4ms /api/smart-scheduling/generate
2026-05-26 11:02:01 | INFO    | aps.solve       | 开始排产: strategy=90a48e5ab9ba41b9a78817974a59f635, 可排产订单数=2
2026-05-26 11:02:01 | INFO    | aps.mrp         | 处理订单: code=D001 material_code=C001 quantity=3000
2026-05-26 11:02:01 | INFO    | aps.mrp         |   匹配物料: id=fadbc868875f4c2a8f909a960d19f269 code=C001 name=紫晶装备 source=PRODUCED
2026-05-26 11:02:01 | INFO    | aps.mrp         |   BOM子件数=1, 可用库存=1000
2026-05-26 11:02:01 | INFO    | aps.mrp         |   订单物料 C001 加入DAG, 需求量=3000
2026-05-26 11:02:01 | INFO    | aps.mrp         | 处理订单: code=D002 material_code=C001 quantity=2000
2026-05-26 11:02:01 | INFO    | aps.mrp         |   匹配物料: id=fadbc868875f4c2a8f909a960d19f269 code=C001 name=紫晶装备 source=PRODUCED
2026-05-26 11:02:01 | INFO    | aps.mrp         |   BOM子件数=1, 可用库存=1000
2026-05-26 11:02:01 | INFO    | aps.solve       | MRP完成: 缺料DAG节点数=1, 补充订单数=0
2026-05-26 11:02:01 | INFO    | aps.task_gen    | 缺料DAG: 1个节点, 0条边
2026-05-26 11:02:01 | INFO    | aps.task_gen    |   DAG节点: material=C001(fadbc868875f4c2a8f909a960d19f269) source=PRODUCED demand=5000.00 orders={'2dbbdd247ba0446fa2ae77b0d3567b11': 3000.0, 'bb20ea266fb047bea8ce115c1b0dcf5a': 2000.0}
2026-05-26 11:02:01 | INFO    | aps.task_gen    | 拓扑排序后物料顺序 (1): ['fadbc868875f4c2a8f909a960d19f269']
2026-05-26 11:02:01 | INFO    | aps.task_gen    | 任务生成完成: 共生成 2 个任务, 2 个订单关联记录
2026-05-26 11:02:01 | INFO    | aps.solve       | 求解准备: 任务数=2, 资源数=2
2026-05-26 11:02:01 | INFO    | aps.solve       |   资源: id=579a3c2c code=Z001 status=NORMAL throughput=10/H
2026-05-26 11:02:01 | INFO    | aps.solve       |   资源: id=93217e7f code=Z002 status=NORMAL throughput=11/H
2026-05-26 11:02:02 | INFO    | aps.solve       | 工作日历已加载: 1个日历, 1个工作模式
2026-05-26 11:02:02 | INFO    | aps.scheduler   |   任务 TASK-D001-G001-1(G001): qty=3000, 资源=1个, 工期=['18000']分
2026-05-26 11:02:02 | INFO    | aps.scheduler   |   任务 TASK-D002-G001-1(G001): qty=2000, 资源=1个, 工期=['12000']分
2026-05-26 11:02:02 | INFO    | aps.scheduler   | 构建CP模型: 总任务=2, 跳过=0, 有效=2, 资源=2
2026-05-26 11:02:02 | INFO    | aps.scheduler   | 工作日历: 34天内10个非工作日, horizon扩展14400分(10.0天)
2026-05-26 11:02:02 | INFO    | aps.scheduler   | 时间窗: 静态=43200分, 动态=60840分, 总工期估算=30000分
2026-05-26 11:02:02 | INFO    | aps.scheduler   | 已添加非工作日开始约束: 24条
2026-05-26 11:02:03 | INFO    | aps             | GET    200     0.0ms /api/smart-scheduling/plan/progress?task_id=7b875f9d961c40d385e8d23897ec8f94
2026-05-26 11:02:04 | INFO    | aps             | POST   200    16.6ms /api/smart-scheduling/preview/plan/tasks
2026-05-26 11:02:04 | INFO    | aps             | POST   200    19.6ms /api/smart-scheduling/preview/plan/resource/gantt
2026-05-26 11:03:48 | INFO    | aps             | GET    307     0.0ms /api/materials?page=1&page_size=1000
2026-05-26 11:03:48 | INFO    | aps             | GET    307     2.5ms /api/production-orders?page=1&page_size=10
2026-05-26 11:03:48 | INFO    | aps             | POST   200    24.4ms /api/smart-scheduling/plan/pending/cancel
2026-05-26 11:03:48 | INFO    | aps             | GET    307     1.0ms /api/materials?page=1&page_size=1000
2026-05-26 11:03:48 | INFO    | aps             | GET    307     1.5ms /api/production-orders?page=1&page_size=10
2026-05-26 11:03:49 | INFO    | aps             | GET    200     7.1ms /api/production-orders/?page=1&page_size=10
2026-05-26 11:03:49 | INFO    | aps             | GET    200     8.3ms /api/materials/?page=1&page_size=1000
2026-05-26 11:03:49 | INFO    | aps             | GET    200    10.3ms /api/materials/?page=1&page_size=1000
2026-05-26 11:03:49 | INFO    | aps             | GET    200    10.3ms /api/production-orders/?page=1&page_size=10
2026-05-26 11:03:56 | INFO    | aps             | GET    307     1.0ms /api/planning-strategies?page=1&page_size=10
2026-05-26 11:03:56 | INFO    | aps             | GET    200     2.0ms /api/planning-strategies/scheduling-rule/options
2026-05-26 11:03:56 | INFO    | aps             | GET    307     0.8ms /api/planning-strategies?page=1&page_size=10
2026-05-26 11:03:56 | INFO    | aps             | GET    200     1.0ms /api/planning-strategies/scheduling-rule/options
2026-05-26 11:03:56 | INFO    | aps             | GET    200    10.4ms /api/planning-strategies/?page=1&page_size=10
2026-05-26 11:03:56 | INFO    | aps             | GET    200     7.6ms /api/planning-strategies/?page=1&page_size=10
2026-05-26 11:04:13 | INFO    | aps             | PUT    200    12.0ms /api/planning-strategies/90a48e5ab9ba41b9a78817974a59f635
2026-05-26 11:04:13 | INFO    | aps             | GET    307     0.0ms /api/planning-strategies?page=1&page_size=10
2026-05-26 11:04:14 | INFO    | aps             | GET    200     8.6ms /api/planning-strategies/?page=1&page_size=10
2026-05-26 11:04:15 | INFO    | aps             | GET    307     1.4ms /api/planning-strategies?page=1&page_size=100
2026-05-26 11:04:15 | INFO    | aps             | GET    307     1.0ms /api/production-orders?page=1&page_size=1000
2026-05-26 11:04:15 | INFO    | aps             | GET    307     2.0ms /api/planning-strategies?page=1&page_size=100
2026-05-26 11:04:15 | INFO    | aps             | GET    307     0.0ms /api/production-orders?page=1&page_size=1000
2026-05-26 11:04:15 | INFO    | aps             | GET    200    12.1ms /api/production-orders/?page=1&page_size=1000
2026-05-26 11:04:15 | INFO    | aps             | GET    200    14.7ms /api/planning-strategies/?page=1&page_size=100
2026-05-26 11:04:15 | INFO    | aps             | GET    200     8.3ms /api/production-orders/?page=1&page_size=1000
2026-05-26 11:04:15 | INFO    | aps             | GET    200     8.3ms /api/planning-strategies/?page=1&page_size=100
2026-05-26 11:04:16 | INFO    | aps             | GET    307     0.0ms /api/production-orders?page=1&page_size=1000
2026-05-26 11:04:16 | INFO    | aps             | GET    200     5.9ms /api/production-orders/?page=1&page_size=1000
2026-05-26 11:04:20 | INFO    | aps             | GET    307     0.0ms /api/planning-strategies?page=1&page_size=100
2026-05-26 11:04:20 | INFO    | aps             | GET    307     4.3ms /api/production-orders?page=1&page_size=1000
2026-05-26 11:04:20 | INFO    | aps             | GET    307     0.0ms /api/planning-strategies?page=1&page_size=100
2026-05-26 11:04:20 | INFO    | aps             | GET    307     1.1ms /api/production-orders?page=1&page_size=1000
2026-05-26 11:04:20 | INFO    | aps             | GET    200    12.0ms /api/planning-strategies/?page=1&page_size=100
2026-05-26 11:04:20 | INFO    | aps             | GET    200    15.6ms /api/production-orders/?page=1&page_size=1000
2026-05-26 11:04:20 | INFO    | aps             | GET    200     9.4ms /api/production-orders/?page=1&page_size=1000
2026-05-26 11:04:20 | INFO    | aps             | GET    200    11.1ms /api/planning-strategies/?page=1&page_size=100
2026-05-26 11:04:23 | INFO    | aps             | POST   200     6.2ms /api/smart-scheduling/generate
2026-05-26 11:04:23 | INFO    | aps.solve       | 开始排产: strategy=90a48e5ab9ba41b9a78817974a59f635, 可排产订单数=2
2026-05-26 11:04:23 | INFO    | aps.mrp         | 处理订单: code=D001 material_code=C001 quantity=3000
2026-05-26 11:04:23 | INFO    | aps.mrp         |   匹配物料: id=fadbc868875f4c2a8f909a960d19f269 code=C001 name=紫晶装备 source=PRODUCED
2026-05-26 11:04:23 | INFO    | aps.mrp         |   BOM子件数=1, 可用库存=1000
2026-05-26 11:04:23 | INFO    | aps.mrp         |   订单物料 C001 加入DAG, 需求量=3000
2026-05-26 11:04:23 | INFO    | aps.mrp         | 处理订单: code=D002 material_code=C001 quantity=2000
2026-05-26 11:04:23 | INFO    | aps.mrp         |   匹配物料: id=fadbc868875f4c2a8f909a960d19f269 code=C001 name=紫晶装备 source=PRODUCED
2026-05-26 11:04:23 | INFO    | aps.mrp         |   BOM子件数=1, 可用库存=1000
2026-05-26 11:04:23 | INFO    | aps.solve       | MRP完成: 缺料DAG节点数=1, 补充订单数=0
2026-05-26 11:04:23 | INFO    | aps.task_gen    | 缺料DAG: 1个节点, 0条边
2026-05-26 11:04:23 | INFO    | aps.task_gen    |   DAG节点: material=C001(fadbc868875f4c2a8f909a960d19f269) source=PRODUCED demand=5000.00 orders={'2dbbdd247ba0446fa2ae77b0d3567b11': 3000.0, 'bb20ea266fb047bea8ce115c1b0dcf5a': 2000.0}
2026-05-26 11:04:23 | INFO    | aps.task_gen    | 拓扑排序后物料顺序 (1): ['fadbc868875f4c2a8f909a960d19f269']
2026-05-26 11:04:23 | INFO    | aps.task_gen    | 任务生成完成: 共生成 2 个任务, 2 个订单关联记录
2026-05-26 11:04:23 | INFO    | aps.solve       | 求解准备: 任务数=2, 资源数=2
2026-05-26 11:04:23 | INFO    | aps.solve       |   资源: id=579a3c2c code=Z001 status=NORMAL throughput=10/H
2026-05-26 11:04:23 | INFO    | aps.solve       |   资源: id=93217e7f code=Z002 status=NORMAL throughput=11/H
2026-05-26 11:04:23 | INFO    | aps.solve       | 工作日历已加载: 1个日历, 1个工作模式
2026-05-26 11:04:23 | INFO    | aps.scheduler   |   任务 TASK-D001-G001-1(G001): qty=3000, 资源=1个, 工期=['18000']分
2026-05-26 11:04:23 | INFO    | aps.scheduler   |   任务 TASK-D002-G001-1(G001): qty=2000, 资源=1个, 工期=['12000']分
2026-05-26 11:04:23 | INFO    | aps.scheduler   | 构建CP模型: 总任务=2, 跳过=0, 有效=2, 资源=2
2026-05-26 11:04:23 | INFO    | aps.scheduler   | 工作日历: 34天内10个非工作日, horizon扩展14400分(10.0天)
2026-05-26 11:04:23 | INFO    | aps.scheduler   | 时间窗: 静态=43200分, 动态=60840分, 总工期估算=30000分
2026-05-26 11:04:23 | INFO    | aps.scheduler   | 已添加非工作日开始约束: 24条
2026-05-26 11:04:25 | INFO    | aps             | GET    200     0.5ms /api/smart-scheduling/plan/progress?task_id=9c7269cf0cad419d9728358ce723b6bf
2026-05-26 11:04:26 | INFO    | aps             | POST   200    15.3ms /api/smart-scheduling/preview/plan/resource/gantt
2026-05-26 11:04:26 | INFO    | aps             | POST   200    19.1ms /api/smart-scheduling/preview/plan/tasks
2026-05-26 11:04:30 | INFO    | aps             | GET    307     0.0ms /api/planning-strategies?page=1&page_size=10
2026-05-26 11:04:30 | INFO    | aps             | POST   200    20.9ms /api/smart-scheduling/plan/pending/cancel
2026-05-26 11:04:30 | INFO    | aps             | GET    200    21.7ms /api/planning-strategies/scheduling-rule/options
2026-05-26 11:04:30 | INFO    | aps             | GET    307     2.4ms /api/planning-strategies?page=1&page_size=10
2026-05-26 11:04:30 | INFO    | aps             | GET    200     0.0ms /api/planning-strategies/scheduling-rule/options
2026-05-26 11:04:30 | INFO    | aps             | GET    200     8.1ms /api/planning-strategies/?page=1&page_size=10
2026-05-26 11:04:30 | INFO    | aps             | GET    200     9.9ms /api/planning-strategies/?page=1&page_size=10
2026-05-26 11:05:52 | INFO    | aps             | POST   200   140.8ms /api/schedule
2026-05-26 11:14:11 | INFO    | aps             | 数据库表已就绪
2026-05-26 11:14:36 | INFO    | aps             | GET    307     0.0ms /api/planning-strategies?page=1&page_size=100
2026-05-26 11:14:36 | INFO    | aps             | GET    307     2.0ms /api/production-orders?page=1&page_size=1000
2026-05-26 11:14:36 | INFO    | aps             | GET    307     1.5ms /api/planning-strategies?page=1&page_size=100
2026-05-26 11:14:36 | INFO    | aps             | GET    307     1.0ms /api/production-orders?page=1&page_size=1000
2026-05-26 11:14:37 | INFO    | aps             | GET    200    91.7ms /api/production-orders/?page=1&page_size=1000
2026-05-26 11:14:37 | INFO    | aps             | GET    200     8.8ms /api/production-orders/?page=1&page_size=1000
2026-05-26 11:14:37 | INFO    | aps             | GET    200   119.7ms /api/planning-strategies/?page=1&page_size=100
2026-05-26 11:14:37 | INFO    | aps             | GET    200     7.0ms /api/planning-strategies/?page=1&page_size=100
2026-05-26 11:14:39 | INFO    | aps             | POST   200     8.8ms /api/smart-scheduling/generate
2026-05-26 11:14:39 | INFO    | aps.solve       | 开始排产: strategy=90a48e5ab9ba41b9a78817974a59f635, 可排产订单数=2
2026-05-26 11:14:39 | INFO    | aps.mrp         | 处理订单: code=D001 material_code=C001 quantity=3000
2026-05-26 11:14:39 | INFO    | aps.mrp         |   匹配物料: id=fadbc868875f4c2a8f909a960d19f269 code=C001 name=紫晶装备 source=PRODUCED
2026-05-26 11:14:39 | INFO    | aps.mrp         |   BOM子件数=1, 可用库存=1000
2026-05-26 11:14:39 | INFO    | aps.mrp         |   订单物料 C001 加入DAG, 需求量=3000
2026-05-26 11:14:39 | INFO    | aps.mrp         | 处理订单: code=D002 material_code=C001 quantity=2000
2026-05-26 11:14:39 | INFO    | aps.mrp         |   匹配物料: id=fadbc868875f4c2a8f909a960d19f269 code=C001 name=紫晶装备 source=PRODUCED
2026-05-26 11:14:39 | INFO    | aps.mrp         |   BOM子件数=1, 可用库存=1000
2026-05-26 11:14:39 | INFO    | aps.solve       | MRP完成: 缺料DAG节点数=1, 补充订单数=0
2026-05-26 11:14:39 | INFO    | aps.task_gen    | 缺料DAG: 1个节点, 0条边
2026-05-26 11:14:39 | INFO    | aps.task_gen    |   DAG节点: material=C001(fadbc868875f4c2a8f909a960d19f269) source=PRODUCED demand=5000.00 orders={'2dbbdd247ba0446fa2ae77b0d3567b11': 3000.0, 'bb20ea266fb047bea8ce115c1b0dcf5a': 2000.0}
2026-05-26 11:14:39 | INFO    | aps.task_gen    | 拓扑排序后物料顺序 (1): ['fadbc868875f4c2a8f909a960d19f269']
2026-05-26 11:14:39 | INFO    | aps.task_gen    | 任务生成完成: 共生成 2 个任务, 2 个订单关联记录
2026-05-26 11:14:39 | INFO    | aps.solve       | 求解准备: 任务数=2, 资源数=2
2026-05-26 11:14:39 | INFO    | aps.solve       |   资源: id=579a3c2c code=Z001 status=NORMAL throughput=10/H
2026-05-26 11:14:39 | INFO    | aps.solve       |   资源: id=93217e7f code=Z002 status=NORMAL throughput=11/H
2026-05-26 11:14:39 | INFO    | aps.solve       | 工作日历已加载: 1个日历, 1个工作模式
2026-05-26 11:14:39 | INFO    | aps.scheduler   |   任务 TASK-D001-G001-1(G001): qty=3000, 资源=1个, 工期=['18000']分
2026-05-26 11:14:39 | INFO    | aps.scheduler   |   任务 TASK-D002-G001-1(G001): qty=2000, 资源=1个, 工期=['12000']分
2026-05-26 11:14:39 | INFO    | aps.scheduler   | 工作日历已激活，求解器将基于工作分钟空间建模
2026-05-26 11:14:39 | INFO    | aps.scheduler   | 构建CP模型: 总任务=2, 跳过=0, 有效=2, 资源=2
2026-05-26 11:14:39 | INFO    | aps.scheduler   | 工作分钟空间: horizon=46440分(774.0工时), 总工时=30000分
2026-05-26 11:14:41 | INFO    | aps             | GET    200     0.0ms /api/smart-scheduling/plan/progress?task_id=aefa8b6fcde145e7aba994ae4c42d75b
2026-05-26 11:14:41 | INFO    | aps             | POST   200    17.0ms /api/smart-scheduling/preview/plan/tasks
2026-05-26 11:14:41 | INFO    | aps             | POST   200    27.2ms /api/smart-scheduling/preview/plan/resource/gantt
2026-05-26 11:16:10 | INFO    | aps             | POST   200    17.4ms /api/smart-scheduling/plan/pending/cancel
2026-05-26 11:17:31 | INFO    | aps             | POST   200     5.6ms /api/smart-scheduling/generate
2026-05-26 11:17:31 | INFO    | aps.solve       | 开始排产: strategy=90a48e5ab9ba41b9a78817974a59f635, 可排产订单数=2
2026-05-26 11:17:31 | INFO    | aps.mrp         | 处理订单: code=D001 material_code=C001 quantity=3000
2026-05-26 11:17:31 | INFO    | aps.mrp         |   匹配物料: id=fadbc868875f4c2a8f909a960d19f269 code=C001 name=紫晶装备 source=PRODUCED
2026-05-26 11:17:31 | INFO    | aps.mrp         |   BOM子件数=1, 可用库存=1000
2026-05-26 11:17:31 | INFO    | aps.mrp         |   订单物料 C001 加入DAG, 需求量=3000
2026-05-26 11:17:31 | INFO    | aps.mrp         | 处理订单: code=D002 material_code=C001 quantity=2000
2026-05-26 11:17:31 | INFO    | aps.mrp         |   匹配物料: id=fadbc868875f4c2a8f909a960d19f269 code=C001 name=紫晶装备 source=PRODUCED
2026-05-26 11:17:31 | INFO    | aps.mrp         |   BOM子件数=1, 可用库存=1000
2026-05-26 11:17:31 | INFO    | aps.solve       | MRP完成: 缺料DAG节点数=1, 补充订单数=0
2026-05-26 11:17:31 | INFO    | aps.task_gen    | 缺料DAG: 1个节点, 0条边
2026-05-26 11:17:31 | INFO    | aps.task_gen    |   DAG节点: material=C001(fadbc868875f4c2a8f909a960d19f269) source=PRODUCED demand=5000.00 orders={'2dbbdd247ba0446fa2ae77b0d3567b11': 3000.0, 'bb20ea266fb047bea8ce115c1b0dcf5a': 2000.0}
2026-05-26 11:17:31 | INFO    | aps.task_gen    | 拓扑排序后物料顺序 (1): ['fadbc868875f4c2a8f909a960d19f269']
2026-05-26 11:17:31 | INFO    | aps.task_gen    | 任务生成完成: 共生成 2 个任务, 2 个订单关联记录
2026-05-26 11:17:31 | INFO    | aps.solve       | 求解准备: 任务数=2, 资源数=2
2026-05-26 11:17:31 | INFO    | aps.solve       |   资源: id=579a3c2c code=Z001 status=NORMAL throughput=10/H
2026-05-26 11:17:31 | INFO    | aps.solve       |   资源: id=93217e7f code=Z002 status=NORMAL throughput=11/H
2026-05-26 11:17:31 | INFO    | aps.solve       | 工作日历已加载: 1个日历, 1个工作模式
2026-05-26 11:17:31 | INFO    | aps.scheduler   |   任务 TASK-D001-G001-1(G001): qty=3000, 资源=1个, 工期=['18000']分
2026-05-26 11:17:31 | INFO    | aps.scheduler   |   任务 TASK-D002-G001-1(G001): qty=2000, 资源=1个, 工期=['12000']分
2026-05-26 11:17:31 | INFO    | aps.scheduler   | 工作日历已激活，求解器将基于工作分钟空间建模
2026-05-26 11:17:31 | INFO    | aps.scheduler   | 构建CP模型: 总任务=2, 跳过=0, 有效=2, 资源=2
2026-05-26 11:17:31 | INFO    | aps.scheduler   | 工作分钟空间: horizon=46440分(774.0工时), 总工时=30000分
2026-05-26 11:17:33 | INFO    | aps             | GET    200     0.0ms /api/smart-scheduling/plan/progress?task_id=cefd07ae5ade441991c2dd5d5dc78b89
2026-05-26 11:17:34 | INFO    | aps             | POST   200    21.3ms /api/smart-scheduling/preview/plan/tasks
2026-05-26 11:17:34 | INFO    | aps             | POST   200    23.3ms /api/smart-scheduling/preview/plan/resource/gantt
2026-05-26 11:17:35 | INFO    | aps             | POST   200    14.9ms /api/smart-scheduling/plan/pending/cancel
2026-05-26 11:18:40 | INFO    | aps             | 数据库表已就绪
2026-05-26 11:19:55 | INFO    | aps             | GET    307     1.0ms /api/planning-strategies?page=1&page_size=100
2026-05-26 11:19:55 | INFO    | aps             | GET    307     2.0ms /api/production-orders?page=1&page_size=1000
2026-05-26 11:19:55 | INFO    | aps             | GET    307     0.0ms /api/planning-strategies?page=1&page_size=100
2026-05-26 11:19:55 | INFO    | aps             | GET    307     1.0ms /api/production-orders?page=1&page_size=1000
2026-05-26 11:19:56 | INFO    | aps             | GET    200    86.9ms /api/planning-strategies/?page=1&page_size=100
2026-05-26 11:19:56 | INFO    | aps             | GET    200   157.2ms /api/production-orders/?page=1&page_size=1000
2026-05-26 11:19:56 | INFO    | aps             | GET    200     7.9ms /api/production-orders/?page=1&page_size=1000
2026-05-26 11:19:56 | INFO    | aps             | GET    200    86.0ms /api/planning-strategies/?page=1&page_size=100
2026-05-26 11:20:26 | INFO    | aps             | 数据库表已就绪
2026-05-26 11:21:05 | INFO    | aps             | POST   200    21.0ms /api/smart-scheduling/generate
2026-05-26 11:21:05 | INFO    | aps.solve       | 开始排产: strategy=90a48e5ab9ba41b9a78817974a59f635, 可排产订单数=2
2026-05-26 11:21:05 | INFO    | aps.mrp         | 处理订单: code=D001 material_code=C001 quantity=3000
2026-05-26 11:21:05 | INFO    | aps.mrp         |   匹配物料: id=fadbc868875f4c2a8f909a960d19f269 code=C001 name=紫晶装备 source=PRODUCED
2026-05-26 11:21:05 | INFO    | aps.mrp         |   BOM子件数=1, 可用库存=1000
2026-05-26 11:21:05 | INFO    | aps.mrp         |   订单物料 C001 加入DAG, 需求量=3000
2026-05-26 11:21:05 | INFO    | aps.mrp         | 处理订单: code=D002 material_code=C001 quantity=2000
2026-05-26 11:21:05 | INFO    | aps.mrp         |   匹配物料: id=fadbc868875f4c2a8f909a960d19f269 code=C001 name=紫晶装备 source=PRODUCED
2026-05-26 11:21:05 | INFO    | aps.mrp         |   BOM子件数=1, 可用库存=1000
2026-05-26 11:21:05 | INFO    | aps.solve       | MRP完成: 缺料DAG节点数=1, 补充订单数=0
2026-05-26 11:21:05 | INFO    | aps.task_gen    | 缺料DAG: 1个节点, 0条边
2026-05-26 11:21:05 | INFO    | aps.task_gen    |   DAG节点: material=C001(fadbc868875f4c2a8f909a960d19f269) source=PRODUCED demand=5000.00 orders={'2dbbdd247ba0446fa2ae77b0d3567b11': 3000.0, 'bb20ea266fb047bea8ce115c1b0dcf5a': 2000.0}
2026-05-26 11:21:05 | INFO    | aps.task_gen    | 拓扑排序后物料顺序 (1): ['fadbc868875f4c2a8f909a960d19f269']
2026-05-26 11:21:05 | INFO    | aps.task_gen    | 任务生成完成: 共生成 2 个任务, 2 个订单关联记录
2026-05-26 11:21:05 | INFO    | aps.solve       | 求解准备: 任务数=2, 资源数=2
2026-05-26 11:21:05 | INFO    | aps.solve       |   资源: id=579a3c2c code=Z001 name=装备压铸机 status=NORMAL throughput=10/H group=None
2026-05-26 11:21:05 | INFO    | aps.solve       |   资源: id=93217e7f code=Z002 name=装备压铸机 status=NORMAL throughput=11/H group=None
2026-05-26 11:21:05 | INFO    | aps.solve       | 工作日历已加载: 1个日历, 1个工作模式
2026-05-26 11:21:05 | INFO    | aps.scheduler   |   任务 TASK-D001-G001-1(G001): qty=3000, 资源=1个, 工期=['18000']分
2026-05-26 11:21:05 | INFO    | aps.scheduler   |   任务 TASK-D002-G001-1(G001): qty=2000, 资源=1个, 工期=['12000']分
2026-05-26 11:21:05 | INFO    | aps.scheduler   | 工作日历已激活，求解器将基于工作分钟空间建模
2026-05-26 11:21:05 | INFO    | aps.scheduler   | 构建CP模型: 总任务=2, 跳过=0, 有效=2, 资源=2
2026-05-26 11:21:05 | INFO    | aps.scheduler   | 工作分钟空间: horizon=46440分(774.0工时), 总工时=30000分
2026-05-26 11:21:05 | INFO    | aps.scheduler   |   求解结果 - TASK-D001-G001-1 -> 装备压铸机(Z001) offset=12000 dur=18000
2026-05-26 11:21:05 | INFO    | aps.scheduler   |   求解结果 - TASK-D002-G001-1 -> 装备压铸机(Z001) offset=0 dur=12000
2026-05-26 11:21:05 | INFO    | aps.solve       | 资源分配结果: {'TASK-D001-G001-1': '装备压铸机', 'TASK-D002-G001-1': '装备压铸机'}
2026-05-26 11:21:07 | INFO    | aps             | GET    200     2.6ms /api/smart-scheduling/plan/progress?task_id=dd7cda2e35ca434e8d4f520532ce060c
2026-05-26 11:21:07 | INFO    | aps             | POST   200    96.4ms /api/smart-scheduling/preview/plan/tasks
2026-05-26 11:21:07 | INFO    | aps             | POST   200    95.9ms /api/smart-scheduling/preview/plan/resource/gantt
2026-05-26 11:21:08 | INFO    | aps             | POST   200    15.5ms /api/smart-scheduling/plan/pending/cancel
2026-05-26 11:21:12 | INFO    | aps             | GET    307     0.5ms /api/production-orders?page=1&page_size=1000
2026-05-26 11:21:12 | INFO    | aps             | GET    307     2.2ms /api/planning-strategies?page=1&page_size=100
2026-05-26 11:21:12 | INFO    | aps             | GET    307     0.0ms /api/production-orders?page=1&page_size=1000
2026-05-26 11:21:12 | INFO    | aps             | GET    307     0.0ms /api/planning-strategies?page=1&page_size=100
2026-05-26 11:21:12 | INFO    | aps             | GET    200    16.6ms /api/production-orders/?page=1&page_size=1000
2026-05-26 11:21:12 | INFO    | aps             | GET    200    15.1ms /api/planning-strategies/?page=1&page_size=100
2026-05-26 11:21:12 | INFO    | aps             | GET    200     6.9ms /api/planning-strategies/?page=1&page_size=100
2026-05-26 11:21:12 | INFO    | aps             | GET    200    10.4ms /api/production-orders/?page=1&page_size=1000
2026-05-26 12:16:45 | INFO    | aps             | GET    307     3.6ms /api/planning-strategies?page=1&page_size=100
2026-05-26 12:16:45 | INFO    | aps             | GET    307     3.9ms /api/production-orders?page=1&page_size=1000
2026-05-26 12:16:45 | INFO    | aps             | GET    307     1.5ms /api/planning-strategies?page=1&page_size=100
2026-05-26 12:16:45 | INFO    | aps             | GET    307     1.0ms /api/production-orders?page=1&page_size=1000
2026-05-26 12:16:45 | INFO    | aps             | GET    200     8.4ms /api/planning-strategies/?page=1&page_size=100
2026-05-26 12:16:45 | INFO    | aps             | GET    200     9.9ms /api/production-orders/?page=1&page_size=1000
2026-05-26 12:16:45 | INFO    | aps             | GET    200    74.5ms /api/planning-strategies/?page=1&page_size=100
2026-05-26 12:16:45 | INFO    | aps             | GET    200   106.0ms /api/production-orders/?page=1&page_size=1000
2026-05-26 12:16:55 | INFO    | aps             | POST   200     5.4ms /api/smart-scheduling/generate
2026-05-26 12:16:55 | INFO    | aps.solve       | 开始排产: strategy=90a48e5ab9ba41b9a78817974a59f635, 可排产订单数=2
2026-05-26 12:16:55 | INFO    | aps.mrp         | 处理订单: code=D001 material_code=C001 quantity=3000
2026-05-26 12:16:55 | INFO    | aps.mrp         |   匹配物料: id=fadbc868875f4c2a8f909a960d19f269 code=C001 name=紫晶装备 source=PRODUCED
2026-05-26 12:16:55 | INFO    | aps.mrp         |   BOM子件数=1, 可用库存=1000
2026-05-26 12:16:55 | INFO    | aps.mrp         |   订单物料 C001 加入DAG, 需求量=3000
2026-05-26 12:16:55 | INFO    | aps.mrp         | 处理订单: code=D002 material_code=C001 quantity=2000
2026-05-26 12:16:55 | INFO    | aps.mrp         |   匹配物料: id=fadbc868875f4c2a8f909a960d19f269 code=C001 name=紫晶装备 source=PRODUCED
2026-05-26 12:16:55 | INFO    | aps.mrp         |   BOM子件数=1, 可用库存=1000
2026-05-26 12:16:55 | INFO    | aps.solve       | MRP完成: 缺料DAG节点数=1, 补充订单数=0
2026-05-26 12:16:55 | INFO    | aps.task_gen    | 缺料DAG: 1个节点, 0条边
2026-05-26 12:16:55 | INFO    | aps.task_gen    |   DAG节点: material=C001(fadbc868875f4c2a8f909a960d19f269) source=PRODUCED demand=5000.00 orders={'2dbbdd247ba0446fa2ae77b0d3567b11': 3000.0, 'bb20ea266fb047bea8ce115c1b0dcf5a': 2000.0}
2026-05-26 12:16:55 | INFO    | aps.task_gen    | 拓扑排序后物料顺序 (1): ['fadbc868875f4c2a8f909a960d19f269']
2026-05-26 12:16:55 | INFO    | aps.task_gen    | 任务生成完成: 共生成 2 个任务, 2 个订单关联记录
2026-05-26 12:16:55 | INFO    | aps.solve       | 求解准备: 任务数=2, 资源数=2
2026-05-26 12:16:55 | INFO    | aps.solve       |   资源: id=579a3c2c code=Z001 name=装备压铸机 status=NORMAL throughput=10/H group=None
2026-05-26 12:16:55 | INFO    | aps.solve       |   资源: id=93217e7f code=Z002 name=装备压铸机 status=NORMAL throughput=11/H group=None
2026-05-26 12:16:55 | INFO    | aps.solve       | 工作日历已加载: 1个日历, 1个工作模式
2026-05-26 12:16:55 | INFO    | aps.scheduler   |   任务 TASK-D001-G001-1(G001): qty=3000, 资源=1个, 工期=['18000']分
2026-05-26 12:16:55 | INFO    | aps.scheduler   |   任务 TASK-D002-G001-1(G001): qty=2000, 资源=1个, 工期=['12000']分
2026-05-26 12:16:55 | INFO    | aps.scheduler   | 工作日历已激活，求解器将基于工作分钟空间建模
2026-05-26 12:16:55 | INFO    | aps.scheduler   | 构建CP模型: 总任务=2, 跳过=0, 有效=2, 资源=2
2026-05-26 12:16:55 | INFO    | aps.scheduler   | 工作分钟空间: horizon=46440分(774.0工时), 总工时=30000分
2026-05-26 12:16:55 | INFO    | aps.scheduler   |   求解结果 - TASK-D001-G001-1 -> 装备压铸机(Z001) offset=12000 dur=18000
2026-05-26 12:16:55 | INFO    | aps.scheduler   |   求解结果 - TASK-D002-G001-1 -> 装备压铸机(Z001) offset=0 dur=12000
2026-05-26 12:16:55 | INFO    | aps.solve       | 资源分配结果: {'TASK-D001-G001-1': '装备压铸机', 'TASK-D002-G001-1': '装备压铸机'}
2026-05-26 12:16:57 | INFO    | aps             | GET    200     0.0ms /api/smart-scheduling/plan/progress?task_id=d506d1674b4248909dcb81d4d15c7a7a
2026-05-26 12:16:57 | INFO    | aps             | POST   200    16.5ms /api/smart-scheduling/preview/plan/tasks
2026-05-26 12:16:57 | INFO    | aps             | POST   200    17.5ms /api/smart-scheduling/preview/plan/resource/gantt
2026-05-26 12:16:58 | INFO    | aps             | POST   200    11.7ms /api/smart-scheduling/plan/pending/cancel
2026-05-26 12:17:52 | INFO    | aps             | GET    307     1.0ms /api/production-orders?page=1&page_size=1000
2026-05-26 12:17:52 | INFO    | aps             | GET    307     3.2ms /api/planning-strategies?page=1&page_size=100
2026-05-26 12:17:52 | INFO    | aps             | GET    307     0.5ms /api/production-orders?page=1&page_size=1000
2026-05-26 12:17:52 | INFO    | aps             | GET    307     0.9ms /api/planning-strategies?page=1&page_size=100
2026-05-26 12:17:53 | INFO    | aps             | GET    200     8.8ms /api/production-orders/?page=1&page_size=1000
2026-05-26 12:17:53 | INFO    | aps             | GET    200    10.3ms /api/planning-strategies/?page=1&page_size=100
2026-05-26 12:17:53 | INFO    | aps             | GET    200    12.6ms /api/production-orders/?page=1&page_size=1000
2026-05-26 12:17:53 | INFO    | aps             | GET    200    13.7ms /api/planning-strategies/?page=1&page_size=100
2026-05-26 12:17:55 | INFO    | aps             | POST   200     5.6ms /api/smart-scheduling/generate
2026-05-26 12:17:55 | INFO    | aps.solve       | 开始排产: strategy=90a48e5ab9ba41b9a78817974a59f635, 可排产订单数=2
2026-05-26 12:17:55 | INFO    | aps.mrp         | 处理订单: code=D001 material_code=C001 quantity=3000
2026-05-26 12:17:55 | INFO    | aps.mrp         |   匹配物料: id=fadbc868875f4c2a8f909a960d19f269 code=C001 name=紫晶装备 source=PRODUCED
2026-05-26 12:17:55 | INFO    | aps.mrp         |   BOM子件数=1, 可用库存=1000
2026-05-26 12:17:55 | INFO    | aps.mrp         |   订单物料 C001 加入DAG, 需求量=3000
2026-05-26 12:17:55 | INFO    | aps.mrp         | 处理订单: code=D002 material_code=C001 quantity=2000
2026-05-26 12:17:55 | INFO    | aps.mrp         |   匹配物料: id=fadbc868875f4c2a8f909a960d19f269 code=C001 name=紫晶装备 source=PRODUCED
2026-05-26 12:17:55 | INFO    | aps.mrp         |   BOM子件数=1, 可用库存=1000
2026-05-26 12:17:55 | INFO    | aps.solve       | MRP完成: 缺料DAG节点数=1, 补充订单数=0
2026-05-26 12:17:55 | INFO    | aps.task_gen    | 缺料DAG: 1个节点, 0条边
2026-05-26 12:17:55 | INFO    | aps.task_gen    |   DAG节点: material=C001(fadbc868875f4c2a8f909a960d19f269) source=PRODUCED demand=5000.00 orders={'2dbbdd247ba0446fa2ae77b0d3567b11': 3000.0, 'bb20ea266fb047bea8ce115c1b0dcf5a': 2000.0}
2026-05-26 12:17:55 | INFO    | aps.task_gen    | 拓扑排序后物料顺序 (1): ['fadbc868875f4c2a8f909a960d19f269']
2026-05-26 12:17:55 | INFO    | aps.task_gen    | 任务生成完成: 共生成 2 个任务, 2 个订单关联记录
2026-05-26 12:17:55 | INFO    | aps.solve       | 求解准备: 任务数=2, 资源数=2
2026-05-26 12:17:55 | INFO    | aps.solve       |   资源: id=579a3c2c code=Z001 name=装备压铸机 status=NORMAL throughput=10/H group=None
2026-05-26 12:17:55 | INFO    | aps.solve       |   资源: id=93217e7f code=Z002 name=装备压铸机 status=NORMAL throughput=11/H group=None
2026-05-26 12:17:55 | INFO    | aps.solve       | 工作日历已加载: 1个日历, 1个工作模式
2026-05-26 12:17:55 | INFO    | aps.scheduler   |   任务 TASK-D001-G001-1(G001): qty=3000, 资源=1个, 工期=['18000']分
2026-05-26 12:17:55 | INFO    | aps.scheduler   |   任务 TASK-D002-G001-1(G001): qty=2000, 资源=1个, 工期=['12000']分
2026-05-26 12:17:55 | INFO    | aps.scheduler   | 工作日历已激活，求解器将基于工作分钟空间建模
2026-05-26 12:17:55 | INFO    | aps.scheduler   | 构建CP模型: 总任务=2, 跳过=0, 有效=2, 资源=2
2026-05-26 12:17:55 | INFO    | aps.scheduler   | 工作分钟空间: horizon=46440分(774.0工时), 总工时=30000分
2026-05-26 12:17:55 | INFO    | aps.scheduler   |   求解结果 - TASK-D001-G001-1 -> 装备压铸机(Z001) offset=12000 dur=18000
2026-05-26 12:17:55 | INFO    | aps.scheduler   |   求解结果 - TASK-D002-G001-1 -> 装备压铸机(Z001) offset=0 dur=12000
2026-05-26 12:17:55 | INFO    | aps.solve       | 资源分配结果: {'TASK-D001-G001-1': '装备压铸机', 'TASK-D002-G001-1': '装备压铸机'}
2026-05-26 12:17:57 | INFO    | aps             | GET    200     0.0ms /api/smart-scheduling/plan/progress?task_id=c488db5b98f44a3d9c7a36fc4d670d5b
2026-05-26 12:17:58 | INFO    | aps             | POST   200    10.0ms /api/smart-scheduling/preview/plan/resource/gantt
2026-05-26 12:17:58 | INFO    | aps             | POST   200    11.0ms /api/smart-scheduling/preview/plan/tasks
2026-05-26 12:21:02 | INFO    | aps             | GET    307     0.6ms /api/production-orders?page=1&page_size=10
2026-05-26 12:21:02 | INFO    | aps             | GET    307     3.5ms /api/materials?page=1&page_size=1000
2026-05-26 12:21:02 | INFO    | aps             | POST   200    20.7ms /api/smart-scheduling/plan/pending/cancel
2026-05-26 12:21:02 | INFO    | aps             | GET    307     1.8ms /api/production-orders?page=1&page_size=10
2026-05-26 12:21:02 | INFO    | aps             | GET    307     2.4ms /api/materials?page=1&page_size=1000
2026-05-26 12:21:03 | INFO    | aps             | GET    200    15.1ms /api/production-orders/?page=1&page_size=10
2026-05-26 12:21:03 | INFO    | aps             | GET    200    18.1ms /api/materials/?page=1&page_size=1000
2026-05-26 12:21:03 | INFO    | aps             | GET    200     8.6ms /api/production-orders/?page=1&page_size=10
2026-05-26 12:21:03 | INFO    | aps             | GET    200     8.6ms /api/materials/?page=1&page_size=1000
2026-05-26 12:21:15 | INFO    | aps             | GET    307     1.0ms /api/planning-strategies?page=1&page_size=100
2026-05-26 12:21:15 | INFO    | aps             | GET    307     2.0ms /api/production-orders?page=1&page_size=1000
2026-05-26 12:21:15 | INFO    | aps             | GET    307     0.0ms /api/planning-strategies?page=1&page_size=100
2026-05-26 12:21:15 | INFO    | aps             | GET    307     4.3ms /api/production-orders?page=1&page_size=1000
2026-05-26 12:21:15 | INFO    | aps             | GET    200    14.3ms /api/production-orders/?page=1&page_size=1000
2026-05-26 12:21:15 | INFO    | aps             | GET    200    15.6ms /api/planning-strategies/?page=1&page_size=100
2026-05-26 12:21:15 | INFO    | aps             | GET    200    54.7ms /api/planning-strategies/?page=1&page_size=100
2026-05-26 12:21:15 | INFO    | aps             | GET    200    80.7ms /api/production-orders/?page=1&page_size=1000
2026-05-26 12:21:18 | INFO    | aps             | POST   200     5.2ms /api/smart-scheduling/generate
2026-05-26 12:21:18 | INFO    | aps.solve       | 开始排产: strategy=90a48e5ab9ba41b9a78817974a59f635, 可排产订单数=2
2026-05-26 12:21:18 | INFO    | aps.mrp         | 处理订单: code=D001 material_code=C001 quantity=3000
2026-05-26 12:21:18 | INFO    | aps.mrp         |   匹配物料: id=fadbc868875f4c2a8f909a960d19f269 code=C001 name=紫晶装备 source=PRODUCED
2026-05-26 12:21:18 | INFO    | aps.mrp         |   BOM子件数=1, 可用库存=1000
2026-05-26 12:21:18 | INFO    | aps.mrp         |   订单物料 C001 加入DAG, 需求量=3000
2026-05-26 12:21:18 | INFO    | aps.mrp         | 处理订单: code=D002 material_code=C001 quantity=2000
2026-05-26 12:21:18 | INFO    | aps.mrp         |   匹配物料: id=fadbc868875f4c2a8f909a960d19f269 code=C001 name=紫晶装备 source=PRODUCED
2026-05-26 12:21:18 | INFO    | aps.mrp         |   BOM子件数=1, 可用库存=1000
2026-05-26 12:21:18 | INFO    | aps.solve       | MRP完成: 缺料DAG节点数=1, 补充订单数=0
2026-05-26 12:21:18 | INFO    | aps.task_gen    | 缺料DAG: 1个节点, 0条边
2026-05-26 12:21:18 | INFO    | aps.task_gen    |   DAG节点: material=C001(fadbc868875f4c2a8f909a960d19f269) source=PRODUCED demand=5000.00 orders={'2dbbdd247ba0446fa2ae77b0d3567b11': 3000.0, 'bb20ea266fb047bea8ce115c1b0dcf5a': 2000.0}
2026-05-26 12:21:18 | INFO    | aps.task_gen    | 拓扑排序后物料顺序 (1): ['fadbc868875f4c2a8f909a960d19f269']
2026-05-26 12:21:18 | INFO    | aps.task_gen    | 任务生成完成: 共生成 2 个任务, 2 个订单关联记录
2026-05-26 12:21:18 | INFO    | aps.solve       | 求解准备: 任务数=2, 资源数=2
2026-05-26 12:21:18 | INFO    | aps.solve       |   资源: id=579a3c2c code=Z001 name=装备压铸机 status=NORMAL throughput=10/H group=None
2026-05-26 12:21:18 | INFO    | aps.solve       |   资源: id=93217e7f code=Z002 name=装备压铸机 status=NORMAL throughput=11/H group=None
2026-05-26 12:21:18 | INFO    | aps.solve       | 工作日历已加载: 1个日历, 1个工作模式
2026-05-26 12:21:18 | INFO    | aps.scheduler   |   任务 TASK-D001-G001-1(G001): qty=3000, 资源=1个, 工期=['18000']分
2026-05-26 12:21:18 | INFO    | aps.scheduler   |   任务 TASK-D002-G001-1(G001): qty=2000, 资源=1个, 工期=['12000']分
2026-05-26 12:21:18 | INFO    | aps.scheduler   | 工作日历已激活，求解器将基于工作分钟空间建模
2026-05-26 12:21:18 | INFO    | aps.scheduler   | 构建CP模型: 总任务=2, 跳过=0, 有效=2, 资源=2
2026-05-26 12:21:18 | INFO    | aps.scheduler   | 工作分钟空间: horizon=46440分(774.0工时), 总工时=30000分
2026-05-26 12:21:18 | INFO    | aps.scheduler   |   求解结果 - TASK-D001-G001-1 -> 装备压铸机(Z001) offset=12000 dur=18000
2026-05-26 12:21:18 | INFO    | aps.scheduler   |   求解结果 - TASK-D002-G001-1 -> 装备压铸机(Z001) offset=0 dur=12000
2026-05-26 12:21:18 | INFO    | aps.solve       | 资源分配结果: {'TASK-D001-G001-1': '装备压铸机', 'TASK-D002-G001-1': '装备压铸机'}
2026-05-26 12:21:20 | INFO    | aps             | GET    200     1.0ms /api/smart-scheduling/plan/progress?task_id=6109a45017ed498e8ca2c357a1ded804
2026-05-26 12:21:21 | INFO    | aps             | POST   200    13.4ms /api/smart-scheduling/preview/plan/resource/gantt
2026-05-26 12:21:21 | INFO    | aps             | POST   200    16.7ms /api/smart-scheduling/preview/plan/tasks
2026-05-26 12:21:58 | INFO    | aps             | POST   200    14.6ms /api/smart-scheduling/plan/pending/cancel
2026-05-26 12:21:59 | INFO    | aps             | GET    307     1.0ms /api/planning-strategies?page=1&page_size=100
2026-05-26 12:21:59 | INFO    | aps             | GET    307     2.9ms /api/production-orders?page=1&page_size=1000
2026-05-26 12:21:59 | INFO    | aps             | GET    307     1.0ms /api/planning-strategies?page=1&page_size=100
2026-05-26 12:21:59 | INFO    | aps             | GET    307     1.0ms /api/production-orders?page=1&page_size=1000
2026-05-26 12:21:59 | INFO    | aps             | GET    200     7.2ms /api/production-orders/?page=1&page_size=1000
2026-05-26 12:21:59 | INFO    | aps             | GET    200    10.4ms /api/planning-strategies/?page=1&page_size=100
2026-05-26 12:21:59 | INFO    | aps             | GET    200    12.5ms /api/planning-strategies/?page=1&page_size=100
2026-05-26 12:21:59 | INFO    | aps             | GET    200    15.0ms /api/production-orders/?page=1&page_size=1000
2026-05-26 12:22:05 | INFO    | aps             | POST   200   162.5ms /api/schedule
2026-05-26 12:22:10 | INFO    | aps             | GET    307     1.5ms /api/production-orders?page=1&page_size=1000
2026-05-26 12:22:10 | INFO    | aps             | GET    307     3.4ms /api/planning-strategies?page=1&page_size=100
2026-05-26 12:22:10 | INFO    | aps             | GET    307     1.8ms /api/production-orders?page=1&page_size=1000
2026-05-26 12:22:10 | INFO    | aps             | GET    307     2.4ms /api/planning-strategies?page=1&page_size=100
2026-05-26 12:22:10 | INFO    | aps             | GET    200    12.8ms /api/production-orders/?page=1&page_size=1000
2026-05-26 12:22:10 | INFO    | aps             | GET    200    15.9ms /api/planning-strategies/?page=1&page_size=100
2026-05-26 12:22:10 | INFO    | aps             | GET    200    12.0ms /api/production-orders/?page=1&page_size=1000
2026-05-26 12:22:10 | INFO    | aps             | GET    200     9.7ms /api/planning-strategies/?page=1&page_size=100
2026-05-26 12:23:16 | INFO    | aps.scheduler   |   任务 TASK-D001-G001-1(G001): qty=3000, 候选资源=['A', 'B'], 工期=['18000', '18000']分
2026-05-26 12:23:16 | INFO    | aps.scheduler   |   任务 TASK-D002-G001-1(G001): qty=2000, 候选资源=['A', 'B'], 工期=['12000', '12000']分
2026-05-26 12:23:16 | INFO    | aps.scheduler   | 构建CP模型: 总任务=2, 跳过=0, 有效=2, 资源=2
2026-05-26 12:23:16 | INFO    | aps.scheduler   | 日历分钟空间: horizon=46440分(32.2天), 总工时=30000分
2026-05-26 12:23:16 | INFO    | aps.scheduler   | 资源分配硬约束: 2任务→2资源, 每资源上限=2
2026-05-26 12:23:16 | INFO    | aps.scheduler   |   求解结果 - TASK-D001-G001-1 -> B(Z002) offset=0 dur=18000
2026-05-26 12:23:16 | INFO    | aps.scheduler   |   求解结果 - TASK-D002-G001-1 -> A(Z001) offset=0 dur=12000
2026-05-26 12:23:16 | INFO    | aps.scheduler   | 资源分配分布: {'B': 1, 'A': 1}
2026-05-26 12:23:23 | INFO    | aps             | POST   200     6.1ms /api/smart-scheduling/generate
2026-05-26 12:23:23 | INFO    | aps.solve       | 开始排产: strategy=90a48e5ab9ba41b9a78817974a59f635, 可排产订单数=2
2026-05-26 12:23:23 | INFO    | aps.mrp         | 处理订单: code=D001 material_code=C001 quantity=3000
2026-05-26 12:23:23 | INFO    | aps.mrp         |   匹配物料: id=fadbc868875f4c2a8f909a960d19f269 code=C001 name=紫晶装备 source=PRODUCED
2026-05-26 12:23:23 | INFO    | aps.mrp         |   BOM子件数=1, 可用库存=1000
2026-05-26 12:23:23 | INFO    | aps.mrp         |   订单物料 C001 加入DAG, 需求量=3000
2026-05-26 12:23:23 | INFO    | aps.mrp         | 处理订单: code=D002 material_code=C001 quantity=2000
2026-05-26 12:23:23 | INFO    | aps.mrp         |   匹配物料: id=fadbc868875f4c2a8f909a960d19f269 code=C001 name=紫晶装备 source=PRODUCED
2026-05-26 12:23:23 | INFO    | aps.mrp         |   BOM子件数=1, 可用库存=1000
2026-05-26 12:23:23 | INFO    | aps.solve       | MRP完成: 缺料DAG节点数=1, 补充订单数=0
2026-05-26 12:23:23 | INFO    | aps.task_gen    | 缺料DAG: 1个节点, 0条边
2026-05-26 12:23:23 | INFO    | aps.task_gen    |   DAG节点: material=C001(fadbc868875f4c2a8f909a960d19f269) source=PRODUCED demand=5000.00 orders={'2dbbdd247ba0446fa2ae77b0d3567b11': 3000.0, 'bb20ea266fb047bea8ce115c1b0dcf5a': 2000.0}
2026-05-26 12:23:23 | INFO    | aps.task_gen    | 拓扑排序后物料顺序 (1): ['fadbc868875f4c2a8f909a960d19f269']
2026-05-26 12:23:23 | INFO    | aps.task_gen    | 任务生成完成: 共生成 2 个任务, 2 个订单关联记录
2026-05-26 12:23:23 | INFO    | aps.solve       | 求解准备: 任务数=2, 资源数=2
2026-05-26 12:23:23 | INFO    | aps.solve       |   资源: id=579a3c2c code=Z001 name=装备压铸机 status=NORMAL throughput=10/H group=None
2026-05-26 12:23:23 | INFO    | aps.solve       |   资源: id=93217e7f code=Z002 name=装备压铸机 status=NORMAL throughput=11/H group=None
2026-05-26 12:23:23 | INFO    | aps.solve       | 工作日历已加载: 1个日历, 1个工作模式
2026-05-26 12:23:23 | INFO    | aps.scheduler   |   任务 TASK-D001-G001-1(G001): qty=3000, 资源=1个, 工期=['18000']分
2026-05-26 12:23:23 | INFO    | aps.scheduler   |   任务 TASK-D002-G001-1(G001): qty=2000, 资源=1个, 工期=['12000']分
2026-05-26 12:23:23 | INFO    | aps.scheduler   | 工作日历已激活，求解器将基于工作分钟空间建模
2026-05-26 12:23:23 | INFO    | aps.scheduler   | 构建CP模型: 总任务=2, 跳过=0, 有效=2, 资源=2
2026-05-26 12:23:23 | INFO    | aps.scheduler   | 工作分钟空间: horizon=46440分(774.0工时), 总工时=30000分
2026-05-26 12:23:23 | INFO    | aps.scheduler   |   求解结果 - TASK-D001-G001-1 -> 装备压铸机(Z001) offset=12000 dur=18000
2026-05-26 12:23:23 | INFO    | aps.scheduler   |   求解结果 - TASK-D002-G001-1 -> 装备压铸机(Z001) offset=0 dur=12000
2026-05-26 12:23:23 | INFO    | aps.solve       | 资源分配结果: {'TASK-D001-G001-1': '装备压铸机', 'TASK-D002-G001-1': '装备压铸机'}
2026-05-26 12:23:25 | INFO    | aps             | GET    200     0.5ms /api/smart-scheduling/plan/progress?task_id=dde4992de8a04c538e93cc9bee4de2e7
2026-05-26 12:23:25 | INFO    | aps             | POST   200    13.7ms /api/smart-scheduling/preview/plan/tasks
2026-05-26 12:23:25 | INFO    | aps             | POST   200    15.5ms /api/smart-scheduling/preview/plan/resource/gantt
2026-05-26 12:23:39 | INFO    | aps             | POST   200    16.6ms /api/smart-scheduling/plan/pending/cancel
2026-05-26 12:23:39 | INFO    | aps             | GET    307    17.1ms /api/production-resources?page=1&page_size=10
2026-05-26 12:23:39 | INFO    | aps             | GET    307     0.0ms /api/production-resources?page=1&page_size=10
2026-05-26 12:23:40 | INFO    | aps             | GET    200    17.7ms /api/production-resources/?page=1&page_size=10
2026-05-26 12:23:40 | INFO    | aps             | GET    200    10.6ms /api/production-resources/?page=1&page_size=10
2026-05-26 12:23:44 | INFO    | aps             | GET    307     1.0ms /api/process-routes?page=1&page_size=10
2026-05-26 12:23:44 | INFO    | aps             | GET    307     2.0ms /api/materials?page=1&page_size=1000
2026-05-26 12:23:44 | INFO    | aps             | GET    307     0.0ms /api/process-routes?page=1&page_size=10
2026-05-26 12:23:44 | INFO    | aps             | GET    307     0.6ms /api/materials?page=1&page_size=1000
2026-05-26 12:23:44 | INFO    | aps             | GET    200    10.3ms /api/materials/?page=1&page_size=1000
2026-05-26 12:23:44 | INFO    | aps             | GET    200    16.3ms /api/process-routes/?page=1&page_size=10
2026-05-26 12:23:44 | INFO    | aps             | GET    200     9.0ms /api/materials/?page=1&page_size=1000
2026-05-26 12:23:44 | INFO    | aps             | GET    200     7.9ms /api/process-routes/?page=1&page_size=10
2026-05-26 12:23:44 | INFO    | aps.scheduler   |   任务 TASK-D001-G001-1(G001): qty=3000, 候选资源=['A', 'B'], 工期=['18000', '18000']分
2026-05-26 12:23:44 | INFO    | aps.scheduler   |   任务 TASK-D002-G001-1(G001): qty=2000, 候选资源=['A', 'B'], 工期=['12000', '12000']分
2026-05-26 12:23:44 | INFO    | aps.scheduler   | 工作日历已激活，求解器将基于工作分钟空间建模
2026-05-26 12:23:44 | INFO    | aps.scheduler   | 构建CP模型: 总任务=2, 跳过=0, 有效=2, 资源=2
2026-05-26 12:23:44 | INFO    | aps.scheduler   | 工作分钟空间: horizon=46440分(774.0工时), 总工时=30000分
2026-05-26 12:23:44 | INFO    | aps.scheduler   | 资源分配硬约束: 2任务→2资源, 每资源上限=2
2026-05-26 12:23:44 | INFO    | aps.scheduler   |   求解结果 - TASK-D001-G001-1 -> B(Z002) offset=0 dur=18000
2026-05-26 12:23:44 | INFO    | aps.scheduler   |   求解结果 - TASK-D002-G001-1 -> A(Z001) offset=0 dur=12000
2026-05-26 12:23:44 | INFO    | aps.scheduler   | 资源分配分布: {'B': 1, 'A': 1}
2026-05-26 12:23:48 | INFO    | aps             | GET    307     0.0ms /api/processes?page=1&page_size=1000
2026-05-26 12:23:48 | INFO    | aps             | GET    200    20.5ms /api/processes/?page=1&page_size=1000
2026-05-26 12:23:51 | INFO    | aps             | GET    307     1.5ms /api/processes?page=1&page_size=10
2026-05-26 12:23:51 | INFO    | aps             | GET    307     1.5ms /api/production-resources?page=1&page_size=1000
2026-05-26 12:23:51 | INFO    | aps             | GET    307     1.5ms /api/processes?page=1&page_size=10
2026-05-26 12:23:51 | INFO    | aps             | GET    307     2.7ms /api/production-resources?page=1&page_size=1000
2026-05-26 12:23:51 | INFO    | aps             | GET    200    10.0ms /api/processes/?page=1&page_size=10
2026-05-26 12:23:51 | INFO    | aps             | GET    200    11.9ms /api/production-resources/?page=1&page_size=1000
2026-05-26 12:23:51 | INFO    | aps             | GET    200    10.6ms /api/processes/?page=1&page_size=10
2026-05-26 12:23:51 | INFO    | aps             | GET    200     7.6ms /api/production-resources/?page=1&page_size=1000
2026-05-26 12:23:51 | INFO    | aps             | GET    307     1.3ms /api/materials?page=1&page_size=1000
2026-05-26 12:23:51 | INFO    | aps             | GET    307     1.1ms /api/materials?page=1&page_size=1000
2026-05-26 12:23:51 | INFO    | aps             | GET    200     6.3ms /api/materials/?page=1&page_size=1000
2026-05-26 12:23:51 | INFO    | aps             | GET    200     6.9ms /api/materials/?page=1&page_size=1000
2026-05-26 12:24:44 | INFO    | aps             | 数据库表已就绪
2026-05-26 12:24:49 | INFO    | aps             | GET    307     0.0ms /api/production-resources?page=1&page_size=10
2026-05-26 12:24:49 | INFO    | aps             | GET    307     0.0ms /api/production-resources?page=1&page_size=10
2026-05-26 12:24:49 | INFO    | aps             | GET    200    36.6ms /api/production-resources/?page=1&page_size=10
2026-05-26 12:24:50 | INFO    | aps             | GET    200   102.2ms /api/production-resources/?page=1&page_size=10
2026-05-26 12:25:19 | INFO    | aps             | GET    307     0.5ms /api/planning-strategies?page=1&page_size=100
2026-05-26 12:25:19 | INFO    | aps             | GET    307     0.8ms /api/production-orders?page=1&page_size=1000
2026-05-26 12:25:19 | INFO    | aps             | GET    307     0.0ms /api/planning-strategies?page=1&page_size=100
2026-05-26 12:25:19 | INFO    | aps             | GET    307     7.0ms /api/production-orders?page=1&page_size=1000
2026-05-26 12:25:19 | INFO    | aps             | GET    200    28.4ms /api/planning-strategies/?page=1&page_size=100
2026-05-26 12:25:19 | INFO    | aps             | GET    200    23.5ms /api/production-orders/?page=1&page_size=1000
2026-05-26 12:25:19 | INFO    | aps             | GET    200     7.8ms /api/production-orders/?page=1&page_size=1000
2026-05-26 12:25:19 | INFO    | aps             | GET    200    11.4ms /api/planning-strategies/?page=1&page_size=100
2026-05-26 12:25:23 | INFO    | aps             | POST   200     9.2ms /api/smart-scheduling/generate
2026-05-26 12:25:23 | INFO    | aps.solve       | 开始排产: strategy=90a48e5ab9ba41b9a78817974a59f635, 可排产订单数=2
2026-05-26 12:25:23 | INFO    | aps.mrp         | 处理订单: code=D001 material_code=C001 quantity=3000
2026-05-26 12:25:23 | INFO    | aps.mrp         |   匹配物料: id=fadbc868875f4c2a8f909a960d19f269 code=C001 name=紫晶装备 source=PRODUCED
2026-05-26 12:25:23 | INFO    | aps.mrp         |   BOM子件数=1, 可用库存=1000
2026-05-26 12:25:23 | INFO    | aps.mrp         |   订单物料 C001 加入DAG, 需求量=3000
2026-05-26 12:25:23 | INFO    | aps.mrp         | 处理订单: code=D002 material_code=C001 quantity=2000
2026-05-26 12:25:23 | INFO    | aps.mrp         |   匹配物料: id=fadbc868875f4c2a8f909a960d19f269 code=C001 name=紫晶装备 source=PRODUCED
2026-05-26 12:25:23 | INFO    | aps.mrp         |   BOM子件数=1, 可用库存=1000
2026-05-26 12:25:23 | INFO    | aps.solve       | MRP完成: 缺料DAG节点数=1, 补充订单数=0
2026-05-26 12:25:23 | INFO    | aps.task_gen    | 缺料DAG: 1个节点, 0条边
2026-05-26 12:25:23 | INFO    | aps.task_gen    |   DAG节点: material=C001(fadbc868875f4c2a8f909a960d19f269) source=PRODUCED demand=5000.00 orders={'2dbbdd247ba0446fa2ae77b0d3567b11': 3000.0, 'bb20ea266fb047bea8ce115c1b0dcf5a': 2000.0}
2026-05-26 12:25:23 | INFO    | aps.task_gen    | 拓扑排序后物料顺序 (1): ['fadbc868875f4c2a8f909a960d19f269']
2026-05-26 12:25:23 | INFO    | aps.task_gen    | 任务生成完成: 共生成 2 个任务, 2 个订单关联记录
2026-05-26 12:25:23 | INFO    | aps.solve       | 求解准备: 任务数=2, 资源数=2
2026-05-26 12:25:23 | INFO    | aps.solve       |   资源: id=579a3c2c code=Z001 name=装备压铸机 status=NORMAL throughput=10/H group=None
2026-05-26 12:25:23 | INFO    | aps.solve       |   资源: id=93217e7f code=Z002 name=装备压铸机 status=NORMAL throughput=11/H group=None
2026-05-26 12:25:23 | INFO    | aps.solve       | 工作日历已加载: 1个日历, 1个工作模式
2026-05-26 12:25:23 | INFO    | aps.scheduler   |   任务 TASK-D001-G001-1(G001): qty=3000, 候选资源=['装备压铸机'], 工期=['18000']分
2026-05-26 12:25:23 | INFO    | aps.scheduler   |   任务 TASK-D002-G001-1(G001): qty=2000, 候选资源=['装备压铸机'], 工期=['12000']分
2026-05-26 12:25:23 | INFO    | aps.scheduler   | 工作日历已激活，求解器将基于工作分钟空间建模
2026-05-26 12:25:23 | INFO    | aps.scheduler   | 构建CP模型: 总任务=2, 跳过=0, 有效=2, 资源=2
2026-05-26 12:25:23 | INFO    | aps.scheduler   | 工作分钟空间: horizon=46440分(774.0工时), 总工时=30000分
2026-05-26 12:25:23 | INFO    | aps.scheduler   |   求解结果 - TASK-D001-G001-1 -> 装备压铸机(Z001) offset=12000 dur=18000
2026-05-26 12:25:23 | INFO    | aps.scheduler   |   求解结果 - TASK-D002-G001-1 -> 装备压铸机(Z001) offset=0 dur=12000
2026-05-26 12:25:23 | INFO    | aps.scheduler   | 资源分配分布: {'装备压铸机': 2}
2026-05-26 12:25:23 | INFO    | aps.solve       | 资源分配结果: {'TASK-D001-G001-1': '装备压铸机', 'TASK-D002-G001-1': '装备压铸机'}
2026-05-26 12:25:25 | INFO    | aps             | GET    200     2.0ms /api/smart-scheduling/plan/progress?task_id=f6a782926a744b64b974fdde5da910d8
2026-05-26 12:25:26 | INFO    | aps             | POST   200    28.5ms /api/smart-scheduling/preview/plan/resource/gantt
2026-05-26 12:25:26 | INFO    | aps             | POST   200    34.4ms /api/smart-scheduling/preview/plan/tasks
2026-05-26 12:25:30 | INFO    | aps             | GET    307     5.8ms /api/processes?page=1&page_size=10
2026-05-26 12:25:30 | INFO    | aps             | GET    307     6.3ms /api/production-resources?page=1&page_size=1000
2026-05-26 12:25:30 | INFO    | aps             | POST   200    26.3ms /api/smart-scheduling/plan/pending/cancel
2026-05-26 12:25:30 | INFO    | aps             | GET    307     1.7ms /api/processes?page=1&page_size=10
2026-05-26 12:25:30 | INFO    | aps             | GET    307     1.5ms /api/production-resources?page=1&page_size=1000
2026-05-26 12:25:30 | INFO    | aps             | GET    200    16.6ms /api/production-resources/?page=1&page_size=1000
2026-05-26 12:25:30 | INFO    | aps             | GET    200    19.8ms /api/processes/?page=1&page_size=10
2026-05-26 12:25:30 | INFO    | aps             | GET    307     0.7ms /api/materials?page=1&page_size=1000
2026-05-26 12:25:30 | INFO    | aps             | GET    200     8.1ms /api/production-resources/?page=1&page_size=1000
2026-05-26 12:25:30 | INFO    | aps             | GET    200     8.1ms /api/processes/?page=1&page_size=10
2026-05-26 12:25:30 | INFO    | aps             | GET    307     0.6ms /api/materials?page=1&page_size=1000
2026-05-26 12:25:30 | INFO    | aps             | GET    200    18.7ms /api/materials/?page=1&page_size=1000
2026-05-26 12:25:30 | INFO    | aps             | GET    200     7.9ms /api/materials/?page=1&page_size=1000
2026-05-26 12:25:32 | INFO    | aps             | GET    307     0.0ms /api/production-resources?page=1&page_size=10
2026-05-26 12:25:32 | INFO    | aps             | GET    307     0.0ms /api/production-resources?page=1&page_size=10
2026-05-26 12:25:32 | INFO    | aps             | GET    200     6.7ms /api/production-resources/?page=1&page_size=10
2026-05-26 12:25:32 | INFO    | aps             | GET    200     6.5ms /api/production-resources/?page=1&page_size=10
2026-05-26 12:25:37 | INFO    | aps             | GET    307     1.9ms /api/production-resources?page=1&page_size=1000
2026-05-26 12:25:37 | INFO    | aps             | GET    307     2.3ms /api/processes?page=1&page_size=10
2026-05-26 12:25:37 | INFO    | aps             | GET    307     0.0ms /api/production-resources?page=1&page_size=1000
2026-05-26 12:25:37 | INFO    | aps             | GET    307     0.0ms /api/processes?page=1&page_size=10
2026-05-26 12:25:37 | INFO    | aps             | GET    200    11.2ms /api/production-resources/?page=1&page_size=1000
2026-05-26 12:25:37 | INFO    | aps             | GET    307     0.5ms /api/materials?page=1&page_size=1000
2026-05-26 12:25:37 | INFO    | aps             | GET    200    60.8ms /api/processes/?page=1&page_size=10
2026-05-26 12:25:37 | INFO    | aps             | GET    200    51.4ms /api/processes/?page=1&page_size=10
2026-05-26 12:25:37 | INFO    | aps             | GET    200   112.9ms /api/production-resources/?page=1&page_size=1000
2026-05-26 12:25:37 | INFO    | aps             | GET    307     0.0ms /api/materials?page=1&page_size=1000
2026-05-26 12:25:37 | INFO    | aps             | GET    200    77.9ms /api/materials/?page=1&page_size=1000
2026-05-26 12:25:37 | INFO    | aps             | GET    200     6.4ms /api/materials/?page=1&page_size=1000
2026-05-26 12:25:52 | INFO    | aps             | GET    307     1.6ms /api/production-resources?page=1&page_size=10
2026-05-26 12:25:52 | INFO    | aps             | GET    307     0.0ms /api/production-resources?page=1&page_size=10
2026-05-26 12:25:53 | INFO    | aps             | GET    200     7.1ms /api/production-resources/?page=1&page_size=10
2026-05-26 12:25:53 | INFO    | aps             | GET    200     7.2ms /api/production-resources/?page=1&page_size=10
2026-05-26 12:25:56 | INFO    | aps             | DELETE 204    20.6ms /api/production-resources/93217e7fcc4a46d5a675d466bc68c1d0
2026-05-26 12:25:56 | INFO    | aps             | GET    307     5.5ms /api/production-resources?page=1&page_size=10
2026-05-26 12:25:56 | INFO    | aps             | GET    200     7.1ms /api/production-resources/?page=1&page_size=10
2026-05-26 12:26:00 | INFO    | aps             | PUT    200    22.3ms /api/production-resources/579a3c2c77e34112bff2cd21c8a419df
2026-05-26 12:26:00 | INFO    | aps             | GET    307     0.0ms /api/production-resources?page=1&page_size=10
2026-05-26 12:26:00 | INFO    | aps             | GET    200     6.4ms /api/production-resources/?page=1&page_size=10
2026-05-26 12:26:02 | INFO    | aps             | GET    307     1.1ms /api/planning-strategies?page=1&page_size=100
2026-05-26 12:26:02 | INFO    | aps             | GET    307     0.5ms /api/production-orders?page=1&page_size=1000
2026-05-26 12:26:02 | INFO    | aps             | GET    307     2.0ms /api/planning-strategies?page=1&page_size=100
2026-05-26 12:26:02 | INFO    | aps             | GET    307     0.5ms /api/production-orders?page=1&page_size=1000
2026-05-26 12:26:02 | INFO    | aps             | GET    200    10.3ms /api/planning-strategies/?page=1&page_size=100
2026-05-26 12:26:02 | INFO    | aps             | GET    200    12.0ms /api/production-orders/?page=1&page_size=1000
2026-05-26 12:26:02 | INFO    | aps             | GET    200     7.9ms /api/production-orders/?page=1&page_size=1000
2026-05-26 12:26:02 | INFO    | aps             | GET    200     8.4ms /api/planning-strategies/?page=1&page_size=100
2026-05-26 12:26:04 | INFO    | aps             | POST   200     5.4ms /api/smart-scheduling/generate
2026-05-26 12:26:04 | INFO    | aps.solve       | 开始排产: strategy=90a48e5ab9ba41b9a78817974a59f635, 可排产订单数=2
2026-05-26 12:26:04 | INFO    | aps.mrp         | 处理订单: code=D001 material_code=C001 quantity=3000
2026-05-26 12:26:04 | INFO    | aps.mrp         |   匹配物料: id=fadbc868875f4c2a8f909a960d19f269 code=C001 name=紫晶装备 source=PRODUCED
2026-05-26 12:26:04 | INFO    | aps.mrp         |   BOM子件数=1, 可用库存=1000
2026-05-26 12:26:04 | INFO    | aps.mrp         |   订单物料 C001 加入DAG, 需求量=3000
2026-05-26 12:26:04 | INFO    | aps.mrp         | 处理订单: code=D002 material_code=C001 quantity=2000
2026-05-26 12:26:04 | INFO    | aps.mrp         |   匹配物料: id=fadbc868875f4c2a8f909a960d19f269 code=C001 name=紫晶装备 source=PRODUCED
2026-05-26 12:26:04 | INFO    | aps.mrp         |   BOM子件数=1, 可用库存=1000
2026-05-26 12:26:04 | INFO    | aps.solve       | MRP完成: 缺料DAG节点数=1, 补充订单数=0
2026-05-26 12:26:04 | INFO    | aps.task_gen    | 缺料DAG: 1个节点, 0条边
2026-05-26 12:26:04 | INFO    | aps.task_gen    |   DAG节点: material=C001(fadbc868875f4c2a8f909a960d19f269) source=PRODUCED demand=5000.00 orders={'2dbbdd247ba0446fa2ae77b0d3567b11': 3000.0, 'bb20ea266fb047bea8ce115c1b0dcf5a': 2000.0}
2026-05-26 12:26:04 | INFO    | aps.task_gen    | 拓扑排序后物料顺序 (1): ['fadbc868875f4c2a8f909a960d19f269']
2026-05-26 12:26:04 | INFO    | aps.task_gen    | 任务生成完成: 共生成 2 个任务, 2 个订单关联记录
2026-05-26 12:26:04 | INFO    | aps.solve       | 求解准备: 任务数=2, 资源数=1
2026-05-26 12:26:04 | INFO    | aps.solve       |   资源: id=579a3c2c code=Z001 name=装备压铸机 status=NORMAL throughput=10/H group=None
2026-05-26 12:26:04 | INFO    | aps.solve       | 工作日历已加载: 1个日历, 1个工作模式
2026-05-26 12:26:04 | INFO    | aps.scheduler   |   任务 TASK-D001-G001-1(G001): qty=3000, 候选资源=['装备压铸机'], 工期=['18000']分
2026-05-26 12:26:04 | INFO    | aps.scheduler   |   任务 TASK-D002-G001-1(G001): qty=2000, 候选资源=['装备压铸机'], 工期=['12000']分
2026-05-26 12:26:04 | INFO    | aps.scheduler   | 工作日历已激活，求解器将基于工作分钟空间建模
2026-05-26 12:26:04 | INFO    | aps.scheduler   | 构建CP模型: 总任务=2, 跳过=0, 有效=2, 资源=1
2026-05-26 12:26:04 | INFO    | aps.scheduler   | 工作分钟空间: horizon=46440分(774.0工时), 总工时=30000分
2026-05-26 12:26:04 | INFO    | aps.scheduler   |   求解结果 - TASK-D001-G001-1 -> 装备压铸机(Z001) offset=12000 dur=18000
2026-05-26 12:26:04 | INFO    | aps.scheduler   |   求解结果 - TASK-D002-G001-1 -> 装备压铸机(Z001) offset=0 dur=12000
2026-05-26 12:26:04 | INFO    | aps.scheduler   | 资源分配分布: {'装备压铸机': 2}
2026-05-26 12:26:04 | INFO    | aps.solve       | 资源分配结果: {'TASK-D001-G001-1': '装备压铸机', 'TASK-D002-G001-1': '装备压铸机'}
2026-05-26 12:26:06 | INFO    | aps             | GET    200     2.8ms /api/smart-scheduling/plan/progress?task_id=494aaf284d18496a9cda127bf81f352d
2026-05-26 12:26:07 | INFO    | aps             | POST   200    13.1ms /api/smart-scheduling/preview/plan/resource/gantt
2026-05-26 12:26:07 | INFO    | aps             | POST   200    16.7ms /api/smart-scheduling/preview/plan/tasks
2026-05-26 12:26:12 | INFO    | aps             | GET    307     1.2ms /api/materials?page=1&page_size=10
2026-05-26 12:26:12 | INFO    | aps             | POST   200    23.8ms /api/smart-scheduling/plan/pending/cancel
2026-05-26 12:26:12 | INFO    | aps             | GET    307     1.0ms /api/materials?page=1&page_size=10
2026-05-26 12:26:12 | INFO    | aps             | GET    200     5.4ms /api/materials/?page=1&page_size=10
2026-05-26 12:26:12 | INFO    | aps             | GET    200     9.8ms /api/materials/?page=1&page_size=10
2026-05-26 12:26:13 | INFO    | aps             | GET    307     5.3ms /api/manufacture-boms?page=1&page_size=10
2026-05-26 12:26:13 | INFO    | aps             | GET    307     0.5ms /api/materials?page=1&page_size=1000
2026-05-26 12:26:13 | INFO    | aps             | GET    307     0.0ms /api/manufacture-boms?page=1&page_size=10
2026-05-26 12:26:13 | INFO    | aps             | GET    307     2.5ms /api/materials?page=1&page_size=1000
2026-05-26 12:26:13 | INFO    | aps             | GET    200    15.6ms /api/manufacture-boms/?page=1&page_size=10
2026-05-26 12:26:13 | INFO    | aps             | GET    200    18.5ms /api/materials/?page=1&page_size=1000
2026-05-26 12:26:13 | INFO    | aps             | GET    200     9.2ms /api/manufacture-boms/?page=1&page_size=10
2026-05-26 12:26:13 | INFO    | aps             | GET    200    11.5ms /api/materials/?page=1&page_size=1000
2026-05-26 12:26:14 | INFO    | aps             | GET    307     0.0ms /api/production-resources?page=1&page_size=10
2026-05-26 12:26:14 | INFO    | aps             | GET    307     3.7ms /api/production-resources?page=1&page_size=10
2026-05-26 12:26:14 | INFO    | aps             | GET    200     6.2ms /api/production-resources/?page=1&page_size=10
2026-05-26 12:26:14 | INFO    | aps             | GET    200     6.1ms /api/production-resources/?page=1&page_size=10
2026-05-26 12:26:19 | INFO    | aps             | PUT    200    23.4ms /api/production-resources/579a3c2c77e34112bff2cd21c8a419df
2026-05-26 12:26:19 | INFO    | aps             | GET    307     0.0ms /api/production-resources?page=1&page_size=10
2026-05-26 12:26:19 | INFO    | aps             | GET    200     6.3ms /api/production-resources/?page=1&page_size=10
2026-05-26 12:28:08 | INFO    | aps             | GET    307     0.0ms /api/processes?page=1&page_size=10
2026-05-26 12:28:08 | INFO    | aps             | GET    307     5.8ms /api/production-resources?page=1&page_size=1000
2026-05-26 12:28:08 | INFO    | aps             | GET    307     0.5ms /api/processes?page=1&page_size=10
2026-05-26 12:28:08 | INFO    | aps             | GET    307     3.6ms /api/production-resources?page=1&page_size=1000
2026-05-26 12:28:08 | INFO    | aps             | GET    200     7.5ms /api/production-resources/?page=1&page_size=1000
2026-05-26 12:28:08 | INFO    | aps             | GET    200     9.0ms /api/processes/?page=1&page_size=10
2026-05-26 12:28:08 | INFO    | aps             | GET    307     0.4ms /api/materials?page=1&page_size=1000
2026-05-26 12:28:08 | INFO    | aps             | GET    200    10.3ms /api/production-resources/?page=1&page_size=1000
2026-05-26 12:28:08 | INFO    | aps             | GET    200    12.2ms /api/processes/?page=1&page_size=10
2026-05-26 12:28:08 | INFO    | aps             | GET    307     1.5ms /api/materials?page=1&page_size=1000
2026-05-26 12:28:08 | INFO    | aps             | GET    200     9.2ms /api/materials/?page=1&page_size=1000
2026-05-26 12:28:08 | INFO    | aps             | GET    200     5.5ms /api/materials/?page=1&page_size=1000
2026-05-26 12:28:09 | INFO    | aps             | GET    307     1.5ms /api/production-resources?page=1&page_size=10
2026-05-26 12:28:09 | INFO    | aps             | GET    307     1.5ms /api/production-resources?page=1&page_size=10
2026-05-26 12:28:09 | INFO    | aps             | GET    200     8.8ms /api/production-resources/?page=1&page_size=10
2026-05-26 12:28:09 | INFO    | aps             | GET    200     9.0ms /api/production-resources/?page=1&page_size=10
2026-05-26 12:28:09 | INFO    | aps             | GET    307     0.0ms /api/process-routes?page=1&page_size=10
2026-05-26 12:28:09 | INFO    | aps             | GET    307     3.5ms /api/materials?page=1&page_size=1000
2026-05-26 12:28:09 | INFO    | aps             | GET    307     1.0ms /api/process-routes?page=1&page_size=10
2026-05-26 12:28:09 | INFO    | aps             | GET    307     0.0ms /api/materials?page=1&page_size=1000
2026-05-26 12:28:09 | INFO    | aps             | GET    200    16.5ms /api/materials/?page=1&page_size=1000
2026-05-26 12:28:09 | INFO    | aps             | GET    200    19.8ms /api/process-routes/?page=1&page_size=10
2026-05-26 12:28:09 | INFO    | aps             | GET    200     7.9ms /api/process-routes/?page=1&page_size=10
2026-05-26 12:28:09 | INFO    | aps             | GET    200    14.3ms /api/materials/?page=1&page_size=1000
2026-05-26 12:28:11 | INFO    | aps             | GET    307     0.5ms /api/processes?page=1&page_size=1000
2026-05-26 12:28:11 | INFO    | aps             | GET    200     5.9ms /api/processes/?page=1&page_size=1000
2026-05-26 12:28:17 | INFO    | aps             | GET    200     8.3ms /api/work-modes?page=1&page_size=10
2026-05-26 12:28:17 | INFO    | aps             | GET    200     7.8ms /api/work-modes?page=1&page_size=10
2026-05-26 12:28:18 | INFO    | aps             | GET    307     0.0ms /api/process-routes?page=1&page_size=10
2026-05-26 12:28:18 | INFO    | aps             | GET    307     3.1ms /api/materials?page=1&page_size=1000
2026-05-26 12:28:18 | INFO    | aps             | GET    307     1.5ms /api/process-routes?page=1&page_size=10
2026-05-26 12:28:18 | INFO    | aps             | GET    307     2.2ms /api/materials?page=1&page_size=1000
2026-05-26 12:28:18 | INFO    | aps             | GET    200    12.5ms /api/process-routes/?page=1&page_size=10
2026-05-26 12:28:18 | INFO    | aps             | GET    200    12.9ms /api/materials/?page=1&page_size=1000
2026-05-26 12:28:18 | INFO    | aps             | GET    200     9.5ms /api/process-routes/?page=1&page_size=10
2026-05-26 12:28:18 | INFO    | aps             | GET    200     9.7ms /api/materials/?page=1&page_size=1000
2026-05-26 12:28:51 | INFO    | aps             | GET    307     1.0ms /api/processes?page=1&page_size=10
2026-05-26 12:28:51 | INFO    | aps             | GET    307     3.3ms /api/production-resources?page=1&page_size=1000
2026-05-26 12:28:51 | INFO    | aps             | GET    307     0.0ms /api/processes?page=1&page_size=10
2026-05-26 12:28:51 | INFO    | aps             | GET    307     0.0ms /api/production-resources?page=1&page_size=1000
2026-05-26 12:28:52 | INFO    | aps             | GET    200     9.4ms /api/processes/?page=1&page_size=10
2026-05-26 12:28:52 | INFO    | aps             | GET    200    10.4ms /api/production-resources/?page=1&page_size=1000
2026-05-26 12:28:52 | INFO    | aps             | GET    200     9.4ms /api/processes/?page=1&page_size=10
2026-05-26 12:28:52 | INFO    | aps             | GET    200    10.9ms /api/production-resources/?page=1&page_size=1000
2026-05-26 12:28:52 | INFO    | aps             | GET    307     0.0ms /api/materials?page=1&page_size=1000
2026-05-26 12:28:52 | INFO    | aps             | GET    307     0.0ms /api/materials?page=1&page_size=1000
2026-05-26 12:28:52 | INFO    | aps             | GET    200     6.7ms /api/materials/?page=1&page_size=1000
2026-05-26 12:28:52 | INFO    | aps             | GET    200     6.1ms /api/materials/?page=1&page_size=1000
2026-05-26 12:29:32 | INFO    | aps             | GET    307     1.5ms /api/production-resources?page=1&page_size=10
2026-05-26 12:29:32 | INFO    | aps             | GET    307     0.0ms /api/production-resources?page=1&page_size=10
2026-05-26 12:29:32 | INFO    | aps             | GET    200    10.1ms /api/production-resources/?page=1&page_size=10
2026-05-26 12:29:32 | INFO    | aps             | GET    200     8.8ms /api/production-resources/?page=1&page_size=10
2026-05-26 12:29:48 | INFO    | aps             | POST   307     0.0ms /api/production-resources
2026-05-26 12:29:48 | INFO    | aps             | OPTIONS 200     0.0ms /api/production-resources/
2026-05-26 12:29:48 | INFO    | aps             | POST   201    24.8ms /api/production-resources/
2026-05-26 12:29:48 | INFO    | aps             | GET    307     1.0ms /api/production-resources?page=1&page_size=10
2026-05-26 12:29:48 | INFO    | aps             | GET    200     9.6ms /api/production-resources/?page=1&page_size=10
2026-05-26 12:29:51 | INFO    | aps             | GET    307     0.0ms /api/processes?page=1&page_size=10
2026-05-26 12:29:51 | INFO    | aps             | GET    307     3.1ms /api/production-resources?page=1&page_size=1000
2026-05-26 12:29:51 | INFO    | aps             | GET    307     0.0ms /api/processes?page=1&page_size=10
2026-05-26 12:29:51 | INFO    | aps             | GET    307     1.5ms /api/production-resources?page=1&page_size=1000
2026-05-26 12:29:51 | INFO    | aps             | GET    200    10.3ms /api/processes/?page=1&page_size=10
2026-05-26 12:29:51 | INFO    | aps             | GET    200    19.0ms /api/production-resources/?page=1&page_size=1000
2026-05-26 12:29:51 | INFO    | aps             | GET    200    10.2ms /api/processes/?page=1&page_size=10
2026-05-26 12:29:51 | INFO    | aps             | GET    200     7.8ms /api/production-resources/?page=1&page_size=1000
2026-05-26 12:29:51 | INFO    | aps             | GET    307     0.0ms /api/materials?page=1&page_size=1000
2026-05-26 12:29:51 | INFO    | aps             | GET    307     0.0ms /api/materials?page=1&page_size=1000
2026-05-26 12:29:51 | INFO    | aps             | GET    200     8.1ms /api/materials/?page=1&page_size=1000
2026-05-26 12:29:51 | INFO    | aps             | GET    200     4.9ms /api/materials/?page=1&page_size=1000
2026-05-26 12:30:00 | INFO    | aps             | PUT    200    24.2ms /api/processes/0ad2a4d78e104e81bfff1109be13f1b9
2026-05-26 12:30:00 | INFO    | aps             | GET    307     0.0ms /api/processes?page=1&page_size=10
2026-05-26 12:30:00 | INFO    | aps             | GET    200     7.8ms /api/processes/?page=1&page_size=10
2026-05-26 12:30:03 | INFO    | aps             | GET    307     3.3ms /api/planning-strategies?page=1&page_size=100
2026-05-26 12:30:03 | INFO    | aps             | GET    307     4.8ms /api/production-orders?page=1&page_size=1000
2026-05-26 12:30:03 | INFO    | aps             | GET    307     0.0ms /api/planning-strategies?page=1&page_size=100
2026-05-26 12:30:03 | INFO    | aps             | GET    307     0.0ms /api/production-orders?page=1&page_size=1000
2026-05-26 12:30:03 | INFO    | aps             | GET    200    10.7ms /api/production-orders/?page=1&page_size=1000
2026-05-26 12:30:03 | INFO    | aps             | GET    200    10.7ms /api/planning-strategies/?page=1&page_size=100
2026-05-26 12:30:03 | INFO    | aps             | GET    200     7.9ms /api/planning-strategies/?page=1&page_size=100
2026-05-26 12:30:03 | INFO    | aps             | GET    200     9.8ms /api/production-orders/?page=1&page_size=1000
2026-05-26 12:30:06 | INFO    | aps             | POST   200     7.0ms /api/smart-scheduling/generate
2026-05-26 12:30:06 | INFO    | aps.solve       | 开始排产: strategy=90a48e5ab9ba41b9a78817974a59f635, 可排产订单数=2
2026-05-26 12:30:06 | INFO    | aps.mrp         | 处理订单: code=D001 material_code=C001 quantity=3000
2026-05-26 12:30:06 | INFO    | aps.mrp         |   匹配物料: id=fadbc868875f4c2a8f909a960d19f269 code=C001 name=紫晶装备 source=PRODUCED
2026-05-26 12:30:06 | INFO    | aps.mrp         |   BOM子件数=1, 可用库存=1000
2026-05-26 12:30:06 | INFO    | aps.mrp         |   订单物料 C001 加入DAG, 需求量=3000
2026-05-26 12:30:06 | INFO    | aps.mrp         | 处理订单: code=D002 material_code=C001 quantity=2000
2026-05-26 12:30:06 | INFO    | aps.mrp         |   匹配物料: id=fadbc868875f4c2a8f909a960d19f269 code=C001 name=紫晶装备 source=PRODUCED
2026-05-26 12:30:06 | INFO    | aps.mrp         |   BOM子件数=1, 可用库存=1000
2026-05-26 12:30:06 | INFO    | aps.solve       | MRP完成: 缺料DAG节点数=1, 补充订单数=0
2026-05-26 12:30:06 | INFO    | aps.task_gen    | 缺料DAG: 1个节点, 0条边
2026-05-26 12:30:06 | INFO    | aps.task_gen    |   DAG节点: material=C001(fadbc868875f4c2a8f909a960d19f269) source=PRODUCED demand=5000.00 orders={'2dbbdd247ba0446fa2ae77b0d3567b11': 3000.0, 'bb20ea266fb047bea8ce115c1b0dcf5a': 2000.0}
2026-05-26 12:30:06 | INFO    | aps.task_gen    | 拓扑排序后物料顺序 (1): ['fadbc868875f4c2a8f909a960d19f269']
2026-05-26 12:30:06 | INFO    | aps.task_gen    | 任务生成完成: 共生成 2 个任务, 2 个订单关联记录
2026-05-26 12:30:06 | INFO    | aps.solve       | 求解准备: 任务数=2, 资源数=2
2026-05-26 12:30:06 | INFO    | aps.solve       |   资源: id=579a3c2c code=Z001 name=装备压铸机 status=NORMAL throughput=10/H group=None
2026-05-26 12:30:06 | INFO    | aps.solve       |   资源: id=9632c720 code=Z002 name=装备压铸机 status=NORMAL throughput=10/H group=None
2026-05-26 12:30:06 | INFO    | aps.solve       | 工作日历已加载: 1个日历, 1个工作模式
2026-05-26 12:30:06 | INFO    | aps.scheduler   |   任务 TASK-D001-G001-1(G001): qty=3000, 候选资源=['装备压铸机'], 工期=['18000']分
2026-05-26 12:30:06 | INFO    | aps.scheduler   |   任务 TASK-D002-G001-1(G001): qty=2000, 候选资源=['装备压铸机'], 工期=['12000']分
2026-05-26 12:30:06 | INFO    | aps.scheduler   | 工作日历已激活，求解器将基于工作分钟空间建模
2026-05-26 12:30:06 | INFO    | aps.scheduler   | 构建CP模型: 总任务=2, 跳过=0, 有效=2, 资源=2
2026-05-26 12:30:06 | INFO    | aps.scheduler   | 工作分钟空间: horizon=46440分(774.0工时), 总工时=30000分
2026-05-26 12:30:06 | INFO    | aps.scheduler   |   求解结果 - TASK-D001-G001-1 -> 装备压铸机(Z001) offset=12000 dur=18000
2026-05-26 12:30:06 | INFO    | aps.scheduler   |   求解结果 - TASK-D002-G001-1 -> 装备压铸机(Z001) offset=0 dur=12000
2026-05-26 12:30:06 | INFO    | aps.scheduler   | 资源分配分布: {'装备压铸机': 2}
2026-05-26 12:30:06 | INFO    | aps.solve       | 资源分配结果: {'TASK-D001-G001-1': '装备压铸机', 'TASK-D002-G001-1': '装备压铸机'}
2026-05-26 12:30:08 | INFO    | aps             | GET    200     1.0ms /api/smart-scheduling/plan/progress?task_id=e3c90d842dc140f7aeec11b56a7a7f4d
2026-05-26 12:30:08 | INFO    | aps             | POST   200    14.2ms /api/smart-scheduling/preview/plan/resource/gantt
2026-05-26 12:30:08 | INFO    | aps             | POST   200    17.3ms /api/smart-scheduling/preview/plan/tasks
2026-05-26 12:30:15 | INFO    | aps             | POST   200    17.8ms /api/smart-scheduling/plan/pending/cancel
2026-05-26 12:30:15 | INFO    | aps             | GET    307    14.7ms /api/process-routes?page=1&page_size=10
2026-05-26 12:30:15 | INFO    | aps             | GET    307     3.7ms /api/materials?page=1&page_size=1000
2026-05-26 12:30:15 | INFO    | aps             | GET    307     0.0ms /api/process-routes?page=1&page_size=10
2026-05-26 12:30:15 | INFO    | aps             | GET    307     0.0ms /api/materials?page=1&page_size=1000
2026-05-26 12:30:15 | INFO    | aps             | GET    200    12.2ms /api/process-routes/?page=1&page_size=10
2026-05-26 12:30:15 | INFO    | aps             | GET    200    12.9ms /api/materials/?page=1&page_size=1000
2026-05-26 12:30:15 | INFO    | aps             | GET    200     7.3ms /api/materials/?page=1&page_size=1000
2026-05-26 12:30:15 | INFO    | aps             | GET    200    10.0ms /api/process-routes/?page=1&page_size=10
2026-05-26 12:30:15 | INFO    | aps             | GET    307     0.8ms /api/processes?page=1&page_size=10
2026-05-26 12:30:15 | INFO    | aps             | GET    307     0.3ms /api/production-resources?page=1&page_size=1000
2026-05-26 12:30:15 | INFO    | aps             | GET    307     4.6ms /api/processes?page=1&page_size=10
2026-05-26 12:30:15 | INFO    | aps             | GET    307     0.0ms /api/production-resources?page=1&page_size=1000
2026-05-26 12:30:15 | INFO    | aps             | GET    200    12.7ms /api/processes/?page=1&page_size=10
2026-05-26 12:30:15 | INFO    | aps             | GET    200    14.7ms /api/production-resources/?page=1&page_size=1000
2026-05-26 12:30:15 | INFO    | aps             | GET    200    10.3ms /api/processes/?page=1&page_size=10
2026-05-26 12:30:15 | INFO    | aps             | GET    200     7.3ms /api/production-resources/?page=1&page_size=1000
2026-05-26 12:30:15 | INFO    | aps             | GET    307     0.0ms /api/materials?page=1&page_size=1000
2026-05-26 12:30:15 | INFO    | aps             | GET    307     0.5ms /api/materials?page=1&page_size=1000
2026-05-26 12:30:15 | INFO    | aps             | GET    200     7.2ms /api/materials/?page=1&page_size=1000
2026-05-26 12:30:15 | INFO    | aps             | GET    200     4.2ms /api/materials/?page=1&page_size=1000
2026-05-26 12:30:45 | INFO    | aps             | PUT    200     9.8ms /api/processes/0ad2a4d78e104e81bfff1109be13f1b9
2026-05-26 12:30:45 | INFO    | aps             | GET    307     0.0ms /api/processes?page=1&page_size=10
2026-05-26 12:30:45 | INFO    | aps             | GET    200     8.7ms /api/processes/?page=1&page_size=10
2026-05-26 12:30:49 | INFO    | aps             | GET    307     1.5ms /api/production-orders?page=1&page_size=10
2026-05-26 12:30:49 | INFO    | aps             | GET    307     2.5ms /api/materials?page=1&page_size=1000
2026-05-26 12:30:49 | INFO    | aps             | GET    307     3.5ms /api/production-orders?page=1&page_size=10
2026-05-26 12:30:49 | INFO    | aps             | GET    307     2.7ms /api/materials?page=1&page_size=1000
2026-05-26 12:30:49 | INFO    | aps             | GET    200    13.0ms /api/production-orders/?page=1&page_size=10
2026-05-26 12:30:49 | INFO    | aps             | GET    200    13.9ms /api/materials/?page=1&page_size=1000
2026-05-26 12:30:49 | INFO    | aps             | GET    200     9.0ms /api/materials/?page=1&page_size=1000
2026-05-26 12:30:49 | INFO    | aps             | GET    200     9.0ms /api/production-orders/?page=1&page_size=10
2026-05-26 12:30:51 | INFO    | aps             | GET    307     1.0ms /api/planning-strategies?page=1&page_size=100
2026-05-26 12:30:51 | INFO    | aps             | GET    307     0.0ms /api/production-orders?page=1&page_size=1000
2026-05-26 12:30:51 | INFO    | aps             | GET    307     0.0ms /api/planning-strategies?page=1&page_size=100
2026-05-26 12:30:51 | INFO    | aps             | GET    307     0.0ms /api/production-orders?page=1&page_size=1000
2026-05-26 12:30:51 | INFO    | aps             | GET    200     9.9ms /api/planning-strategies/?page=1&page_size=100
2026-05-26 12:30:51 | INFO    | aps             | GET    200    13.2ms /api/production-orders/?page=1&page_size=1000
2026-05-26 12:30:51 | INFO    | aps             | GET    200     8.7ms /api/planning-strategies/?page=1&page_size=100
2026-05-26 12:30:51 | INFO    | aps             | GET    200     7.9ms /api/production-orders/?page=1&page_size=1000
2026-05-26 12:30:54 | INFO    | aps             | POST   200     7.5ms /api/smart-scheduling/generate
2026-05-26 12:30:54 | INFO    | aps.solve       | 开始排产: strategy=90a48e5ab9ba41b9a78817974a59f635, 可排产订单数=2
2026-05-26 12:30:54 | INFO    | aps.mrp         | 处理订单: code=D001 material_code=C001 quantity=3000
2026-05-26 12:30:54 | INFO    | aps.mrp         |   匹配物料: id=fadbc868875f4c2a8f909a960d19f269 code=C001 name=紫晶装备 source=PRODUCED
2026-05-26 12:30:54 | INFO    | aps.mrp         |   BOM子件数=1, 可用库存=1000
2026-05-26 12:30:54 | INFO    | aps.mrp         |   订单物料 C001 加入DAG, 需求量=3000
2026-05-26 12:30:54 | INFO    | aps.mrp         | 处理订单: code=D002 material_code=C001 quantity=2000
2026-05-26 12:30:54 | INFO    | aps.mrp         |   匹配物料: id=fadbc868875f4c2a8f909a960d19f269 code=C001 name=紫晶装备 source=PRODUCED
2026-05-26 12:30:54 | INFO    | aps.mrp         |   BOM子件数=1, 可用库存=1000
2026-05-26 12:30:54 | INFO    | aps.solve       | MRP完成: 缺料DAG节点数=1, 补充订单数=0
2026-05-26 12:30:54 | INFO    | aps.task_gen    | 缺料DAG: 1个节点, 0条边
2026-05-26 12:30:54 | INFO    | aps.task_gen    |   DAG节点: material=C001(fadbc868875f4c2a8f909a960d19f269) source=PRODUCED demand=5000.00 orders={'2dbbdd247ba0446fa2ae77b0d3567b11': 3000.0, 'bb20ea266fb047bea8ce115c1b0dcf5a': 2000.0}
2026-05-26 12:30:54 | INFO    | aps.task_gen    | 拓扑排序后物料顺序 (1): ['fadbc868875f4c2a8f909a960d19f269']
2026-05-26 12:30:54 | INFO    | aps.task_gen    | 任务生成完成: 共生成 2 个任务, 2 个订单关联记录
2026-05-26 12:30:54 | INFO    | aps.solve       | 求解准备: 任务数=2, 资源数=2
2026-05-26 12:30:54 | INFO    | aps.solve       |   资源: id=579a3c2c code=Z001 name=装备压铸机 status=NORMAL throughput=10/H group=None
2026-05-26 12:30:54 | INFO    | aps.solve       |   资源: id=9632c720 code=Z002 name=装备压铸机 status=NORMAL throughput=10/H group=None
2026-05-26 12:30:54 | INFO    | aps.solve       | 工作日历已加载: 1个日历, 1个工作模式
2026-05-26 12:30:54 | INFO    | aps.scheduler   |   任务 TASK-D001-G001-1(G001): qty=3000, 候选资源=['装备压铸机'], 工期=['18000']分
2026-05-26 12:30:54 | INFO    | aps.scheduler   |   任务 TASK-D002-G001-1(G001): qty=2000, 候选资源=['装备压铸机'], 工期=['12000']分
2026-05-26 12:30:54 | INFO    | aps.scheduler   | 工作日历已激活，求解器将基于工作分钟空间建模
2026-05-26 12:30:54 | INFO    | aps.scheduler   | 构建CP模型: 总任务=2, 跳过=0, 有效=2, 资源=2
2026-05-26 12:30:54 | INFO    | aps.scheduler   | 工作分钟空间: horizon=46440分(774.0工时), 总工时=30000分
2026-05-26 12:30:54 | INFO    | aps.scheduler   |   求解结果 - TASK-D001-G001-1 -> 装备压铸机(Z001) offset=12000 dur=18000
2026-05-26 12:30:54 | INFO    | aps.scheduler   |   求解结果 - TASK-D002-G001-1 -> 装备压铸机(Z001) offset=0 dur=12000
2026-05-26 12:30:54 | INFO    | aps.scheduler   | 资源分配分布: {'装备压铸机': 2}
2026-05-26 12:30:54 | INFO    | aps.solve       | 资源分配结果: {'TASK-D001-G001-1': '装备压铸机', 'TASK-D002-G001-1': '装备压铸机'}
2026-05-26 12:30:56 | INFO    | aps             | GET    200     0.0ms /api/smart-scheduling/plan/progress?task_id=682c65a331fa4e62a6873b90876eb2ab
2026-05-26 12:30:56 | INFO    | aps             | POST   200    17.7ms /api/smart-scheduling/preview/plan/resource/gantt
2026-05-26 12:30:56 | INFO    | aps             | POST   200    20.6ms /api/smart-scheduling/preview/plan/tasks
2026-05-26 12:31:10 | INFO    | aps             | POST   200    16.4ms /api/smart-scheduling/plan/pending/cancel
2026-05-26 12:32:07 | INFO    | aps             | GET    307     0.0ms /api/processes?page=1&page_size=10
2026-05-26 12:32:07 | INFO    | aps             | GET    307     2.3ms /api/production-resources?page=1&page_size=1000
2026-05-26 12:32:07 | INFO    | aps             | GET    307     1.0ms /api/processes?page=1&page_size=10
2026-05-26 12:32:07 | INFO    | aps             | GET    307     0.0ms /api/production-resources?page=1&page_size=1000
2026-05-26 12:32:07 | INFO    | aps             | GET    200    10.4ms /api/processes/?page=1&page_size=10
2026-05-26 12:32:07 | INFO    | aps             | GET    200    10.4ms /api/production-resources/?page=1&page_size=1000
2026-05-26 12:32:07 | INFO    | aps             | GET    200     7.8ms /api/production-resources/?page=1&page_size=1000
2026-05-26 12:32:08 | INFO    | aps             | GET    200    14.7ms /api/processes/?page=1&page_size=10
2026-05-26 12:32:08 | INFO    | aps             | GET    307     0.0ms /api/materials?page=1&page_size=1000
2026-05-26 12:32:08 | INFO    | aps             | GET    307     0.0ms /api/materials?page=1&page_size=1000
2026-05-26 12:32:08 | INFO    | aps             | GET    200     7.6ms /api/materials/?page=1&page_size=1000
2026-05-26 12:32:08 | INFO    | aps             | GET    200    11.0ms /api/materials/?page=1&page_size=1000
2026-05-26 12:32:08 | INFO    | aps             | GET    307     0.0ms /api/production-resources?page=1&page_size=10
2026-05-26 12:32:08 | INFO    | aps             | GET    307     2.0ms /api/production-resources?page=1&page_size=10
2026-05-26 12:32:08 | INFO    | aps             | GET    200     7.1ms /api/production-resources/?page=1&page_size=10
2026-05-26 12:32:08 | INFO    | aps             | GET    200     6.4ms /api/production-resources/?page=1&page_size=10
2026-05-26 12:32:09 | INFO    | aps             | GET    307     0.5ms /api/processes?page=1&page_size=10
2026-05-26 12:32:09 | INFO    | aps             | GET    307     2.3ms /api/production-resources?page=1&page_size=1000
2026-05-26 12:32:09 | INFO    | aps             | GET    307     4.1ms /api/processes?page=1&page_size=10
2026-05-26 12:32:09 | INFO    | aps             | GET    307     3.3ms /api/production-resources?page=1&page_size=1000
2026-05-26 12:32:10 | INFO    | aps             | GET    200    12.8ms /api/processes/?page=1&page_size=10
2026-05-26 12:32:10 | INFO    | aps             | GET    200    18.9ms /api/production-resources/?page=1&page_size=1000
2026-05-26 12:32:10 | INFO    | aps             | GET    200    10.4ms /api/processes/?page=1&page_size=10
2026-05-26 12:32:10 | INFO    | aps             | GET    200     8.2ms /api/production-resources/?page=1&page_size=1000
2026-05-26 12:32:10 | INFO    | aps             | GET    307     1.0ms /api/materials?page=1&page_size=1000
2026-05-26 12:32:10 | INFO    | aps             | GET    307     0.0ms /api/materials?page=1&page_size=1000
2026-05-26 12:32:10 | INFO    | aps             | GET    200     7.0ms /api/materials/?page=1&page_size=1000
2026-05-26 12:32:10 | INFO    | aps             | GET    200     6.6ms /api/materials/?page=1&page_size=1000
2026-05-26 12:32:10 | INFO    | aps             | GET    307     1.5ms /api/process-routes?page=1&page_size=10
2026-05-26 12:32:10 | INFO    | aps             | GET    307     3.7ms /api/materials?page=1&page_size=1000
2026-05-26 12:32:10 | INFO    | aps             | GET    307     1.6ms /api/process-routes?page=1&page_size=10
2026-05-26 12:32:10 | INFO    | aps             | GET    307     0.0ms /api/materials?page=1&page_size=1000
2026-05-26 12:32:10 | INFO    | aps             | GET    200    12.2ms /api/process-routes/?page=1&page_size=10
2026-05-26 12:32:10 | INFO    | aps             | GET    200    13.0ms /api/materials/?page=1&page_size=1000
2026-05-26 12:32:10 | INFO    | aps             | GET    200    10.7ms /api/process-routes/?page=1&page_size=10
2026-05-26 12:32:10 | INFO    | aps             | GET    200     9.4ms /api/materials/?page=1&page_size=1000
2026-05-26 12:32:10 | INFO    | aps             | GET    307     1.4ms /api/processes?page=1&page_size=10
2026-05-26 12:32:10 | INFO    | aps             | GET    307     0.0ms /api/production-resources?page=1&page_size=1000
2026-05-26 12:32:10 | INFO    | aps             | GET    307     2.7ms /api/processes?page=1&page_size=10
2026-05-26 12:32:10 | INFO    | aps             | GET    307     1.0ms /api/production-resources?page=1&page_size=1000
2026-05-26 12:32:10 | INFO    | aps             | GET    200    13.3ms /api/processes/?page=1&page_size=10
2026-05-26 12:32:10 | INFO    | aps             | GET    200    16.4ms /api/production-resources/?page=1&page_size=1000
2026-05-26 12:32:10 | INFO    | aps             | GET    200    10.3ms /api/processes/?page=1&page_size=10
2026-05-26 12:32:10 | INFO    | aps             | GET    200     9.1ms /api/production-resources/?page=1&page_size=1000
2026-05-26 12:32:10 | INFO    | aps             | GET    307     0.5ms /api/materials?page=1&page_size=1000
2026-05-26 12:32:10 | INFO    | aps             | GET    307     0.6ms /api/materials?page=1&page_size=1000
2026-05-26 12:32:11 | INFO    | aps             | GET    200     5.7ms /api/materials/?page=1&page_size=1000
2026-05-26 12:32:11 | INFO    | aps             | GET    200     6.6ms /api/materials/?page=1&page_size=1000
2026-05-26 12:33:58 | INFO    | aps             | PUT    200     8.8ms /api/processes/0ad2a4d78e104e81bfff1109be13f1b9
2026-05-26 12:33:58 | INFO    | aps             | GET    307     0.0ms /api/processes?page=1&page_size=10
2026-05-26 12:33:58 | INFO    | aps             | GET    200     7.7ms /api/processes/?page=1&page_size=10
2026-05-26 12:35:58 | INFO    | aps             | 数据库表已就绪
2026-05-26 12:36:26 | INFO    | aps             | 数据库表已就绪
2026-05-26 12:36:38 | INFO    | aps             | GET    307     2.2ms /api/production-orders?page=1&page_size=10
2026-05-26 12:36:38 | INFO    | aps             | GET    307     3.8ms /api/materials?page=1&page_size=1000
2026-05-26 12:36:38 | INFO    | aps             | GET    307     0.0ms /api/production-orders?page=1&page_size=10
2026-05-26 12:36:38 | INFO    | aps             | GET    307     0.0ms /api/materials?page=1&page_size=1000
2026-05-26 12:36:38 | INFO    | aps             | GET    200    87.7ms /api/materials/?page=1&page_size=1000
2026-05-26 12:36:38 | INFO    | aps             | GET    200     9.7ms /api/materials/?page=1&page_size=1000
2026-05-26 12:36:38 | INFO    | aps             | GET    200   109.3ms /api/production-orders/?page=1&page_size=10
2026-05-26 12:36:38 | INFO    | aps             | GET    200     7.1ms /api/production-orders/?page=1&page_size=10
2026-05-26 12:36:39 | INFO    | aps             | GET    307     1.5ms /api/planning-strategies?page=1&page_size=100
2026-05-26 12:36:39 | INFO    | aps             | GET    307     2.5ms /api/production-orders?page=1&page_size=1000
2026-05-26 12:36:39 | INFO    | aps             | GET    307     3.1ms /api/planning-strategies?page=1&page_size=100
2026-05-26 12:36:39 | INFO    | aps             | GET    307     0.0ms /api/production-orders?page=1&page_size=1000
2026-05-26 12:36:39 | INFO    | aps             | GET    200    17.2ms /api/planning-strategies/?page=1&page_size=100
2026-05-26 12:36:39 | INFO    | aps             | GET    200    16.6ms /api/production-orders/?page=1&page_size=1000
2026-05-26 12:36:39 | INFO    | aps             | GET    200    55.5ms /api/planning-strategies/?page=1&page_size=100
2026-05-26 12:36:39 | INFO    | aps             | GET    200    85.0ms /api/production-orders/?page=1&page_size=1000
2026-05-26 12:36:40 | INFO    | aps             | POST   200    11.0ms /api/smart-scheduling/generate
2026-05-26 12:36:40 | INFO    | aps.solve       | 开始排产: strategy=90a48e5ab9ba41b9a78817974a59f635, 可排产订单数=2
2026-05-26 12:36:40 | INFO    | aps.mrp         | 处理订单: code=D001 material_code=C001 quantity=3000
2026-05-26 12:36:40 | INFO    | aps.mrp         |   匹配物料: id=fadbc868875f4c2a8f909a960d19f269 code=C001 name=紫晶装备 source=PRODUCED
2026-05-26 12:36:40 | INFO    | aps.mrp         |   BOM子件数=1, 可用库存=1000
2026-05-26 12:36:40 | INFO    | aps.mrp         |   订单物料 C001 加入DAG, 需求量=3000
2026-05-26 12:36:40 | INFO    | aps.mrp         | 处理订单: code=D002 material_code=C001 quantity=2000
2026-05-26 12:36:40 | INFO    | aps.mrp         |   匹配物料: id=fadbc868875f4c2a8f909a960d19f269 code=C001 name=紫晶装备 source=PRODUCED
2026-05-26 12:36:40 | INFO    | aps.mrp         |   BOM子件数=1, 可用库存=1000
2026-05-26 12:36:40 | INFO    | aps.solve       | MRP完成: 缺料DAG节点数=1, 补充订单数=0
2026-05-26 12:36:40 | INFO    | aps.task_gen    | 缺料DAG: 1个节点, 0条边
2026-05-26 12:36:40 | INFO    | aps.task_gen    |   DAG节点: material=C001(fadbc868875f4c2a8f909a960d19f269) source=PRODUCED demand=5000.00 orders={'2dbbdd247ba0446fa2ae77b0d3567b11': 3000.0, 'bb20ea266fb047bea8ce115c1b0dcf5a': 2000.0}
2026-05-26 12:36:40 | INFO    | aps.task_gen    | 拓扑排序后物料顺序 (1): ['fadbc868875f4c2a8f909a960d19f269']
2026-05-26 12:36:40 | INFO    | aps.task_gen    |   工序 G001: 从数据库刷新主资源=['579a3c2c', '9632c720']
2026-05-26 12:36:40 | INFO    | aps.task_gen    |   工序 G001: 从数据库刷新主资源=['579a3c2c', '9632c720']
2026-05-26 12:36:40 | INFO    | aps.task_gen    | 任务生成完成: 共生成 2 个任务, 2 个订单关联记录
2026-05-26 12:36:40 | INFO    | aps.solve       | 求解准备: 任务数=2, 资源数=2
2026-05-26 12:36:40 | INFO    | aps.solve       |   资源: id=579a3c2c code=Z001 name=装备压铸机 status=NORMAL throughput=10/H group=None
2026-05-26 12:36:40 | INFO    | aps.solve       |   资源: id=9632c720 code=Z002 name=装备压铸机 status=NORMAL throughput=10/H group=None
2026-05-26 12:36:40 | INFO    | aps.solve       | 工作日历已加载: 1个日历, 1个工作模式
2026-05-26 12:36:40 | INFO    | aps.scheduler   |   任务 TASK-D001-G001-1(G001): qty=3000, 资源=2个, 工期=['18000', '18000']分
2026-05-26 12:36:40 | INFO    | aps.scheduler   |   任务 TASK-D002-G001-1(G001): qty=2000, 资源=2个, 工期=['12000', '12000']分
2026-05-26 12:36:40 | INFO    | aps.scheduler   | 工作日历已激活，求解器将基于工作分钟空间建模
2026-05-26 12:36:40 | INFO    | aps.scheduler   | 构建CP模型: 总任务=2, 跳过=0, 有效=2, 资源=2
2026-05-26 12:36:40 | INFO    | aps.scheduler   | 工作分钟空间: horizon=46440分(774.0工时), 总工时=30000分
2026-05-26 12:36:40 | INFO    | aps.scheduler   |   求解结果 - TASK-D001-G001-1 -> 装备压铸机(Z002) offset=0 dur=18000
2026-05-26 12:36:40 | INFO    | aps.scheduler   |   求解结果 - TASK-D002-G001-1 -> 装备压铸机(Z001) offset=0 dur=12000
2026-05-26 12:36:40 | INFO    | aps.solve       | 资源分配结果: {'TASK-D001-G001-1': '装备压铸机', 'TASK-D002-G001-1': '装备压铸机'}
2026-05-26 12:36:42 | INFO    | aps             | GET    200     2.1ms /api/smart-scheduling/plan/progress?task_id=3c8fe11b51b740638790862a637da79b
2026-05-26 12:36:43 | INFO    | aps             | POST   200    27.7ms /api/smart-scheduling/preview/plan/resource/gantt
2026-05-26 12:36:43 | INFO    | aps             | POST   200    33.3ms /api/smart-scheduling/preview/plan/tasks
2026-05-26 12:38:08 | INFO    | aps             | GET    307     2.0ms /api/manufacture-boms?page=1&page_size=10
2026-05-26 12:38:08 | INFO    | aps             | GET    307     2.6ms /api/materials?page=1&page_size=1000
2026-05-26 12:38:08 | INFO    | aps             | POST   200    24.5ms /api/smart-scheduling/plan/pending/cancel
2026-05-26 12:38:08 | INFO    | aps             | GET    307     1.0ms /api/manufacture-boms?page=1&page_size=10
2026-05-26 12:38:08 | INFO    | aps             | GET    307     1.1ms /api/materials?page=1&page_size=1000
2026-05-26 12:38:08 | INFO    | aps             | GET    200    10.4ms /api/materials/?page=1&page_size=1000
2026-05-26 12:38:08 | INFO    | aps             | GET    200    11.9ms /api/manufacture-boms/?page=1&page_size=10
2026-05-26 12:38:09 | INFO    | aps             | GET    200     8.2ms /api/materials/?page=1&page_size=1000
2026-05-26 12:38:09 | INFO    | aps             | GET    200    10.1ms /api/manufacture-boms/?page=1&page_size=10
2026-05-26 12:38:09 | INFO    | aps             | GET    307     0.0ms /api/materials?page=1&page_size=10
2026-05-26 12:38:09 | INFO    | aps             | GET    307     1.2ms /api/materials?page=1&page_size=10
2026-05-26 12:38:09 | INFO    | aps             | GET    200    10.1ms /api/materials/?page=1&page_size=10
2026-05-26 12:38:09 | INFO    | aps             | GET    200     6.6ms /api/materials/?page=1&page_size=10
2026-05-26 12:38:55 | INFO    | aps             | POST   307     0.0ms /api/materials
2026-05-26 12:38:55 | INFO    | aps             | OPTIONS 200     0.0ms /api/materials/
2026-05-26 12:38:56 | INFO    | aps             | POST   201    25.6ms /api/materials/
2026-05-26 12:38:56 | INFO    | aps             | GET    307     0.0ms /api/materials?page=1&page_size=10
2026-05-26 12:38:56 | INFO    | aps             | GET    200     3.3ms /api/materials/?page=1&page_size=10
2026-05-26 12:39:04 | INFO    | aps             | PUT    200    22.2ms /api/materials/fff49451ca0a433dbed3cdf51d6b42c3
2026-05-26 12:39:04 | INFO    | aps             | GET    307     0.5ms /api/materials?page=1&page_size=10
2026-05-26 12:39:04 | INFO    | aps             | GET    200     7.4ms /api/materials/?page=1&page_size=10
2026-05-26 12:39:13 | INFO    | aps             | PUT    200    20.2ms /api/materials/5a5959f29f6643129210ee4dbcebf84f
2026-05-26 12:39:13 | INFO    | aps             | GET    307     0.0ms /api/materials?page=1&page_size=10
2026-05-26 12:39:13 | INFO    | aps             | GET    200     6.2ms /api/materials/?page=1&page_size=10
2026-05-26 12:39:14 | INFO    | aps             | GET    307     0.8ms /api/manufacture-boms?page=1&page_size=10
2026-05-26 12:39:14 | INFO    | aps             | GET    307     2.5ms /api/materials?page=1&page_size=1000
2026-05-26 12:39:14 | INFO    | aps             | GET    307     1.6ms /api/manufacture-boms?page=1&page_size=10
2026-05-26 12:39:14 | INFO    | aps             | GET    307     0.0ms /api/materials?page=1&page_size=1000
2026-05-26 12:39:14 | INFO    | aps             | GET    200    12.4ms /api/manufacture-boms/?page=1&page_size=10
2026-05-26 12:39:14 | INFO    | aps             | GET    200    13.6ms /api/materials/?page=1&page_size=1000
2026-05-26 12:39:14 | INFO    | aps             | GET    200    10.6ms /api/manufacture-boms/?page=1&page_size=10
2026-05-26 12:39:14 | INFO    | aps             | GET    200     9.6ms /api/materials/?page=1&page_size=1000
2026-05-26 12:39:34 | INFO    | aps             | POST   307     0.6ms /api/manufacture-boms
2026-05-26 12:39:34 | INFO    | aps             | OPTIONS 200     0.0ms /api/manufacture-boms/
2026-05-26 12:39:34 | INFO    | aps             | POST   201    23.3ms /api/manufacture-boms/
2026-05-26 12:39:34 | INFO    | aps             | GET    307     0.0ms /api/manufacture-boms?page=1&page_size=10
2026-05-26 12:39:34 | INFO    | aps             | GET    200     8.3ms /api/manufacture-boms/?page=1&page_size=10
2026-05-26 12:41:44 | INFO    | aps             | PUT    200    17.9ms /api/manufacture-boms/c117f71f767a4c4abf468db7ce8fe2a6
2026-05-26 12:41:44 | INFO    | aps             | GET    307     0.0ms /api/manufacture-boms?page=1&page_size=10
2026-05-26 12:41:45 | INFO    | aps             | GET    200     8.0ms /api/manufacture-boms/?page=1&page_size=10
2026-05-26 12:42:34 | INFO    | aps             | GET    307     0.0ms /api/production-resources?page=1&page_size=10
2026-05-26 12:42:34 | INFO    | aps             | GET    307     1.5ms /api/production-resources?page=1&page_size=10
2026-05-26 12:42:35 | INFO    | aps             | GET    200    10.0ms /api/production-resources/?page=1&page_size=10
2026-05-26 12:42:35 | INFO    | aps             | GET    200     7.4ms /api/production-resources/?page=1&page_size=10
2026-05-26 12:43:03 | INFO    | aps             | POST   307     0.0ms /api/production-resources
2026-05-26 12:43:03 | INFO    | aps             | OPTIONS 200     0.0ms /api/production-resources/
2026-05-26 12:43:03 | INFO    | aps             | POST   201    24.0ms /api/production-resources/
2026-05-26 12:43:03 | INFO    | aps             | GET    307     0.0ms /api/production-resources?page=1&page_size=10
2026-05-26 12:43:03 | INFO    | aps             | GET    200     5.1ms /api/production-resources/?page=1&page_size=10
2026-05-26 12:43:07 | INFO    | aps             | GET    307     0.5ms /api/processes?page=1&page_size=10
2026-05-26 12:43:07 | INFO    | aps             | GET    307     2.6ms /api/production-resources?page=1&page_size=1000
2026-05-26 12:43:07 | INFO    | aps             | GET    307     6.9ms /api/processes?page=1&page_size=10
2026-05-26 12:43:07 | INFO    | aps             | GET    307     2.5ms /api/production-resources?page=1&page_size=1000
2026-05-26 12:43:07 | INFO    | aps             | GET    200    15.5ms /api/production-resources/?page=1&page_size=1000
2026-05-26 12:43:07 | INFO    | aps             | GET    200    24.0ms /api/processes/?page=1&page_size=10
2026-05-26 12:43:07 | INFO    | aps             | GET    307     2.1ms /api/materials?page=1&page_size=1000
2026-05-26 12:43:07 | INFO    | aps             | GET    200    10.2ms /api/processes/?page=1&page_size=10
2026-05-26 12:43:07 | INFO    | aps             | GET    200    13.6ms /api/production-resources/?page=1&page_size=1000
2026-05-26 12:43:07 | INFO    | aps             | GET    307     0.0ms /api/materials?page=1&page_size=1000
2026-05-26 12:43:07 | INFO    | aps             | GET    200     7.9ms /api/materials/?page=1&page_size=1000
2026-05-26 12:43:07 | INFO    | aps             | GET    200     6.8ms /api/materials/?page=1&page_size=1000
2026-05-26 12:43:33 | INFO    | aps             | POST   307     0.0ms /api/processes
2026-05-26 12:43:33 | INFO    | aps             | OPTIONS 200     0.0ms /api/processes/
2026-05-26 12:43:33 | INFO    | aps             | POST   201    22.8ms /api/processes/
2026-05-26 12:43:33 | INFO    | aps             | GET    307     0.0ms /api/processes?page=1&page_size=10
2026-05-26 12:43:33 | INFO    | aps             | GET    200     6.1ms /api/processes/?page=1&page_size=10
2026-05-26 12:43:35 | INFO    | aps             | GET    307     1.4ms /api/process-routes?page=1&page_size=10
2026-05-26 12:43:35 | INFO    | aps             | GET    307     2.0ms /api/materials?page=1&page_size=1000
2026-05-26 12:43:35 | INFO    | aps             | GET    307     3.5ms /api/process-routes?page=1&page_size=10
2026-05-26 12:43:35 | INFO    | aps             | GET    307     5.1ms /api/materials?page=1&page_size=1000
2026-05-26 12:43:35 | INFO    | aps             | GET    200    14.9ms /api/process-routes/?page=1&page_size=10
2026-05-26 12:43:35 | INFO    | aps             | GET    200    17.6ms /api/materials/?page=1&page_size=1000
2026-05-26 12:43:35 | INFO    | aps             | GET    200    10.4ms /api/process-routes/?page=1&page_size=10
2026-05-26 12:43:35 | INFO    | aps             | GET    200    10.9ms /api/materials/?page=1&page_size=1000
2026-05-26 12:43:40 | INFO    | aps             | POST   307     0.5ms /api/process-routes
2026-05-26 12:43:40 | INFO    | aps             | OPTIONS 200     0.0ms /api/process-routes/
2026-05-26 12:43:40 | INFO    | aps             | POST   201    23.3ms /api/process-routes/
2026-05-26 12:43:40 | INFO    | aps             | GET    307     0.0ms /api/process-routes?page=1&page_size=10
2026-05-26 12:43:40 | INFO    | aps             | GET    200     6.1ms /api/process-routes/?page=1&page_size=10
2026-05-26 12:43:42 | INFO    | aps             | GET    307     0.3ms /api/processes?page=1&page_size=1000
2026-05-26 12:43:42 | INFO    | aps             | GET    200     8.6ms /api/processes/?page=1&page_size=1000
2026-05-26 12:43:51 | INFO    | aps             | POST   200     2.5ms /api/process-routes/validate
2026-05-26 12:43:51 | INFO    | aps             | PUT    200    23.6ms /api/process-routes/fbaac9e432674146a16b6bf096e0b83f
2026-05-26 12:43:51 | INFO    | aps             | GET    307     0.0ms /api/process-routes?page=1&page_size=10
2026-05-26 12:43:51 | INFO    | aps             | GET    200     9.3ms /api/process-routes/?page=1&page_size=10
2026-05-26 12:43:53 | INFO    | aps             | GET    307     0.0ms /api/processes?page=1&page_size=1000
2026-05-26 12:43:53 | INFO    | aps             | GET    200     9.4ms /api/processes/?page=1&page_size=1000
2026-05-26 12:43:55 | INFO    | aps             | POST   200     1.5ms /api/process-routes/validate
2026-05-26 12:43:55 | INFO    | aps             | PUT    200     9.6ms /api/process-routes/cb78d24912764ac59213a6e4762d5013
2026-05-26 12:43:55 | INFO    | aps             | GET    307     0.0ms /api/process-routes?page=1&page_size=10
2026-05-26 12:43:55 | INFO    | aps             | GET    200     6.1ms /api/process-routes/?page=1&page_size=10
2026-05-26 12:43:56 | INFO    | aps             | GET    307     0.0ms /api/production-orders?page=1&page_size=10
2026-05-26 12:43:56 | INFO    | aps             | GET    307     1.4ms /api/materials?page=1&page_size=1000
2026-05-26 12:43:56 | INFO    | aps             | GET    307     1.6ms /api/production-orders?page=1&page_size=10
2026-05-26 12:43:56 | INFO    | aps             | GET    307     0.0ms /api/materials?page=1&page_size=1000
2026-05-26 12:43:56 | INFO    | aps             | GET    200     8.6ms /api/production-orders/?page=1&page_size=10
2026-05-26 12:43:56 | INFO    | aps             | GET    200    11.6ms /api/materials/?page=1&page_size=1000
2026-05-26 12:43:56 | INFO    | aps             | GET    200     6.5ms /api/production-orders/?page=1&page_size=10
2026-05-26 12:43:56 | INFO    | aps             | GET    200    10.1ms /api/materials/?page=1&page_size=1000
2026-05-26 12:43:58 | INFO    | aps             | GET    307     2.4ms /api/planning-strategies?page=1&page_size=10
2026-05-26 12:43:58 | INFO    | aps             | GET    200     3.9ms /api/planning-strategies/scheduling-rule/options
2026-05-26 12:43:58 | INFO    | aps             | GET    307     0.0ms /api/planning-strategies?page=1&page_size=10
2026-05-26 12:43:58 | INFO    | aps             | GET    200     1.1ms /api/planning-strategies/scheduling-rule/options
2026-05-26 12:43:58 | INFO    | aps             | GET    200    10.8ms /api/planning-strategies/?page=1&page_size=10
2026-05-26 12:43:58 | INFO    | aps             | GET    200     9.9ms /api/planning-strategies/?page=1&page_size=10
2026-05-26 12:44:01 | INFO    | aps             | GET    307     0.0ms /api/planning-strategies?page=1&page_size=100
2026-05-26 12:44:01 | INFO    | aps             | GET    307     0.0ms /api/production-orders?page=1&page_size=1000
2026-05-26 12:44:01 | INFO    | aps             | GET    307     1.0ms /api/planning-strategies?page=1&page_size=100
2026-05-26 12:44:01 | INFO    | aps             | GET    307     0.0ms /api/production-orders?page=1&page_size=1000
2026-05-26 12:44:01 | INFO    | aps             | GET    200    11.8ms /api/planning-strategies/?page=1&page_size=100
2026-05-26 12:44:01 | INFO    | aps             | GET    200    10.2ms /api/production-orders/?page=1&page_size=1000
2026-05-26 12:44:01 | INFO    | aps             | GET    200     6.8ms /api/production-orders/?page=1&page_size=1000
2026-05-26 12:44:01 | INFO    | aps             | GET    200    11.7ms /api/planning-strategies/?page=1&page_size=100
2026-05-26 12:44:03 | INFO    | aps             | GET    307     0.0ms /api/materials?page=1&page_size=10
2026-05-26 12:44:03 | INFO    | aps             | GET    307     0.0ms /api/materials?page=1&page_size=10
2026-05-26 12:44:03 | INFO    | aps             | GET    200     5.6ms /api/materials/?page=1&page_size=10
2026-05-26 12:44:03 | INFO    | aps             | GET    200     3.6ms /api/materials/?page=1&page_size=10
2026-05-26 12:44:07 | INFO    | aps             | GET    307     3.3ms /api/production-orders?page=1&page_size=1000
2026-05-26 12:44:07 | INFO    | aps             | GET    307     5.5ms /api/planning-strategies?page=1&page_size=100
2026-05-26 12:44:07 | INFO    | aps             | GET    307     3.8ms /api/production-orders?page=1&page_size=1000
2026-05-26 12:44:07 | INFO    | aps             | GET    307     0.6ms /api/planning-strategies?page=1&page_size=100
2026-05-26 12:44:07 | INFO    | aps             | GET    200    14.3ms /api/planning-strategies/?page=1&page_size=100
2026-05-26 12:44:07 | INFO    | aps             | GET    200    16.8ms /api/production-orders/?page=1&page_size=1000
2026-05-26 12:44:07 | INFO    | aps             | GET    200    10.4ms /api/planning-strategies/?page=1&page_size=100
2026-05-26 12:44:07 | INFO    | aps             | GET    200    10.0ms /api/production-orders/?page=1&page_size=1000
2026-05-26 12:44:10 | INFO    | aps             | POST   200     5.5ms /api/smart-scheduling/generate
2026-05-26 12:44:10 | INFO    | aps.solve       | 开始排产: strategy=90a48e5ab9ba41b9a78817974a59f635, 可排产订单数=2
2026-05-26 12:44:10 | INFO    | aps.mrp         | 处理订单: code=D001 material_code=C001 quantity=3000
2026-05-26 12:44:10 | INFO    | aps.mrp         |   匹配物料: id=fadbc868875f4c2a8f909a960d19f269 code=C001 name=紫晶装备 source=PRODUCED
2026-05-26 12:44:10 | INFO    | aps.mrp         |   BOM子件数=1, 可用库存=1000
2026-05-26 12:44:10 | INFO    | aps.mrp         |   订单物料 C001 加入DAG, 需求量=3000
2026-05-26 12:44:10 | INFO    | aps.mrp         | 处理订单: code=D002 material_code=C001 quantity=2000
2026-05-26 12:44:10 | INFO    | aps.mrp         |   匹配物料: id=fadbc868875f4c2a8f909a960d19f269 code=C001 name=紫晶装备 source=PRODUCED
2026-05-26 12:44:10 | INFO    | aps.mrp         |   BOM子件数=1, 可用库存=1000
2026-05-26 12:44:10 | INFO    | aps.solve       | MRP完成: 缺料DAG节点数=2, 补充订单数=2
2026-05-26 12:44:10 | INFO    | aps.task_gen    | 缺料DAG: 2个节点, 1条边
2026-05-26 12:44:10 | INFO    | aps.task_gen    |   DAG节点: material=C001(fadbc868875f4c2a8f909a960d19f269) source=PRODUCED demand=5000.00 orders={'2dbbdd247ba0446fa2ae77b0d3567b11': 3000.0, 'bb20ea266fb047bea8ce115c1b0dcf5a': 2000.0}
2026-05-26 12:44:10 | INFO    | aps.task_gen    |   DAG节点: material=W001(5a5959f29f6643129210ee4dbcebf84f) source=PRODUCED demand=4000.00 orders={'2dbbdd247ba0446fa2ae77b0d3567b11': 2000.0, 'bb20ea266fb047bea8ce115c1b0dcf5a': 1000.0}
2026-05-26 12:44:10 | INFO    | aps.task_gen    | 拓扑排序后物料顺序 (2): ['5a5959f29f6643129210ee4dbcebf84f', 'fadbc868875f4c2a8f909a960d19f269']
2026-05-26 12:44:10 | INFO    | aps.task_gen    |   工序 G002: 从数据库刷新主资源=['af35d6ac']
2026-05-26 12:44:10 | INFO    | aps.task_gen    |   工序 G002: 从数据库刷新主资源=['af35d6ac']
2026-05-26 12:44:10 | INFO    | aps.task_gen    |   工序 G001: 从数据库刷新主资源=['579a3c2c', '9632c720']
2026-05-26 12:44:10 | INFO    | aps.task_gen    |   工序 G001: 从数据库刷新主资源=['579a3c2c', '9632c720']
2026-05-26 12:44:10 | INFO    | aps.task_gen    | 任务生成完成: 共生成 4 个任务, 4 个订单关联记录
2026-05-26 12:44:10 | INFO    | aps.solve       | 求解准备: 任务数=4, 资源数=3
2026-05-26 12:44:10 | INFO    | aps.solve       |   资源: id=579a3c2c code=Z001 name=装备压铸机 status=NORMAL throughput=10/H group=None
2026-05-26 12:44:10 | INFO    | aps.solve       |   资源: id=9632c720 code=Z002 name=装备压铸机 status=NORMAL throughput=10/H group=None
2026-05-26 12:44:10 | INFO    | aps.solve       |   资源: id=af35d6ac code=Z003 name=零件打磨机 status=NORMAL throughput=20/H group=None
2026-05-26 12:44:11 | INFO    | aps.solve       | 工作日历已加载: 1个日历, 1个工作模式
2026-05-26 12:44:11 | INFO    | aps.scheduler   |   任务 TASK-D001-G002-1(G002): qty=2000, 资源=1个, 工期=['6000']分
2026-05-26 12:44:11 | INFO    | aps.scheduler   |   任务 TASK-D002-G002-1(G002): qty=1000, 资源=1个, 工期=['3000']分
2026-05-26 12:44:11 | INFO    | aps.scheduler   |   任务 TASK-D001-G001-2(G001): qty=3000, 资源=2个, 工期=['18000', '18000']分
2026-05-26 12:44:11 | INFO    | aps.scheduler   |   任务 TASK-D002-G001-2(G001): qty=2000, 资源=2个, 工期=['12000', '12000']分
2026-05-26 12:44:11 | INFO    | aps.scheduler   | 工作日历已激活，求解器将基于工作分钟空间建模
2026-05-26 12:44:11 | INFO    | aps.scheduler   | 构建CP模型: 总任务=4, 跳过=0, 有效=4, 资源=3
2026-05-26 12:44:11 | INFO    | aps.scheduler   | 工作分钟空间: horizon=59940分(999.0工时), 总工时=39000分
2026-05-26 12:44:12 | INFO    | aps             | GET    200     0.0ms /api/smart-scheduling/plan/progress?task_id=29333fcf4a46488982c3e815b3c5d75e
2026-05-26 12:44:22 | INFO    | aps             | GET    307     1.0ms /api/manufacture-boms?page=1&page_size=10
2026-05-26 12:44:22 | INFO    | aps             | GET    307     2.9ms /api/materials?page=1&page_size=1000
2026-05-26 12:44:22 | INFO    | aps             | GET    307     0.0ms /api/manufacture-boms?page=1&page_size=10
2026-05-26 12:44:22 | INFO    | aps             | GET    307     0.5ms /api/materials?page=1&page_size=1000
2026-05-26 12:44:22 | INFO    | aps             | GET    200     6.8ms /api/manufacture-boms/?page=1&page_size=10
2026-05-26 12:44:22 | INFO    | aps             | GET    200     9.3ms /api/materials/?page=1&page_size=1000
2026-05-26 12:44:22 | INFO    | aps             | GET    200    11.9ms /api/manufacture-boms/?page=1&page_size=10
2026-05-26 12:44:22 | INFO    | aps             | GET    200     6.6ms /api/materials/?page=1&page_size=1000
2026-05-26 12:44:23 | INFO    | aps             | GET    307     1.0ms /api/materials?page=1&page_size=10
2026-05-26 12:44:23 | INFO    | aps             | GET    307     0.0ms /api/materials?page=1&page_size=10
2026-05-26 12:44:23 | INFO    | aps             | GET    200     8.6ms /api/materials/?page=1&page_size=10
2026-05-26 12:44:23 | INFO    | aps             | GET    200     5.5ms /api/materials/?page=1&page_size=10
2026-05-26 12:44:26 | INFO    | aps             | GET    307     0.0ms /api/production-resources?page=1&page_size=10
2026-05-26 12:44:26 | INFO    | aps             | GET    307     0.0ms /api/production-resources?page=1&page_size=10
2026-05-26 12:44:26 | INFO    | aps             | GET    200     8.5ms /api/production-resources/?page=1&page_size=10
2026-05-26 12:44:26 | INFO    | aps             | GET    200     4.6ms /api/production-resources/?page=1&page_size=10
2026-05-26 12:44:29 | INFO    | aps             | GET    307     4.0ms /api/processes?page=1&page_size=10
2026-05-26 12:44:29 | INFO    | aps             | GET    307     5.5ms /api/production-resources?page=1&page_size=1000
2026-05-26 12:44:29 | INFO    | aps             | GET    307     1.1ms /api/processes?page=1&page_size=10
2026-05-26 12:44:29 | INFO    | aps             | GET    307     2.8ms /api/production-resources?page=1&page_size=1000
2026-05-26 12:44:29 | INFO    | aps             | GET    200    11.8ms /api/production-resources/?page=1&page_size=1000
2026-05-26 12:44:29 | INFO    | aps             | GET    200    13.9ms /api/processes/?page=1&page_size=10
2026-05-26 12:44:29 | INFO    | aps             | GET    307     0.0ms /api/materials?page=1&page_size=1000
2026-05-26 12:44:29 | INFO    | aps             | GET    200    59.8ms /api/processes/?page=1&page_size=10
2026-05-26 12:44:29 | INFO    | aps             | GET    200     7.8ms /api/materials/?page=1&page_size=1000
2026-05-26 12:44:29 | INFO    | aps             | GET    200    85.5ms /api/production-resources/?page=1&page_size=1000
2026-05-26 12:44:29 | INFO    | aps             | GET    307     0.0ms /api/materials?page=1&page_size=1000
2026-05-26 12:44:29 | INFO    | aps             | GET    200     6.7ms /api/materials/?page=1&page_size=1000
2026-05-26 12:44:33 | INFO    | aps             | GET    307     0.8ms /api/materials?page=1&page_size=1000
2026-05-26 12:44:33 | INFO    | aps             | GET    307     1.5ms /api/process-routes?page=1&page_size=10
2026-05-26 12:44:33 | INFO    | aps             | GET    307     1.5ms /api/materials?page=1&page_size=1000
2026-05-26 12:44:33 | INFO    | aps             | GET    307     0.0ms /api/process-routes?page=1&page_size=10
2026-05-26 12:44:33 | INFO    | aps             | GET    200    11.8ms /api/process-routes/?page=1&page_size=10
2026-05-26 12:44:33 | INFO    | aps             | GET    200    16.7ms /api/materials/?page=1&page_size=1000
2026-05-26 12:44:33 | INFO    | aps             | GET    200     5.5ms /api/materials/?page=1&page_size=1000
2026-05-26 12:44:33 | INFO    | aps             | GET    200    11.2ms /api/process-routes/?page=1&page_size=10
2026-05-26 12:44:36 | INFO    | aps             | GET    200     7.9ms /api/work-modes?page=1&page_size=10
2026-05-26 12:44:36 | INFO    | aps             | GET    200     4.4ms /api/work-modes?page=1&page_size=10
2026-05-26 12:44:36 | INFO    | aps             | GET    307     0.0ms /api/incoming-material-orders?page=1&page_size=10
2026-05-26 12:44:36 | INFO    | aps             | GET    307     0.0ms /api/materials?page=1&page_size=1000
2026-05-26 12:44:36 | INFO    | aps             | GET    307     0.0ms /api/incoming-material-orders?page=1&page_size=10
2026-05-26 12:44:36 | INFO    | aps             | GET    307     0.0ms /api/materials?page=1&page_size=1000
2026-05-26 12:44:36 | INFO    | aps             | GET    200    12.0ms /api/incoming-material-orders/?page=1&page_size=10
2026-05-26 12:44:36 | INFO    | aps             | GET    200    16.5ms /api/materials/?page=1&page_size=1000
2026-05-26 12:44:36 | INFO    | aps             | GET    200    10.1ms /api/incoming-material-orders/?page=1&page_size=10
2026-05-26 12:44:36 | INFO    | aps             | GET    200     8.0ms /api/materials/?page=1&page_size=1000
2026-05-26 12:45:27 | INFO    | aps             | GET    307     0.0ms /api/production-orders?page=1&page_size=10
2026-05-26 12:45:27 | INFO    | aps             | GET    307     2.5ms /api/materials?page=1&page_size=1000
2026-05-26 12:45:27 | INFO    | aps             | GET    307     0.0ms /api/production-orders?page=1&page_size=10
2026-05-26 12:45:27 | INFO    | aps             | GET    307     0.0ms /api/materials?page=1&page_size=1000
2026-05-26 12:45:27 | INFO    | aps             | GET    200     8.9ms /api/materials/?page=1&page_size=1000
2026-05-26 12:45:27 | INFO    | aps             | GET    200    10.4ms /api/production-orders/?page=1&page_size=10
2026-05-26 12:45:27 | INFO    | aps             | GET    200     8.3ms /api/production-orders/?page=1&page_size=10
2026-05-26 12:45:27 | INFO    | aps             | GET    200    12.2ms /api/materials/?page=1&page_size=1000
2026-05-26 12:45:27 | INFO    | aps             | GET    307     0.0ms /api/planning-strategies?page=1&page_size=10
2026-05-26 12:45:27 | INFO    | aps             | GET    200     3.0ms /api/planning-strategies/scheduling-rule/options
2026-05-26 12:45:27 | INFO    | aps             | GET    307     1.0ms /api/planning-strategies?page=1&page_size=10
2026-05-26 12:45:27 | INFO    | aps             | GET    200     0.0ms /api/planning-strategies/scheduling-rule/options
2026-05-26 12:45:27 | INFO    | aps             | GET    200    11.0ms /api/planning-strategies/?page=1&page_size=10
2026-05-26 12:45:27 | INFO    | aps             | GET    200     7.1ms /api/planning-strategies/?page=1&page_size=10
2026-05-26 12:45:29 | INFO    | aps             | GET    307     0.0ms /api/production-resources?page=1&page_size=10
2026-05-26 12:45:29 | INFO    | aps             | GET    307     0.0ms /api/production-resources?page=1&page_size=10
2026-05-26 12:45:29 | INFO    | aps             | GET    200     8.6ms /api/production-resources/?page=1&page_size=10
2026-05-26 12:45:29 | INFO    | aps             | GET    200     8.5ms /api/production-resources/?page=1&page_size=10
2026-05-26 12:45:36 | INFO    | aps             | GET    307     1.1ms /api/process-routes?page=1&page_size=10
2026-05-26 12:45:36 | INFO    | aps             | GET    307     1.5ms /api/materials?page=1&page_size=1000
2026-05-26 12:45:36 | INFO    | aps             | GET    307     1.5ms /api/process-routes?page=1&page_size=10
2026-05-26 12:45:36 | INFO    | aps             | GET    307     1.5ms /api/materials?page=1&page_size=1000
2026-05-26 12:45:36 | INFO    | aps             | GET    200    10.9ms /api/process-routes/?page=1&page_size=10
2026-05-26 12:45:36 | INFO    | aps             | GET    200    11.9ms /api/materials/?page=1&page_size=1000
2026-05-26 12:45:36 | INFO    | aps             | GET    200     8.8ms /api/process-routes/?page=1&page_size=10
2026-05-26 12:45:36 | INFO    | aps             | GET    200    10.8ms /api/materials/?page=1&page_size=1000
2026-05-26 12:45:40 | INFO    | aps             | GET    307     0.0ms /api/processes?page=1&page_size=1000
2026-05-26 12:45:40 | INFO    | aps             | GET    200     6.3ms /api/processes/?page=1&page_size=1000
2026-05-26 12:45:43 | INFO    | aps             | GET    307     0.7ms /api/processes?page=1&page_size=1000
2026-05-26 12:45:43 | INFO    | aps             | GET    200     7.5ms /api/processes/?page=1&page_size=1000
2026-05-26 12:45:59 | INFO    | aps             | 数据库表已就绪
2026-05-26 12:46:31 | INFO    | aps             | GET    307     1.5ms /api/materials?page=1&page_size=1000
2026-05-26 12:46:31 | INFO    | aps             | GET    307     2.0ms /api/manufacture-boms?page=1&page_size=10
2026-05-26 12:46:31 | INFO    | aps             | GET    307     0.4ms /api/materials?page=1&page_size=1000
2026-05-26 12:46:31 | INFO    | aps             | GET    307     0.0ms /api/manufacture-boms?page=1&page_size=10
2026-05-26 12:46:32 | INFO    | aps             | GET    200    82.2ms /api/materials/?page=1&page_size=1000
2026-05-26 12:46:32 | INFO    | aps             | GET    200    10.2ms /api/materials/?page=1&page_size=1000
2026-05-26 12:46:32 | INFO    | aps             | GET    200   104.0ms /api/manufacture-boms/?page=1&page_size=10
2026-05-26 12:46:32 | INFO    | aps             | GET    200     7.3ms /api/manufacture-boms/?page=1&page_size=10
2026-05-26 12:46:32 | INFO    | aps             | GET    307     0.5ms /api/production-resources?page=1&page_size=10
2026-05-26 12:46:32 | INFO    | aps             | GET    307     2.5ms /api/production-resources?page=1&page_size=10
2026-05-26 12:46:32 | INFO    | aps             | GET    200    15.1ms /api/production-resources/?page=1&page_size=10
2026-05-26 12:46:32 | INFO    | aps             | GET    200     6.4ms /api/production-resources/?page=1&page_size=10
2026-05-26 12:46:35 | INFO    | aps             | GET    307     0.0ms /api/planning-strategies?page=1&page_size=100
2026-05-26 12:46:35 | INFO    | aps             | GET    307     0.0ms /api/production-orders?page=1&page_size=1000
2026-05-26 12:46:35 | INFO    | aps             | GET    307     0.0ms /api/planning-strategies?page=1&page_size=100
2026-05-26 12:46:35 | INFO    | aps             | GET    307     0.0ms /api/production-orders?page=1&page_size=1000
2026-05-26 12:46:35 | INFO    | aps             | GET    200    16.2ms /api/planning-strategies/?page=1&page_size=100
2026-05-26 12:46:35 | INFO    | aps             | GET    200    15.2ms /api/production-orders/?page=1&page_size=1000
2026-05-26 12:46:36 | INFO    | aps             | GET    200    49.9ms /api/planning-strategies/?page=1&page_size=100
2026-05-26 12:46:36 | INFO    | aps             | GET    200    73.7ms /api/production-orders/?page=1&page_size=1000
2026-05-26 12:46:38 | INFO    | aps             | POST   200     9.4ms /api/smart-scheduling/generate
2026-05-26 12:46:38 | INFO    | aps.solve       | 开始排产: strategy=90a48e5ab9ba41b9a78817974a59f635, 可排产订单数=2
2026-05-26 12:46:38 | INFO    | aps.mrp         | 处理订单: code=D001 material_code=C001 quantity=3000
2026-05-26 12:46:38 | INFO    | aps.mrp         |   匹配物料: id=fadbc868875f4c2a8f909a960d19f269 code=C001 name=紫晶装备 source=PRODUCED
2026-05-26 12:46:38 | INFO    | aps.mrp         |   BOM子件数=1, 可用库存=1000
2026-05-26 12:46:38 | INFO    | aps.mrp         |   订单物料 C001 加入DAG, 需求量=3000
2026-05-26 12:46:38 | INFO    | aps.mrp         | 处理订单: code=D002 material_code=C001 quantity=2000
2026-05-26 12:46:38 | INFO    | aps.mrp         |   匹配物料: id=fadbc868875f4c2a8f909a960d19f269 code=C001 name=紫晶装备 source=PRODUCED
2026-05-26 12:46:38 | INFO    | aps.mrp         |   BOM子件数=1, 可用库存=1000
2026-05-26 12:46:38 | INFO    | aps.solve       | MRP完成: 缺料DAG节点数=2, 补充订单数=2
2026-05-26 12:46:38 | INFO    | aps.task_gen    | 缺料DAG: 2个节点, 1条边
2026-05-26 12:46:38 | INFO    | aps.task_gen    |   DAG节点: material=C001(fadbc868875f4c2a8f909a960d19f269) source=PRODUCED demand=5000.00 orders={'2dbbdd247ba0446fa2ae77b0d3567b11': 3000.0, 'bb20ea266fb047bea8ce115c1b0dcf5a': 2000.0}
2026-05-26 12:46:38 | INFO    | aps.task_gen    |   DAG节点: material=W001(5a5959f29f6643129210ee4dbcebf84f) source=PRODUCED demand=4000.00 orders={'2dbbdd247ba0446fa2ae77b0d3567b11': 2000.0, 'bb20ea266fb047bea8ce115c1b0dcf5a': 1000.0}
2026-05-26 12:46:38 | INFO    | aps.task_gen    | 拓扑排序后物料顺序 (2): ['5a5959f29f6643129210ee4dbcebf84f', 'fadbc868875f4c2a8f909a960d19f269']
2026-05-26 12:46:38 | INFO    | aps.task_gen    |   工序 G002: 从数据库刷新主资源=['af35d6ac']
2026-05-26 12:46:38 | INFO    | aps.task_gen    |   工序 G002: 从数据库刷新主资源=['af35d6ac']
2026-05-26 12:46:38 | INFO    | aps.task_gen    |   工序 G001: 从数据库刷新主资源=['579a3c2c', '9632c720']
2026-05-26 12:46:38 | INFO    | aps.task_gen    |   工序 G001: 从数据库刷新主资源=['579a3c2c', '9632c720']
2026-05-26 12:46:38 | INFO    | aps.task_gen    | 任务生成完成: 共生成 4 个任务, 4 个订单关联记录
2026-05-26 12:46:38 | INFO    | aps.solve       | 求解准备: 任务数=4, 资源数=3
2026-05-26 12:46:38 | INFO    | aps.solve       |   资源: id=579a3c2c code=Z001 name=装备压铸机 status=NORMAL throughput=10/H group=None
2026-05-26 12:46:38 | INFO    | aps.solve       |   资源: id=9632c720 code=Z002 name=装备压铸机 status=NORMAL throughput=10/H group=None
2026-05-26 12:46:38 | INFO    | aps.solve       |   资源: id=af35d6ac code=Z003 name=零件打磨机 status=NORMAL throughput=20/H group=None
2026-05-26 12:46:38 | INFO    | aps.solve       | 工作日历已加载: 1个日历, 1个工作模式
2026-05-26 12:46:38 | INFO    | aps.scheduler   |   任务 TASK-D001-G002-1(G002): qty=2000, 资源=1个, 工期=['6000']分
2026-05-26 12:46:38 | INFO    | aps.scheduler   |   任务 TASK-D002-G002-1(G002): qty=1000, 资源=1个, 工期=['3000']分
2026-05-26 12:46:38 | INFO    | aps.scheduler   |   任务 TASK-D001-G001-2(G001): qty=3000, 资源=2个, 工期=['18000', '18000']分
2026-05-26 12:46:38 | INFO    | aps.scheduler   |   任务 TASK-D002-G001-2(G001): qty=2000, 资源=2个, 工期=['12000', '12000']分
2026-05-26 12:46:38 | INFO    | aps.scheduler   | 工作日历已激活，求解器将基于工作分钟空间建模
2026-05-26 12:46:38 | INFO    | aps.scheduler   | 构建CP模型: 总任务=4, 跳过=0, 有效=4, 资源=3
2026-05-26 12:46:38 | INFO    | aps.scheduler   | 工作分钟空间: horizon=59940分(999.0工时), 总工时=39000分
2026-05-26 12:46:38 | INFO    | aps.scheduler   |   求解结果 - TASK-D001-G002-1 -> 零件打磨机(Z003) offset=3000 dur=6000
2026-05-26 12:46:38 | INFO    | aps.scheduler   |   求解结果 - TASK-D002-G002-1 -> 零件打磨机(Z003) offset=0 dur=3000
2026-05-26 12:46:38 | INFO    | aps.scheduler   |   求解结果 - TASK-D001-G001-2 -> 装备压铸机(Z002) offset=3000 dur=18000
2026-05-26 12:46:38 | INFO    | aps.scheduler   |   求解结果 - TASK-D002-G001-2 -> 装备压铸机(Z001) offset=0 dur=12000
2026-05-26 12:46:38 | INFO    | aps.solve       | 资源分配结果: {'TASK-D001-G002-1': '零件打磨机', 'TASK-D002-G002-1': '零件打磨机', 'TASK-D001-G001-2': '装备压铸机', 'TASK-D002-G001-2': '装备压铸机'}
2026-05-26 12:46:40 | INFO    | aps             | GET    200     2.0ms /api/smart-scheduling/plan/progress?task_id=b6de009438b64f9795246db2718c1de3
2026-05-26 12:46:40 | INFO    | aps             | POST   200    24.8ms /api/smart-scheduling/preview/plan/resource/gantt
2026-05-26 12:46:40 | INFO    | aps             | POST   200    30.7ms /api/smart-scheduling/preview/plan/tasks
2026-05-26 12:53:08 | INFO    | aps             | POST   200     9.2ms /api/smart-scheduling/generate
2026-05-26 12:53:08 | INFO    | aps.solve       | 开始排产: strategy=90a48e5ab9ba41b9a78817974a59f635, 可排产订单数=4
2026-05-26 12:53:08 | INFO    | aps.mrp         | 处理订单: code=D001 material_code=C001 quantity=3000
2026-05-26 12:53:08 | INFO    | aps.mrp         |   匹配物料: id=fadbc868875f4c2a8f909a960d19f269 code=C001 name=紫晶装备 source=PRODUCED
2026-05-26 12:53:08 | INFO    | aps.mrp         |   BOM子件数=1, 可用库存=1000
2026-05-26 12:53:08 | INFO    | aps.mrp         |   订单物料 C001 加入DAG, 需求量=3000
2026-05-26 12:53:08 | INFO    | aps.mrp         | 处理订单: code=SUP-D002-W001 material_code=W001 quantity=1000
2026-05-26 12:53:08 | INFO    | aps.mrp         |   匹配物料: id=5a5959f29f6643129210ee4dbcebf84f code=W001 name=紫晶零件 source=PRODUCED
2026-05-26 12:53:08 | INFO    | aps.mrp         |   BOM子件数=1, 可用库存=1000
2026-05-26 12:53:08 | INFO    | aps.mrp         | 处理订单: code=D002 material_code=C001 quantity=2000
2026-05-26 12:53:08 | INFO    | aps.mrp         |   匹配物料: id=fadbc868875f4c2a8f909a960d19f269 code=C001 name=紫晶装备 source=PRODUCED
2026-05-26 12:53:08 | INFO    | aps.mrp         |   BOM子件数=1, 可用库存=1000
2026-05-26 12:53:08 | INFO    | aps.mrp         | 处理订单: code=SUP-D001-W001 material_code=W001 quantity=2000
2026-05-26 12:53:08 | INFO    | aps.mrp         |   匹配物料: id=5a5959f29f6643129210ee4dbcebf84f code=W001 name=紫晶零件 source=PRODUCED
2026-05-26 12:53:08 | INFO    | aps.mrp         |   BOM子件数=1, 可用库存=1000
2026-05-26 12:53:08 | INFO    | aps.solve       | MRP完成: 缺料DAG节点数=2, 补充订单数=2
2026-05-26 12:53:08 | INFO    | aps.task_gen    | 缺料DAG: 2个节点, 1条边
2026-05-26 12:53:08 | INFO    | aps.task_gen    |   DAG节点: material=C001(fadbc868875f4c2a8f909a960d19f269) source=PRODUCED demand=5000.00 orders={'2dbbdd247ba0446fa2ae77b0d3567b11': 3000.0, 'bb20ea266fb047bea8ce115c1b0dcf5a': 2000.0}
2026-05-26 12:53:08 | INFO    | aps.task_gen    |   DAG节点: material=W001(5a5959f29f6643129210ee4dbcebf84f) source=PRODUCED demand=7000.00 orders={'2dbbdd247ba0446fa2ae77b0d3567b11': 2000.0, '9a160b5a6dcb40a5ac4369fb5c1c2a47': 1000.0, 'bb20ea266fb047bea8ce115c1b0dcf5a': 1000.0, 'f7adaf701ec74eaea50d08d971af071b': 2000.0}
2026-05-26 12:53:08 | INFO    | aps.task_gen    | 拓扑排序后物料顺序 (2): ['5a5959f29f6643129210ee4dbcebf84f', 'fadbc868875f4c2a8f909a960d19f269']
2026-05-26 12:53:08 | INFO    | aps.task_gen    |   工序 G002: 从数据库刷新主资源=['af35d6ac']
2026-05-26 12:53:08 | INFO    | aps.task_gen    |   工序 G002: 从数据库刷新主资源=['af35d6ac']
2026-05-26 12:53:08 | INFO    | aps.task_gen    |   工序 G001: 从数据库刷新主资源=['579a3c2c', '9632c720']
2026-05-26 12:53:08 | INFO    | aps.task_gen    |   工序 G001: 从数据库刷新主资源=['579a3c2c', '9632c720']
2026-05-26 12:53:09 | INFO    | aps.task_gen    | 任务生成完成: 共生成 4 个任务, 4 个订单关联记录
2026-05-26 12:53:09 | INFO    | aps.solve       | 求解准备: 任务数=4, 资源数=3
2026-05-26 12:53:09 | INFO    | aps.solve       |   资源: id=579a3c2c code=Z001 name=装备压铸机 status=NORMAL throughput=10/H group=None
2026-05-26 12:53:09 | INFO    | aps.solve       |   资源: id=9632c720 code=Z002 name=装备压铸机 status=NORMAL throughput=10/H group=None
2026-05-26 12:53:09 | INFO    | aps.solve       |   资源: id=af35d6ac code=Z003 name=零件打磨机 status=NORMAL throughput=20/H group=None
2026-05-26 12:53:09 | INFO    | aps.solve       | 工作日历已加载: 1个日历, 1个工作模式
2026-05-26 12:53:09 | INFO    | aps.scheduler   |   任务 TASK-D001-G002-1(G002): qty=2000, 资源=1个, 工期=['6000']分
2026-05-26 12:53:09 | INFO    | aps.scheduler   |   任务 TASK-D002-G002-1(G002): qty=1000, 资源=1个, 工期=['3000']分
2026-05-26 12:53:09 | INFO    | aps.scheduler   |   任务 TASK-D001-G001-2(G001): qty=3000, 资源=2个, 工期=['18000', '18000']分
2026-05-26 12:53:09 | INFO    | aps.scheduler   |   任务 TASK-D002-G001-2(G001): qty=2000, 资源=2个, 工期=['12000', '12000']分
2026-05-26 12:53:09 | INFO    | aps.scheduler   | 工作日历已激活，求解器将基于工作分钟空间建模
2026-05-26 12:53:09 | INFO    | aps.scheduler   | 构建CP模型: 总任务=4, 跳过=0, 有效=4, 资源=3
2026-05-26 12:53:09 | INFO    | aps.scheduler   | 工作分钟空间: horizon=59940分(999.0工时), 总工时=39000分
2026-05-26 12:53:09 | INFO    | aps.scheduler   |   求解结果 - TASK-D001-G002-1 -> 零件打磨机(Z003) offset=3000 dur=6000
2026-05-26 12:53:09 | INFO    | aps.scheduler   |   求解结果 - TASK-D002-G002-1 -> 零件打磨机(Z003) offset=0 dur=3000
2026-05-26 12:53:09 | INFO    | aps.scheduler   |   求解结果 - TASK-D001-G001-2 -> 装备压铸机(Z002) offset=3000 dur=18000
2026-05-26 12:53:09 | INFO    | aps.scheduler   |   求解结果 - TASK-D002-G001-2 -> 装备压铸机(Z001) offset=0 dur=12000
2026-05-26 12:53:09 | INFO    | aps.solve       | 资源分配结果: {'TASK-D001-G002-1': '零件打磨机', 'TASK-D002-G002-1': '零件打磨机', 'TASK-D001-G001-2': '装备压铸机', 'TASK-D002-G001-2': '装备压铸机'}
2026-05-26 12:53:10 | INFO    | aps             | GET    200     1.1ms /api/smart-scheduling/plan/progress?task_id=0b2b806e49694e5981d159ab04809de7
2026-05-26 12:53:47 | INFO    | aps             | GET    307     0.5ms /api/planning-strategies?page=1&page_size=100
2026-05-26 12:53:47 | INFO    | aps             | GET    307     1.1ms /api/production-orders?page=1&page_size=1000
2026-05-26 12:53:47 | INFO    | aps             | GET    307     0.0ms /api/planning-strategies?page=1&page_size=100
2026-05-26 12:53:47 | INFO    | aps             | GET    307     1.0ms /api/production-orders?page=1&page_size=1000
2026-05-26 12:53:47 | INFO    | aps             | GET    200     7.9ms /api/production-orders/?page=1&page_size=1000
2026-05-26 12:53:47 | INFO    | aps             | GET    200     9.4ms /api/planning-strategies/?page=1&page_size=100
2026-05-26 12:53:47 | INFO    | aps             | GET    200    10.1ms /api/production-orders/?page=1&page_size=1000
2026-05-26 12:53:47 | INFO    | aps             | GET    200    10.1ms /api/planning-strategies/?page=1&page_size=100
2026-05-26 12:53:52 | INFO    | aps             | GET    307     0.0ms /api/materials?page=1&page_size=1000
2026-05-26 12:53:52 | INFO    | aps             | GET    307     2.6ms /api/production-orders?page=1&page_size=10
2026-05-26 12:53:52 | INFO    | aps             | GET    307     0.0ms /api/materials?page=1&page_size=1000
2026-05-26 12:53:52 | INFO    | aps             | GET    307     3.1ms /api/production-orders?page=1&page_size=10
2026-05-26 12:53:52 | INFO    | aps             | GET    200    12.4ms /api/materials/?page=1&page_size=1000
2026-05-26 12:53:52 | INFO    | aps             | GET    200    12.7ms /api/production-orders/?page=1&page_size=10
2026-05-26 12:53:52 | INFO    | aps             | GET    200    13.3ms /api/materials/?page=1&page_size=1000
2026-05-26 12:53:52 | INFO    | aps             | GET    200    12.1ms /api/production-orders/?page=1&page_size=10
2026-05-26 12:54:03 | INFO    | aps             | DELETE 204    18.5ms /api/production-orders/9a160b5a6dcb40a5ac4369fb5c1c2a47
2026-05-26 12:54:03 | INFO    | aps             | GET    307     0.0ms /api/production-orders?page=1&page_size=10
2026-05-26 12:54:03 | INFO    | aps             | GET    200     8.0ms /api/production-orders/?page=1&page_size=10
2026-05-26 12:54:07 | INFO    | aps             | DELETE 204    15.7ms /api/production-orders/f7adaf701ec74eaea50d08d971af071b
2026-05-26 12:54:07 | INFO    | aps             | GET    307     0.0ms /api/production-orders?page=1&page_size=10
2026-05-26 12:54:07 | INFO    | aps             | GET    200     9.4ms /api/production-orders/?page=1&page_size=10
2026-05-26 12:57:29 | INFO    | aps             | POST   200     8.0ms /api/smart-scheduling/generate
2026-05-26 12:57:29 | INFO    | aps.solve       | 开始排产: strategy=90a48e5ab9ba41b9a78817974a59f635, 可排产订单数=2
2026-05-26 12:57:29 | INFO    | aps.mrp         | 处理订单: code=D001 material_code=C001 quantity=3000
2026-05-26 12:57:29 | INFO    | aps.mrp         |   匹配物料: id=fadbc868875f4c2a8f909a960d19f269 code=C001 name=紫晶装备 source=PRODUCED
2026-05-26 12:57:29 | INFO    | aps.mrp         |   BOM子件数=1, 可用库存=1000
2026-05-26 12:57:29 | INFO    | aps.mrp         |   订单物料 C001 加入DAG, 需求量=3000
2026-05-26 12:57:29 | INFO    | aps.mrp         | 处理订单: code=D002 material_code=C001 quantity=2000
2026-05-26 12:57:29 | INFO    | aps.mrp         |   匹配物料: id=fadbc868875f4c2a8f909a960d19f269 code=C001 name=紫晶装备 source=PRODUCED
2026-05-26 12:57:29 | INFO    | aps.mrp         |   BOM子件数=1, 可用库存=1000
2026-05-26 12:57:29 | INFO    | aps.solve       | MRP完成: 缺料DAG节点数=2, 补充订单数=2
2026-05-26 12:57:29 | INFO    | aps.task_gen    | 缺料DAG: 2个节点, 1条边
2026-05-26 12:57:29 | INFO    | aps.task_gen    |   DAG节点: material=C001(fadbc868875f4c2a8f909a960d19f269) source=PRODUCED demand=5000.00 orders={'2dbbdd247ba0446fa2ae77b0d3567b11': 3000.0, 'bb20ea266fb047bea8ce115c1b0dcf5a': 2000.0}
2026-05-26 12:57:29 | INFO    | aps.task_gen    |   DAG节点: material=W001(5a5959f29f6643129210ee4dbcebf84f) source=PRODUCED demand=4000.00 orders={'2dbbdd247ba0446fa2ae77b0d3567b11': 2000.0, 'bb20ea266fb047bea8ce115c1b0dcf5a': 1000.0}
2026-05-26 12:57:29 | INFO    | aps.task_gen    | 拓扑排序后物料顺序 (2): ['5a5959f29f6643129210ee4dbcebf84f', 'fadbc868875f4c2a8f909a960d19f269']
2026-05-26 12:57:29 | INFO    | aps.task_gen    |   工序 G002: 从数据库刷新主资源=['af35d6ac']
2026-05-26 12:57:29 | INFO    | aps.task_gen    |   工序 G002: 从数据库刷新主资源=['af35d6ac']
2026-05-26 12:57:29 | INFO    | aps.task_gen    |   工序 G001: 从数据库刷新主资源=['579a3c2c', '9632c720']
2026-05-26 12:57:29 | INFO    | aps.task_gen    |   工序 G001: 从数据库刷新主资源=['579a3c2c', '9632c720']
2026-05-26 12:57:29 | INFO    | aps.task_gen    | 任务生成完成: 共生成 4 个任务, 4 个订单关联记录
2026-05-26 12:57:29 | INFO    | aps.solve       | 求解准备: 任务数=4, 资源数=3
2026-05-26 12:57:29 | INFO    | aps.solve       |   资源: id=579a3c2c code=Z001 name=装备压铸机 status=NORMAL throughput=10/H group=None
2026-05-26 12:57:29 | INFO    | aps.solve       |   资源: id=9632c720 code=Z002 name=装备压铸机 status=NORMAL throughput=10/H group=None
2026-05-26 12:57:29 | INFO    | aps.solve       |   资源: id=af35d6ac code=Z003 name=零件打磨机 status=NORMAL throughput=20/H group=None
2026-05-26 12:57:29 | INFO    | aps.solve       | 工作日历已加载: 1个日历, 1个工作模式
2026-05-26 12:57:29 | INFO    | aps.scheduler   |   任务 TASK-D001-G002-1(G002): qty=2000, 资源=1个, 工期=['6000']分
2026-05-26 12:57:29 | INFO    | aps.scheduler   |   任务 TASK-D002-G002-1(G002): qty=1000, 资源=1个, 工期=['3000']分
2026-05-26 12:57:29 | INFO    | aps.scheduler   |   任务 TASK-D001-G001-2(G001): qty=3000, 资源=2个, 工期=['18000', '18000']分
2026-05-26 12:57:29 | INFO    | aps.scheduler   |   任务 TASK-D002-G001-2(G001): qty=2000, 资源=2个, 工期=['12000', '12000']分
2026-05-26 12:57:29 | INFO    | aps.scheduler   | 工作日历已激活，求解器将基于工作分钟空间建模
2026-05-26 12:57:29 | INFO    | aps.scheduler   | 构建CP模型: 总任务=4, 跳过=0, 有效=4, 资源=3
2026-05-26 12:57:29 | INFO    | aps.scheduler   | 工作分钟空间: horizon=59940分(999.0工时), 总工时=39000分
2026-05-26 12:57:29 | INFO    | aps.scheduler   |   求解结果 - TASK-D001-G002-1 -> 零件打磨机(Z003) offset=3000 dur=6000
2026-05-26 12:57:29 | INFO    | aps.scheduler   |   求解结果 - TASK-D002-G002-1 -> 零件打磨机(Z003) offset=0 dur=3000
2026-05-26 12:57:29 | INFO    | aps.scheduler   |   求解结果 - TASK-D001-G001-2 -> 装备压铸机(Z002) offset=3000 dur=18000
2026-05-26 12:57:29 | INFO    | aps.scheduler   |   求解结果 - TASK-D002-G001-2 -> 装备压铸机(Z001) offset=0 dur=12000
2026-05-26 12:57:29 | INFO    | aps.solve       | 资源分配结果: {'TASK-D001-G002-1': '零件打磨机', 'TASK-D002-G002-1': '零件打磨机', 'TASK-D001-G001-2': '装备压铸机', 'TASK-D002-G001-2': '装备压铸机'}
2026-05-26 12:57:32 | INFO    | aps             | GET    200     0.5ms /api/smart-scheduling/plan/progress?task_id=6ad6623a2aeb4c61bde58767bb93afb2
2026-05-26 12:57:43 | INFO    | aps             | GET    307     1.0ms /api/planning-strategies?page=1&page_size=100
2026-05-26 12:57:43 | INFO    | aps             | GET    307     2.0ms /api/production-orders?page=1&page_size=1000
2026-05-26 12:57:43 | INFO    | aps             | GET    307     1.0ms /api/planning-strategies?page=1&page_size=100
2026-05-26 12:57:43 | INFO    | aps             | GET    307     0.0ms /api/production-orders?page=1&page_size=1000
2026-05-26 12:57:43 | INFO    | aps             | GET    200    10.3ms /api/production-orders/?page=1&page_size=1000
2026-05-26 12:57:43 | INFO    | aps             | GET    200    12.8ms /api/planning-strategies/?page=1&page_size=100
2026-05-26 12:57:43 | INFO    | aps             | GET    200     6.8ms /api/planning-strategies/?page=1&page_size=100
2026-05-26 12:57:43 | INFO    | aps             | GET    200    10.4ms /api/production-orders/?page=1&page_size=1000
2026-05-26 12:57:44 | INFO    | aps             | GET    307     0.0ms /api/production-orders?page=1&page_size=1000
2026-05-26 12:57:44 | INFO    | aps             | GET    200     6.7ms /api/production-orders/?page=1&page_size=1000
2026-05-26 12:57:50 | INFO    | aps             | POST   200   154.9ms /api/schedule
2026-05-26 13:03:13 | INFO    | aps             | 数据库表已就绪
2026-05-26 13:03:26 | INFO    | aps             | POST   200    22.5ms /api/smart-scheduling/generate
2026-05-26 13:03:26 | INFO    | aps.solve       | 开始排产: strategy=90a48e5ab9ba41b9a78817974a59f635, 可排产订单数=2
2026-05-26 13:03:26 | INFO    | aps.mrp         | 处理订单: code=D001 material_code=C001 quantity=3000
2026-05-26 13:03:26 | INFO    | aps.mrp         |   匹配物料: id=fadbc868875f4c2a8f909a960d19f269 code=C001 name=紫晶装备 source=PRODUCED
2026-05-26 13:03:26 | INFO    | aps.mrp         |   BOM子件数=1, 可用库存=1000
2026-05-26 13:03:26 | INFO    | aps.mrp         |   订单物料 C001 加入DAG, 需求量=3000
2026-05-26 13:03:26 | INFO    | aps.mrp         | 处理订单: code=D002 material_code=C001 quantity=2000
2026-05-26 13:03:26 | INFO    | aps.mrp         |   匹配物料: id=fadbc868875f4c2a8f909a960d19f269 code=C001 name=紫晶装备 source=PRODUCED
2026-05-26 13:03:26 | INFO    | aps.mrp         |   BOM子件数=1, 可用库存=1000
2026-05-26 13:03:26 | INFO    | aps.solve       | MRP完成: 缺料DAG节点数=2, 补充订单数=2
2026-05-26 13:03:26 | INFO    | aps.task_gen    | 缺料DAG: 2个节点, 1条边
2026-05-26 13:03:26 | INFO    | aps.task_gen    |   DAG节点: material=C001(fadbc868875f4c2a8f909a960d19f269) source=PRODUCED demand=5000.00 orders={'2dbbdd247ba0446fa2ae77b0d3567b11': 3000.0, 'bb20ea266fb047bea8ce115c1b0dcf5a': 2000.0}
2026-05-26 13:03:26 | INFO    | aps.task_gen    |   DAG节点: material=W001(5a5959f29f6643129210ee4dbcebf84f) source=PRODUCED demand=4000.00 orders={'2dbbdd247ba0446fa2ae77b0d3567b11': 2000.0, 'bb20ea266fb047bea8ce115c1b0dcf5a': 2000.0}
2026-05-26 13:03:26 | INFO    | aps.task_gen    | 拓扑排序后物料顺序 (2): ['5a5959f29f6643129210ee4dbcebf84f', 'fadbc868875f4c2a8f909a960d19f269']
2026-05-26 13:03:26 | INFO    | aps.task_gen    |   工序 G002: 从数据库刷新主资源=['af35d6ac']
2026-05-26 13:03:26 | INFO    | aps.task_gen    |   工序 G002: 从数据库刷新主资源=['af35d6ac']
2026-05-26 13:03:26 | INFO    | aps.task_gen    |   工序 G001: 从数据库刷新主资源=['579a3c2c', '9632c720']
2026-05-26 13:03:26 | INFO    | aps.task_gen    |   工序 G001: 从数据库刷新主资源=['579a3c2c', '9632c720']
2026-05-26 13:03:26 | INFO    | aps.task_gen    | 任务生成完成: 共生成 4 个任务, 4 个订单关联记录
2026-05-26 13:03:26 | INFO    | aps.solve       | 求解准备: 任务数=4, 资源数=3
2026-05-26 13:03:26 | INFO    | aps.solve       |   资源: id=579a3c2c code=Z001 name=装备压铸机 status=NORMAL throughput=10/H group=None
2026-05-26 13:03:26 | INFO    | aps.solve       |   资源: id=9632c720 code=Z002 name=装备压铸机 status=NORMAL throughput=10/H group=None
2026-05-26 13:03:26 | INFO    | aps.solve       |   资源: id=af35d6ac code=Z003 name=零件打磨机 status=NORMAL throughput=20/H group=None
2026-05-26 13:03:26 | INFO    | aps.solve       | 工作日历已加载: 1个日历, 1个工作模式
2026-05-26 13:03:26 | INFO    | aps.scheduler   |   任务 TASK-D001-G002-1(G002): qty=2000, 资源=1个, 工期=['6000']分
2026-05-26 13:03:26 | INFO    | aps.scheduler   |   任务 TASK-D002-G002-1(G002): qty=2000, 资源=1个, 工期=['6000']分
2026-05-26 13:03:26 | INFO    | aps.scheduler   |   任务 TASK-D001-G001-2(G001): qty=3000, 资源=2个, 工期=['18000', '18000']分
2026-05-26 13:03:26 | INFO    | aps.scheduler   |   任务 TASK-D002-G001-2(G001): qty=2000, 资源=2个, 工期=['12000', '12000']分
2026-05-26 13:03:26 | INFO    | aps.scheduler   | 工作日历已激活，求解器将基于工作分钟空间建模
2026-05-26 13:03:26 | INFO    | aps.scheduler   | 构建CP模型: 总任务=4, 跳过=0, 有效=4, 资源=3
2026-05-26 13:03:26 | INFO    | aps.scheduler   | 工作分钟空间: horizon=64440分(1074.0工时), 总工时=42000分
2026-05-26 13:03:26 | INFO    | aps.scheduler   |   求解结果 - TASK-D001-G002-1 -> 零件打磨机(Z003) offset=0 dur=6000
2026-05-26 13:03:26 | INFO    | aps.scheduler   |   求解结果 - TASK-D002-G002-1 -> 零件打磨机(Z003) offset=6000 dur=6000
2026-05-26 13:03:26 | INFO    | aps.scheduler   |   求解结果 - TASK-D001-G001-2 -> 装备压铸机(Z002) offset=12000 dur=18000
2026-05-26 13:03:26 | INFO    | aps.scheduler   |   求解结果 - TASK-D002-G001-2 -> 装备压铸机(Z001) offset=12000 dur=12000
2026-05-26 13:03:26 | INFO    | aps.solve       | 资源分配结果: {'TASK-D001-G002-1': '零件打磨机', 'TASK-D002-G002-1': '零件打磨机', 'TASK-D001-G001-2': '装备压铸机', 'TASK-D002-G001-2': '装备压铸机'}
2026-05-26 13:03:29 | INFO    | aps             | GET    200     2.5ms /api/smart-scheduling/plan/progress?task_id=192fc83e2ec9400fa9fd763dd6364da4
2026-05-26 13:04:30 | INFO    | aps             | GET    307     0.5ms /api/planning-strategies?page=1&page_size=100
2026-05-26 13:04:30 | INFO    | aps             | GET    307     3.0ms /api/production-orders?page=1&page_size=1000
2026-05-26 13:04:30 | INFO    | aps             | GET    307     0.0ms /api/planning-strategies?page=1&page_size=100
2026-05-26 13:04:30 | INFO    | aps             | GET    307     0.5ms /api/production-orders?page=1&page_size=1000
2026-05-26 13:04:30 | INFO    | aps             | GET    200    66.7ms /api/planning-strategies/?page=1&page_size=100
2026-05-26 13:04:30 | INFO    | aps             | GET    200     7.4ms /api/planning-strategies/?page=1&page_size=100
2026-05-26 13:04:30 | INFO    | aps             | GET    200    97.0ms /api/production-orders/?page=1&page_size=1000
2026-05-26 13:04:30 | INFO    | aps             | GET    200     8.1ms /api/production-orders/?page=1&page_size=1000
2026-05-26 13:04:36 | INFO    | aps             | GET    307     2.0ms /api/planning-strategies?page=1&page_size=10
2026-05-26 13:04:36 | INFO    | aps             | GET    200     5.0ms /api/planning-strategies/scheduling-rule/options
2026-05-26 13:04:36 | INFO    | aps             | GET    307     0.0ms /api/planning-strategies?page=1&page_size=10
2026-05-26 13:04:37 | INFO    | aps             | GET    200     3.7ms /api/planning-strategies/scheduling-rule/options
2026-05-26 13:04:37 | INFO    | aps             | GET    200     8.2ms /api/planning-strategies/?page=1&page_size=10
2026-05-26 13:04:37 | INFO    | aps             | GET    200     7.7ms /api/planning-strategies/?page=1&page_size=10
2026-05-26 13:04:38 | INFO    | aps             | GET    307     0.0ms /api/production-orders?page=1&page_size=10
2026-05-26 13:04:38 | INFO    | aps             | GET    307     2.2ms /api/materials?page=1&page_size=1000
2026-05-26 13:04:38 | INFO    | aps             | GET    307     0.0ms /api/production-orders?page=1&page_size=10
2026-05-26 13:04:38 | INFO    | aps             | GET    307     0.0ms /api/materials?page=1&page_size=1000
2026-05-26 13:04:38 | INFO    | aps             | GET    200    17.8ms /api/production-orders/?page=1&page_size=10
2026-05-26 13:04:38 | INFO    | aps             | GET    200    16.2ms /api/materials/?page=1&page_size=1000
2026-05-26 13:04:38 | INFO    | aps             | GET    200    60.2ms /api/materials/?page=1&page_size=1000
2026-05-26 13:04:38 | INFO    | aps             | GET    200    82.4ms /api/production-orders/?page=1&page_size=10
2026-05-26 13:05:00 | INFO    | aps             | DELETE 204    22.5ms /api/production-orders/7a3b49a422e949bc8ebf4227f3d7adf6
2026-05-26 13:05:00 | INFO    | aps             | GET    307     1.1ms /api/production-orders?page=1&page_size=10
2026-05-26 13:05:00 | INFO    | aps             | GET    200     6.4ms /api/production-orders/?page=1&page_size=10
2026-05-26 13:05:03 | INFO    | aps             | DELETE 204    15.4ms /api/production-orders/e8d7e183428d4217b29caf65dddfbf80
2026-05-26 13:05:03 | INFO    | aps             | GET    307     0.5ms /api/production-orders?page=1&page_size=10
2026-05-26 13:05:03 | INFO    | aps             | GET    200     8.4ms /api/production-orders/?page=1&page_size=10
2026-05-26 13:05:04 | INFO    | aps             | GET    307     0.0ms /api/planning-strategies?page=1&page_size=100
2026-05-26 13:05:04 | INFO    | aps             | GET    307     2.8ms /api/production-orders?page=1&page_size=1000
2026-05-26 13:05:04 | INFO    | aps             | GET    307     0.0ms /api/planning-strategies?page=1&page_size=100
2026-05-26 13:05:04 | INFO    | aps             | GET    307     2.1ms /api/production-orders?page=1&page_size=1000
2026-05-26 13:05:04 | INFO    | aps             | GET    200     6.4ms /api/planning-strategies/?page=1&page_size=100
2026-05-26 13:05:04 | INFO    | aps             | GET    200    11.3ms /api/production-orders/?page=1&page_size=1000
2026-05-26 13:05:04 | INFO    | aps             | GET    200    10.0ms /api/planning-strategies/?page=1&page_size=100
2026-05-26 13:05:04 | INFO    | aps             | GET    200     8.3ms /api/production-orders/?page=1&page_size=1000
2026-05-26 13:05:06 | INFO    | aps             | POST   200    15.3ms /api/smart-scheduling/generate
2026-05-26 13:05:06 | INFO    | aps.solve       | 开始排产: strategy=90a48e5ab9ba41b9a78817974a59f635, 可排产订单数=2
2026-05-26 13:05:06 | INFO    | aps.mrp         | 处理订单: code=D001 material_code=C001 quantity=3000
2026-05-26 13:05:06 | INFO    | aps.mrp         |   匹配物料: id=fadbc868875f4c2a8f909a960d19f269 code=C001 name=紫晶装备 source=PRODUCED
2026-05-26 13:05:06 | INFO    | aps.mrp         |   BOM子件数=1, 可用库存=1000
2026-05-26 13:05:06 | INFO    | aps.mrp         |   订单物料 C001 加入DAG, 需求量=3000
2026-05-26 13:05:06 | INFO    | aps.mrp         | 处理订单: code=D002 material_code=C001 quantity=2000
2026-05-26 13:05:06 | INFO    | aps.mrp         |   匹配物料: id=fadbc868875f4c2a8f909a960d19f269 code=C001 name=紫晶装备 source=PRODUCED
2026-05-26 13:05:06 | INFO    | aps.mrp         |   BOM子件数=1, 可用库存=1000
2026-05-26 13:05:06 | INFO    | aps.solve       | MRP完成: 缺料DAG节点数=2, 补充订单数=2
2026-05-26 13:05:06 | INFO    | aps.task_gen    | 缺料DAG: 2个节点, 1条边
2026-05-26 13:05:06 | INFO    | aps.task_gen    |   DAG节点: material=C001(fadbc868875f4c2a8f909a960d19f269) source=PRODUCED demand=5000.00 orders={'2dbbdd247ba0446fa2ae77b0d3567b11': 3000.0, 'bb20ea266fb047bea8ce115c1b0dcf5a': 2000.0}
2026-05-26 13:05:06 | INFO    | aps.task_gen    |   DAG节点: material=W001(5a5959f29f6643129210ee4dbcebf84f) source=PRODUCED demand=4000.00 orders={'2dbbdd247ba0446fa2ae77b0d3567b11': 2000.0, 'bb20ea266fb047bea8ce115c1b0dcf5a': 2000.0}
2026-05-26 13:05:06 | INFO    | aps.task_gen    | 拓扑排序后物料顺序 (2): ['5a5959f29f6643129210ee4dbcebf84f', 'fadbc868875f4c2a8f909a960d19f269']
2026-05-26 13:05:06 | INFO    | aps.task_gen    |   工序 G002: 从数据库刷新主资源=['af35d6ac']
2026-05-26 13:05:06 | INFO    | aps.task_gen    |   工序 G002: 从数据库刷新主资源=['af35d6ac']
2026-05-26 13:05:06 | INFO    | aps.task_gen    |   工序 G001: 从数据库刷新主资源=['579a3c2c', '9632c720']
2026-05-26 13:05:06 | INFO    | aps.task_gen    |   工序 G001: 从数据库刷新主资源=['579a3c2c', '9632c720']
2026-05-26 13:05:06 | INFO    | aps.task_gen    | 任务生成完成: 共生成 4 个任务, 4 个订单关联记录
2026-05-26 13:05:06 | INFO    | aps.solve       | 求解准备: 任务数=4, 资源数=3
2026-05-26 13:05:06 | INFO    | aps.solve       |   资源: id=579a3c2c code=Z001 name=装备压铸机 status=NORMAL throughput=10/H group=None
2026-05-26 13:05:06 | INFO    | aps.solve       |   资源: id=9632c720 code=Z002 name=装备压铸机 status=NORMAL throughput=10/H group=None
2026-05-26 13:05:06 | INFO    | aps.solve       |   资源: id=af35d6ac code=Z003 name=零件打磨机 status=NORMAL throughput=20/H group=None
2026-05-26 13:05:06 | INFO    | aps.solve       | 工作日历已加载: 1个日历, 1个工作模式
2026-05-26 13:05:06 | INFO    | aps.scheduler   |   任务 TASK-D001-G002-1(G002): qty=2000, 资源=1个, 工期=['6000']分
2026-05-26 13:05:06 | INFO    | aps.scheduler   |   任务 TASK-D002-G002-1(G002): qty=2000, 资源=1个, 工期=['6000']分
2026-05-26 13:05:07 | INFO    | aps.scheduler   |   任务 TASK-D001-G001-2(G001): qty=3000, 资源=2个, 工期=['18000', '18000']分
2026-05-26 13:05:07 | INFO    | aps.scheduler   |   任务 TASK-D002-G001-2(G001): qty=2000, 资源=2个, 工期=['12000', '12000']分
2026-05-26 13:05:07 | INFO    | aps.scheduler   | 工作日历已激活，求解器将基于工作分钟空间建模
2026-05-26 13:05:07 | INFO    | aps.scheduler   | 构建CP模型: 总任务=4, 跳过=0, 有效=4, 资源=3
2026-05-26 13:05:07 | INFO    | aps.scheduler   | 工作分钟空间: horizon=64440分(1074.0工时), 总工时=42000分
2026-05-26 13:05:07 | INFO    | aps.scheduler   |   求解结果 - TASK-D001-G002-1 -> 零件打磨机(Z003) offset=6000 dur=6000
2026-05-26 13:05:07 | INFO    | aps.scheduler   |   求解结果 - TASK-D002-G002-1 -> 零件打磨机(Z003) offset=0 dur=6000
2026-05-26 13:05:07 | INFO    | aps.scheduler   |   求解结果 - TASK-D001-G001-2 -> 装备压铸机(Z002) offset=12000 dur=18000
2026-05-26 13:05:07 | INFO    | aps.scheduler   |   求解结果 - TASK-D002-G001-2 -> 装备压铸机(Z001) offset=12000 dur=12000
2026-05-26 13:05:07 | INFO    | aps.solve       | 资源分配结果: {'TASK-D001-G002-1': '零件打磨机', 'TASK-D002-G002-1': '零件打磨机', 'TASK-D001-G001-2': '装备压铸机', 'TASK-D002-G001-2': '装备压铸机'}
2026-05-26 13:05:08 | INFO    | aps             | GET    200     0.5ms /api/smart-scheduling/plan/progress?task_id=d4b4eb9108284c4bbf45e333b295c57c
2026-05-26 13:05:09 | INFO    | aps             | POST   200    28.0ms /api/smart-scheduling/preview/plan/tasks
2026-05-26 13:05:09 | INFO    | aps             | POST   200    27.1ms /api/smart-scheduling/preview/plan/resource/gantt
2026-05-26 13:10:22 | INFO    | aps             | 数据库表已就绪
2026-05-26 13:10:29 | INFO    | aps             | GET    307     1.0ms /api/planning-strategies?page=1&page_size=100
2026-05-26 13:10:29 | INFO    | aps             | GET    307     2.0ms /api/production-orders?page=1&page_size=1000
2026-05-26 13:10:29 | INFO    | aps             | GET    307     1.5ms /api/planning-strategies?page=1&page_size=100
2026-05-26 13:10:29 | INFO    | aps             | GET    307     1.0ms /api/production-orders?page=1&page_size=1000
2026-05-26 13:10:29 | INFO    | aps             | GET    200    77.7ms /api/planning-strategies/?page=1&page_size=100
2026-05-26 13:10:29 | INFO    | aps             | GET    200     7.1ms /api/planning-strategies/?page=1&page_size=100
2026-05-26 13:10:29 | INFO    | aps             | GET    200    96.0ms /api/production-orders/?page=1&page_size=1000
2026-05-26 13:10:29 | INFO    | aps             | GET    200    10.1ms /api/production-orders/?page=1&page_size=1000
2026-05-26 13:10:30 | INFO    | aps             | GET    307     0.0ms /api/production-orders?page=1&page_size=10
2026-05-26 13:10:30 | INFO    | aps             | GET    307     2.5ms /api/materials?page=1&page_size=1000
2026-05-26 13:10:30 | INFO    | aps             | GET    307     0.0ms /api/production-orders?page=1&page_size=10
2026-05-26 13:10:30 | INFO    | aps             | GET    307     2.0ms /api/materials?page=1&page_size=1000
2026-05-26 13:10:30 | INFO    | aps             | GET    200    19.6ms /api/production-orders/?page=1&page_size=10
2026-05-26 13:10:30 | INFO    | aps             | GET    200    22.0ms /api/materials/?page=1&page_size=1000
2026-05-26 13:10:30 | INFO    | aps             | GET    200     8.6ms /api/materials/?page=1&page_size=1000
2026-05-26 13:10:30 | INFO    | aps             | GET    200    85.2ms /api/production-orders/?page=1&page_size=10
2026-05-26 13:10:35 | INFO    | aps             | GET    307     0.0ms /api/production-orders?page=1&page_size=10
2026-05-26 13:10:35 | INFO    | aps             | GET    307     2.5ms /api/materials?page=1&page_size=1000
2026-05-26 13:10:35 | INFO    | aps             | GET    307     1.0ms /api/production-orders?page=1&page_size=10
2026-05-26 13:10:35 | INFO    | aps             | GET    307     1.1ms /api/materials?page=1&page_size=1000
2026-05-26 13:10:35 | INFO    | aps             | GET    200     7.8ms /api/production-orders/?page=1&page_size=10
2026-05-26 13:10:35 | INFO    | aps             | GET    200    12.7ms /api/materials/?page=1&page_size=1000
2026-05-26 13:10:35 | INFO    | aps             | GET    200    11.1ms /api/production-orders/?page=1&page_size=10
2026-05-26 13:10:35 | INFO    | aps             | GET    200    11.5ms /api/materials/?page=1&page_size=1000
2026-05-26 13:10:36 | INFO    | aps             | POST   200    10.4ms /api/smart-scheduling/generate
2026-05-26 13:10:36 | INFO    | aps.solve       | 开始排产: strategy=90a48e5ab9ba41b9a78817974a59f635, 可排产订单数=2
2026-05-26 13:10:36 | INFO    | aps.mrp         | 处理订单: code=D001 material_code=C001 quantity=3000
2026-05-26 13:10:36 | INFO    | aps.mrp         |   匹配物料: id=fadbc868875f4c2a8f909a960d19f269 code=C001 name=紫晶装备 source=PRODUCED
2026-05-26 13:10:36 | INFO    | aps.mrp         |   BOM子件数=1, 可用库存=1000
2026-05-26 13:10:36 | INFO    | aps.mrp         |   订单物料 C001 加入DAG, 需求量=3000
2026-05-26 13:10:36 | INFO    | aps.mrp         | 处理订单: code=D002 material_code=C001 quantity=2000
2026-05-26 13:10:36 | INFO    | aps.mrp         |   匹配物料: id=fadbc868875f4c2a8f909a960d19f269 code=C001 name=紫晶装备 source=PRODUCED
2026-05-26 13:10:36 | INFO    | aps.mrp         |   BOM子件数=1, 可用库存=1000
2026-05-26 13:10:36 | INFO    | aps.solve       | MRP完成: 缺料DAG节点数=2, 补充订单数=2
2026-05-26 13:10:36 | INFO    | aps.task_gen    | 缺料DAG: 2个节点, 1条边
2026-05-26 13:10:36 | INFO    | aps.task_gen    |   DAG节点: material=C001(fadbc868875f4c2a8f909a960d19f269) source=PRODUCED demand=5000.00 orders={'2dbbdd247ba0446fa2ae77b0d3567b11': 3000.0, 'bb20ea266fb047bea8ce115c1b0dcf5a': 2000.0}
2026-05-26 13:10:36 | INFO    | aps.task_gen    |   DAG节点: material=W001(5a5959f29f6643129210ee4dbcebf84f) source=PRODUCED demand=4000.00 orders={'2dbbdd247ba0446fa2ae77b0d3567b11': 2000.0, 'bb20ea266fb047bea8ce115c1b0dcf5a': 2000.0}
2026-05-26 13:10:36 | INFO    | aps.task_gen    | 拓扑排序后物料顺序 (2): ['5a5959f29f6643129210ee4dbcebf84f', 'fadbc868875f4c2a8f909a960d19f269']
2026-05-26 13:10:36 | INFO    | aps.task_gen    |   工序 G002: 从数据库刷新主资源=['af35d6ac']
2026-05-26 13:10:36 | INFO    | aps.task_gen    |   工序 G002: 从数据库刷新主资源=['af35d6ac']
2026-05-26 13:10:36 | INFO    | aps.task_gen    |   工序 G001: 从数据库刷新主资源=['579a3c2c', '9632c720']
2026-05-26 13:10:36 | INFO    | aps.task_gen    |   工序 G001: 从数据库刷新主资源=['579a3c2c', '9632c720']
2026-05-26 13:10:36 | INFO    | aps.task_gen    | 任务生成完成: 共生成 4 个任务, 4 个订单关联记录
2026-05-26 13:10:36 | INFO    | aps.solve       | 求解准备: 任务数=4, 资源数=3
2026-05-26 13:10:36 | INFO    | aps.solve       |   资源: id=579a3c2c code=Z001 name=装备压铸机 status=NORMAL throughput=10/H group=None
2026-05-26 13:10:36 | INFO    | aps.solve       |   资源: id=9632c720 code=Z002 name=装备压铸机 status=NORMAL throughput=10/H group=None
2026-05-26 13:10:36 | INFO    | aps.solve       |   资源: id=af35d6ac code=Z003 name=零件打磨机 status=NORMAL throughput=20/H group=None
2026-05-26 13:10:36 | INFO    | aps.solve       | 工作日历已加载: 1个日历, 1个工作模式
2026-05-26 13:10:36 | INFO    | aps.scheduler   |   任务 TASK-D001-G002-1(G002): qty=2000, 资源=1个, 工期=['6000']分
2026-05-26 13:10:36 | INFO    | aps.scheduler   |   任务 TASK-D002-G002-1(G002): qty=2000, 资源=1个, 工期=['6000']分
2026-05-26 13:10:36 | INFO    | aps.scheduler   |   任务 TASK-D001-G001-2(G001): qty=3000, 资源=2个, 工期=['18000', '18000']分
2026-05-26 13:10:36 | INFO    | aps.scheduler   |   任务 TASK-D002-G001-2(G001): qty=2000, 资源=2个, 工期=['12000', '12000']分
2026-05-26 13:10:36 | INFO    | aps.scheduler   | 工作日历已激活，求解器将基于工作分钟空间建模
2026-05-26 13:10:36 | INFO    | aps.scheduler   | 构建CP模型: 总任务=4, 跳过=0, 有效=4, 资源=3
2026-05-26 13:10:36 | INFO    | aps.scheduler   | 工作分钟空间: horizon=64440分(1074.0工时), 总工时=42000分
2026-05-26 13:10:36 | INFO    | aps.scheduler   |   求解结果 - TASK-D001-G002-1 -> 零件打磨机(Z003) offset=6000 dur=6000
2026-05-26 13:10:36 | INFO    | aps.scheduler   |   求解结果 - TASK-D002-G002-1 -> 零件打磨机(Z003) offset=0 dur=6000
2026-05-26 13:10:36 | INFO    | aps.scheduler   |   求解结果 - TASK-D001-G001-2 -> 装备压铸机(Z002) offset=12000 dur=18000
2026-05-26 13:10:36 | INFO    | aps.scheduler   |   求解结果 - TASK-D002-G001-2 -> 装备压铸机(Z001) offset=6000 dur=12000
2026-05-26 13:10:36 | INFO    | aps.solve       | 资源分配结果: {'TASK-D001-G002-1': '零件打磨机', 'TASK-D002-G002-1': '零件打磨机', 'TASK-D001-G001-2': '装备压铸机', 'TASK-D002-G001-2': '装备压铸机'}
2026-05-26 13:10:38 | INFO    | aps             | GET    307     1.0ms /api/planning-strategies?page=1&page_size=100
2026-05-26 13:10:38 | INFO    | aps             | GET    307     2.6ms /api/production-orders?page=1&page_size=1000
2026-05-26 13:10:38 | INFO    | aps             | GET    307     0.9ms /api/planning-strategies?page=1&page_size=100
2026-05-26 13:10:38 | INFO    | aps             | GET    307     0.0ms /api/production-orders?page=1&page_size=1000
2026-05-26 13:10:38 | INFO    | aps             | GET    200    14.3ms /api/production-orders/?page=1&page_size=1000
2026-05-26 13:10:38 | INFO    | aps             | GET    200    18.0ms /api/planning-strategies/?page=1&page_size=100
2026-05-26 13:10:38 | INFO    | aps             | GET    200     8.9ms /api/production-orders/?page=1&page_size=1000
2026-05-26 13:10:38 | INFO    | aps             | GET    200    11.5ms /api/planning-strategies/?page=1&page_size=100
2026-05-26 13:10:39 | INFO    | aps             | GET    200     2.0ms /api/smart-scheduling/plan/progress?task_id=e52b59f061fb437bbedfd1f50b8ae783
2026-05-26 13:11:29 | INFO    | aps             | GET    307     0.4ms /api/production-orders?page=1&page_size=10
2026-05-26 13:11:29 | INFO    | aps             | GET    307     1.8ms /api/materials?page=1&page_size=1000
2026-05-26 13:11:29 | INFO    | aps             | GET    307     0.0ms /api/production-orders?page=1&page_size=10
2026-05-26 13:11:29 | INFO    | aps             | GET    307     0.0ms /api/materials?page=1&page_size=1000
2026-05-26 13:11:29 | INFO    | aps             | GET    200    10.1ms /api/materials/?page=1&page_size=1000
2026-05-26 13:11:29 | INFO    | aps             | GET    200    10.1ms /api/production-orders/?page=1&page_size=10
2026-05-26 13:11:29 | INFO    | aps             | GET    200     8.8ms /api/materials/?page=1&page_size=1000
2026-05-26 13:11:29 | INFO    | aps             | GET    200     8.2ms /api/production-orders/?page=1&page_size=10
2026-05-26 13:11:32 | INFO    | aps             | DELETE 204    17.2ms /api/production-orders/84a6a4fec13a4164b3aeadc7082e4e86
2026-05-26 13:11:32 | INFO    | aps             | GET    307     0.0ms /api/production-orders?page=1&page_size=10
2026-05-26 13:11:32 | INFO    | aps             | GET    200     7.3ms /api/production-orders/?page=1&page_size=10
2026-05-26 13:11:34 | INFO    | aps             | DELETE 204    21.4ms /api/production-orders/bb9538524b1d45f89dee0da5d56860ac
2026-05-26 13:11:34 | INFO    | aps             | GET    307     0.0ms /api/production-orders?page=1&page_size=10
2026-05-26 13:11:34 | INFO    | aps             | GET    200     7.7ms /api/production-orders/?page=1&page_size=10
2026-05-26 13:11:35 | INFO    | aps             | GET    307     1.2ms /api/planning-strategies?page=1&page_size=100
2026-05-26 13:11:35 | INFO    | aps             | GET    307     1.7ms /api/production-orders?page=1&page_size=1000
2026-05-26 13:11:35 | INFO    | aps             | GET    307     2.0ms /api/planning-strategies?page=1&page_size=100
2026-05-26 13:11:35 | INFO    | aps             | GET    307     1.5ms /api/production-orders?page=1&page_size=1000
2026-05-26 13:11:35 | INFO    | aps             | GET    200    10.2ms /api/planning-strategies/?page=1&page_size=100
2026-05-26 13:11:35 | INFO    | aps             | GET    200    12.2ms /api/production-orders/?page=1&page_size=1000
2026-05-26 13:11:35 | INFO    | aps             | GET    200     9.9ms /api/planning-strategies/?page=1&page_size=100
2026-05-26 13:11:35 | INFO    | aps             | GET    200     8.9ms /api/production-orders/?page=1&page_size=1000
2026-05-26 13:11:39 | INFO    | aps             | POST   200    19.6ms /api/smart-scheduling/generate
2026-05-26 13:11:40 | INFO    | aps.solve       | 开始排产: strategy=90a48e5ab9ba41b9a78817974a59f635, 可排产订单数=2
2026-05-26 13:11:40 | INFO    | aps.mrp         | 处理订单: code=D001 material_code=C001 quantity=3000
2026-05-26 13:11:40 | INFO    | aps.mrp         |   匹配物料: id=fadbc868875f4c2a8f909a960d19f269 code=C001 name=紫晶装备 source=PRODUCED
2026-05-26 13:11:40 | INFO    | aps.mrp         |   BOM子件数=1, 可用库存=1000
2026-05-26 13:11:40 | INFO    | aps.mrp         |   订单物料 C001 加入DAG, 需求量=3000
2026-05-26 13:11:40 | INFO    | aps.mrp         | 处理订单: code=D002 material_code=C001 quantity=2000
2026-05-26 13:11:40 | INFO    | aps.mrp         |   匹配物料: id=fadbc868875f4c2a8f909a960d19f269 code=C001 name=紫晶装备 source=PRODUCED
2026-05-26 13:11:40 | INFO    | aps.mrp         |   BOM子件数=1, 可用库存=1000
2026-05-26 13:11:40 | INFO    | aps.solve       | MRP完成: 缺料DAG节点数=2, 补充订单数=2
2026-05-26 13:11:40 | INFO    | aps.task_gen    | 缺料DAG: 2个节点, 1条边
2026-05-26 13:11:40 | INFO    | aps.task_gen    |   DAG节点: material=C001(fadbc868875f4c2a8f909a960d19f269) source=PRODUCED demand=5000.00 orders={'2dbbdd247ba0446fa2ae77b0d3567b11': 3000.0, 'bb20ea266fb047bea8ce115c1b0dcf5a': 2000.0}
2026-05-26 13:11:40 | INFO    | aps.task_gen    |   DAG节点: material=W001(5a5959f29f6643129210ee4dbcebf84f) source=PRODUCED demand=4000.00 orders={'2dbbdd247ba0446fa2ae77b0d3567b11': 2000.0, 'bb20ea266fb047bea8ce115c1b0dcf5a': 2000.0}
2026-05-26 13:11:40 | INFO    | aps.task_gen    | 拓扑排序后物料顺序 (2): ['5a5959f29f6643129210ee4dbcebf84f', 'fadbc868875f4c2a8f909a960d19f269']
2026-05-26 13:11:40 | INFO    | aps.task_gen    |   工序 G002: 从数据库刷新主资源=['af35d6ac']
2026-05-26 13:11:40 | INFO    | aps.task_gen    |   工序 G002: 从数据库刷新主资源=['af35d6ac']
2026-05-26 13:11:40 | INFO    | aps.task_gen    |   工序 G001: 从数据库刷新主资源=['579a3c2c', '9632c720']
2026-05-26 13:11:40 | INFO    | aps.task_gen    |   工序 G001: 从数据库刷新主资源=['579a3c2c', '9632c720']
2026-05-26 13:11:40 | INFO    | aps.task_gen    | 任务生成完成: 共生成 4 个任务, 4 个订单关联记录
2026-05-26 13:11:40 | INFO    | aps.solve       | 求解准备: 任务数=4, 资源数=3
2026-05-26 13:11:40 | INFO    | aps.solve       |   资源: id=579a3c2c code=Z001 name=装备压铸机 status=NORMAL throughput=10/H group=None
2026-05-26 13:11:40 | INFO    | aps.solve       |   资源: id=9632c720 code=Z002 name=装备压铸机 status=NORMAL throughput=10/H group=None
2026-05-26 13:11:40 | INFO    | aps.solve       |   资源: id=af35d6ac code=Z003 name=零件打磨机 status=NORMAL throughput=20/H group=None
2026-05-26 13:11:40 | INFO    | aps.solve       | 工作日历已加载: 1个日历, 1个工作模式
2026-05-26 13:11:40 | INFO    | aps.scheduler   |   任务 TASK-D001-G002-1(G002): qty=2000, 资源=1个, 工期=['6000']分
2026-05-26 13:11:40 | INFO    | aps.scheduler   |   任务 TASK-D002-G002-1(G002): qty=2000, 资源=1个, 工期=['6000']分
2026-05-26 13:11:40 | INFO    | aps.scheduler   |   任务 TASK-D001-G001-2(G001): qty=3000, 资源=2个, 工期=['18000', '18000']分
2026-05-26 13:11:40 | INFO    | aps.scheduler   |   任务 TASK-D002-G001-2(G001): qty=2000, 资源=2个, 工期=['12000', '12000']分
2026-05-26 13:11:40 | INFO    | aps.scheduler   | 工作日历已激活，求解器将基于工作分钟空间建模
2026-05-26 13:11:40 | INFO    | aps.scheduler   | 构建CP模型: 总任务=4, 跳过=0, 有效=4, 资源=3
2026-05-26 13:11:40 | INFO    | aps.scheduler   | 工作分钟空间: horizon=64440分(1074.0工时), 总工时=42000分
2026-05-26 13:11:40 | INFO    | aps.scheduler   |   求解结果 - TASK-D001-G002-1 -> 零件打磨机(Z003) offset=0 dur=6000
2026-05-26 13:11:40 | INFO    | aps.scheduler   |   求解结果 - TASK-D002-G002-1 -> 零件打磨机(Z003) offset=6000 dur=6000
2026-05-26 13:11:40 | INFO    | aps.scheduler   |   求解结果 - TASK-D001-G001-2 -> 装备压铸机(Z002) offset=6000 dur=18000
2026-05-26 13:11:40 | INFO    | aps.scheduler   |   求解结果 - TASK-D002-G001-2 -> 装备压铸机(Z001) offset=12000 dur=12000
2026-05-26 13:11:40 | INFO    | aps.solve       | 资源分配结果: {'TASK-D001-G002-1': '零件打磨机', 'TASK-D002-G002-1': '零件打磨机', 'TASK-D001-G001-2': '装备压铸机', 'TASK-D002-G001-2': '装备压铸机'}
2026-05-26 13:11:42 | INFO    | aps             | GET    200     0.5ms /api/smart-scheduling/plan/progress?task_id=6a6e0d6aec9b46d19945688fc951324e
2026-05-26 13:11:42 | INFO    | aps             | POST   200    27.2ms /api/smart-scheduling/preview/plan/resource/gantt
2026-05-26 13:11:42 | INFO    | aps             | POST   200    32.3ms /api/smart-scheduling/preview/plan/tasks
2026-05-26 13:12:04 | INFO    | aps             | POST   200    42.6ms /api/smart-scheduling/plan/pending/confirm
2026-05-26 13:12:05 | INFO    | aps             | GET    307     2.6ms /api/production-orders?page=1&page_size=1000
2026-05-26 13:12:05 | INFO    | aps             | GET    200     8.5ms /api/production-orders/?page=1&page_size=1000
2026-05-26 13:12:07 | INFO    | aps             | POST   200    28.2ms /api/smart-scheduling/plan/resource/gantt
2026-05-26 13:12:07 | INFO    | aps             | GET    200    23.1ms /api/smart-scheduling/plan/tasks?page=1&page_size=10&order_id=2dbbdd247ba0446fa2ae77b0d3567b11
2026-05-26 13:12:45 | INFO    | aps             | GET    307     0.0ms /api/production-orders?page=1&page_size=10
2026-05-26 13:12:45 | INFO    | aps             | GET    307     0.0ms /api/materials?page=1&page_size=1000
2026-05-26 13:12:45 | INFO    | aps             | GET    307     0.0ms /api/production-orders?page=1&page_size=10
2026-05-26 13:12:45 | INFO    | aps             | GET    307     0.0ms /api/materials?page=1&page_size=1000
2026-05-26 13:12:45 | INFO    | aps             | GET    200     9.4ms /api/production-orders/?page=1&page_size=10
2026-05-26 13:12:45 | INFO    | aps             | GET    200     8.0ms /api/materials/?page=1&page_size=1000
2026-05-26 13:12:45 | INFO    | aps             | GET    200     6.0ms /api/production-orders/?page=1&page_size=10
2026-05-26 13:12:45 | INFO    | aps             | GET    200     5.5ms /api/materials/?page=1&page_size=1000
2026-05-26 13:13:00 | INFO    | aps             | GET    307     0.0ms /api/production-orders?page=1&page_size=1000
2026-05-26 13:13:00 | INFO    | aps             | GET    307     2.5ms /api/planning-strategies?page=1&page_size=100
2026-05-26 13:13:00 | INFO    | aps             | GET    307     0.0ms /api/production-orders?page=1&page_size=1000
2026-05-26 13:13:00 | INFO    | aps             | GET    307     0.0ms /api/planning-strategies?page=1&page_size=100
2026-05-26 13:13:00 | INFO    | aps             | GET    200     7.6ms /api/planning-strategies/?page=1&page_size=100
2026-05-26 13:13:00 | INFO    | aps             | GET    200     9.1ms /api/production-orders/?page=1&page_size=1000
2026-05-26 13:13:00 | INFO    | aps             | GET    200    11.5ms /api/planning-strategies/?page=1&page_size=100
2026-05-26 13:13:00 | INFO    | aps             | GET    200     5.9ms /api/production-orders/?page=1&page_size=1000
2026-05-26 13:13:02 | INFO    | aps             | GET    307     0.5ms /api/production-orders?page=1&page_size=1000
2026-05-26 13:13:02 | INFO    | aps             | GET    200     4.9ms /api/production-orders/?page=1&page_size=1000
2026-05-26 13:13:04 | INFO    | aps             | GET    200    13.7ms /api/smart-scheduling/plan/tasks?page=1&page_size=10&order_id=2dbbdd247ba0446fa2ae77b0d3567b11
2026-05-26 13:13:04 | INFO    | aps             | POST   200    14.7ms /api/smart-scheduling/plan/resource/gantt
2026-05-26 13:13:17 | INFO    | aps             | GET    307     0.0ms /api/materials?page=1&page_size=1000
2026-05-26 13:13:17 | INFO    | aps             | GET    307     2.5ms /api/production-orders?page=1&page_size=10
2026-05-26 13:13:17 | INFO    | aps             | GET    307     0.0ms /api/materials?page=1&page_size=1000
2026-05-26 13:13:17 | INFO    | aps             | GET    307     2.4ms /api/production-orders?page=1&page_size=10
2026-05-26 13:13:17 | INFO    | aps             | GET    200     4.9ms /api/materials/?page=1&page_size=1000
2026-05-26 13:13:17 | INFO    | aps             | GET    200     3.1ms /api/production-orders/?page=1&page_size=10
2026-05-26 13:13:17 | INFO    | aps             | GET    200     6.9ms /api/materials/?page=1&page_size=1000
2026-05-26 13:13:17 | INFO    | aps             | GET    200     7.0ms /api/production-orders/?page=1&page_size=10
2026-05-26 13:13:22 | INFO    | aps             | DELETE 204    15.2ms /api/production-orders/2dbbdd247ba0446fa2ae77b0d3567b11
2026-05-26 13:13:22 | INFO    | aps             | GET    307     0.0ms /api/production-orders?page=1&page_size=10
2026-05-26 13:13:22 | INFO    | aps             | GET    200     7.0ms /api/production-orders/?page=1&page_size=10
2026-05-26 13:13:23 | INFO    | aps             | DELETE 204    16.2ms /api/production-orders/2dff21cc31ad4e5da526056f4a61afb7
2026-05-26 13:13:23 | INFO    | aps             | GET    307     0.5ms /api/production-orders?page=1&page_size=10
2026-05-26 13:13:23 | INFO    | aps             | GET    200     6.7ms /api/production-orders/?page=1&page_size=10
2026-05-26 13:13:24 | INFO    | aps             | DELETE 204    12.6ms /api/production-orders/388ad0f89dab4c47b6fd49abdf397e5c
2026-05-26 13:13:24 | INFO    | aps             | GET    307     0.0ms /api/production-orders?page=1&page_size=10
2026-05-26 13:13:24 | INFO    | aps             | GET    200     7.6ms /api/production-orders/?page=1&page_size=10
2026-05-26 13:13:25 | INFO    | aps             | DELETE 204    15.5ms /api/production-orders/bb20ea266fb047bea8ce115c1b0dcf5a
2026-05-26 13:13:25 | INFO    | aps             | GET    307     1.5ms /api/production-orders?page=1&page_size=10
2026-05-26 13:13:25 | INFO    | aps             | GET    200     8.3ms /api/production-orders/?page=1&page_size=10
2026-05-26 13:13:46 | INFO    | aps             | POST   307     1.0ms /api/production-orders
2026-05-26 13:13:46 | INFO    | aps             | OPTIONS 200     0.0ms /api/production-orders/
2026-05-26 13:13:46 | INFO    | aps             | POST   201    30.0ms /api/production-orders/
2026-05-26 13:13:46 | INFO    | aps             | GET    307     0.0ms /api/production-orders?page=1&page_size=10
2026-05-26 13:13:46 | INFO    | aps             | GET    200     5.1ms /api/production-orders/?page=1&page_size=10
2026-05-26 13:14:03 | INFO    | aps             | POST   307     1.2ms /api/production-orders
2026-05-26 13:14:03 | INFO    | aps             | POST   201    20.7ms /api/production-orders/
2026-05-26 13:14:03 | INFO    | aps             | GET    307     2.8ms /api/production-orders?page=1&page_size=10
2026-05-26 13:14:03 | INFO    | aps             | GET    200     6.7ms /api/production-orders/?page=1&page_size=10
2026-05-26 13:14:06 | INFO    | aps             | GET    307     0.0ms /api/planning-strategies?page=1&page_size=100
2026-05-26 13:14:06 | INFO    | aps             | GET    307     3.2ms /api/production-orders?page=1&page_size=1000
2026-05-26 13:14:06 | INFO    | aps             | GET    307     2.0ms /api/planning-strategies?page=1&page_size=100
2026-05-26 13:14:06 | INFO    | aps             | GET    307     0.5ms /api/production-orders?page=1&page_size=1000
2026-05-26 13:14:06 | INFO    | aps             | GET    200    10.9ms /api/production-orders/?page=1&page_size=1000
2026-05-26 13:14:06 | INFO    | aps             | GET    200    13.1ms /api/planning-strategies/?page=1&page_size=100
2026-05-26 13:14:06 | INFO    | aps             | GET    200     7.2ms /api/planning-strategies/?page=1&page_size=100
2026-05-26 13:14:06 | INFO    | aps             | GET    200     8.7ms /api/production-orders/?page=1&page_size=1000
2026-05-26 13:14:10 | INFO    | aps             | POST   200     3.6ms /api/smart-scheduling/generate
2026-05-26 13:14:10 | INFO    | aps.solve       | 开始排产: strategy=90a48e5ab9ba41b9a78817974a59f635, 可排产订单数=2
2026-05-26 13:14:10 | INFO    | aps.mrp         | 处理订单: code=D002 material_code=C001 quantity=3000
2026-05-26 13:14:10 | INFO    | aps.mrp         |   匹配物料: id=fadbc868875f4c2a8f909a960d19f269 code=C001 name=紫晶装备 source=PRODUCED
2026-05-26 13:14:10 | INFO    | aps.mrp         |   BOM子件数=1, 可用库存=1000
2026-05-26 13:14:10 | INFO    | aps.mrp         |   订单物料 C001 加入DAG, 需求量=3000
2026-05-26 13:14:10 | INFO    | aps.mrp         | 处理订单: code=D001 material_code=C001 quantity=2000
2026-05-26 13:14:10 | INFO    | aps.mrp         |   匹配物料: id=fadbc868875f4c2a8f909a960d19f269 code=C001 name=紫晶装备 source=PRODUCED
2026-05-26 13:14:10 | INFO    | aps.mrp         |   BOM子件数=1, 可用库存=1000
2026-05-26 13:14:10 | INFO    | aps.solve       | MRP完成: 缺料DAG节点数=2, 补充订单数=2
2026-05-26 13:14:10 | INFO    | aps.task_gen    | 缺料DAG: 2个节点, 1条边
2026-05-26 13:14:10 | INFO    | aps.task_gen    |   DAG节点: material=C001(fadbc868875f4c2a8f909a960d19f269) source=PRODUCED demand=5000.00 orders={'6b0d1cccae914b8ba2878ddf03348c96': 3000.0, '9414f1d8706d4d3bbbdd1b8f9f6f6c8f': 2000.0}
2026-05-26 13:14:10 | INFO    | aps.task_gen    |   DAG节点: material=W001(5a5959f29f6643129210ee4dbcebf84f) source=PRODUCED demand=4000.00 orders={'6b0d1cccae914b8ba2878ddf03348c96': 2000.0, '9414f1d8706d4d3bbbdd1b8f9f6f6c8f': 2000.0}
2026-05-26 13:14:10 | INFO    | aps.task_gen    | 拓扑排序后物料顺序 (2): ['5a5959f29f6643129210ee4dbcebf84f', 'fadbc868875f4c2a8f909a960d19f269']
2026-05-26 13:14:10 | INFO    | aps.task_gen    |   工序 G002: 从数据库刷新主资源=['af35d6ac']
2026-05-26 13:14:10 | INFO    | aps.task_gen    |   工序 G002: 从数据库刷新主资源=['af35d6ac']
2026-05-26 13:14:10 | INFO    | aps.task_gen    |   工序 G001: 从数据库刷新主资源=['579a3c2c', '9632c720']
2026-05-26 13:14:10 | INFO    | aps.task_gen    |   工序 G001: 从数据库刷新主资源=['579a3c2c', '9632c720']
2026-05-26 13:14:10 | INFO    | aps.task_gen    | 任务生成完成: 共生成 4 个任务, 4 个订单关联记录
2026-05-26 13:14:10 | INFO    | aps.solve       | 求解准备: 任务数=4, 资源数=3
2026-05-26 13:14:10 | INFO    | aps.solve       |   资源: id=579a3c2c code=Z001 name=装备压铸机 status=NORMAL throughput=10/H group=None
2026-05-26 13:14:10 | INFO    | aps.solve       |   资源: id=9632c720 code=Z002 name=装备压铸机 status=NORMAL throughput=10/H group=None
2026-05-26 13:14:10 | INFO    | aps.solve       |   资源: id=af35d6ac code=Z003 name=零件打磨机 status=NORMAL throughput=20/H group=None
2026-05-26 13:14:10 | INFO    | aps.solve       | 工作日历已加载: 1个日历, 1个工作模式
2026-05-26 13:14:10 | INFO    | aps.scheduler   |   任务 TASK-D002-G002-1(G002): qty=2000, 资源=1个, 工期=['6000']分
2026-05-26 13:14:10 | INFO    | aps.scheduler   |   任务 TASK-D001-G002-1(G002): qty=2000, 资源=1个, 工期=['6000']分
2026-05-26 13:14:10 | INFO    | aps.scheduler   |   任务 TASK-D002-G001-2(G001): qty=3000, 资源=2个, 工期=['18000', '18000']分
2026-05-26 13:14:10 | INFO    | aps.scheduler   |   任务 TASK-D001-G001-2(G001): qty=2000, 资源=2个, 工期=['12000', '12000']分
2026-05-26 13:14:10 | INFO    | aps.scheduler   | 工作日历已激活，求解器将基于工作分钟空间建模
2026-05-26 13:14:10 | INFO    | aps.scheduler   | 构建CP模型: 总任务=4, 跳过=0, 有效=4, 资源=3
2026-05-26 13:14:10 | INFO    | aps.scheduler   | 工作分钟空间: horizon=64440分(1074.0工时), 总工时=42000分
2026-05-26 13:14:10 | INFO    | aps.scheduler   |   求解结果 - TASK-D002-G002-1 -> 零件打磨机(Z003) offset=0 dur=6000
2026-05-26 13:14:10 | INFO    | aps.scheduler   |   求解结果 - TASK-D001-G002-1 -> 零件打磨机(Z003) offset=6000 dur=6000
2026-05-26 13:14:10 | INFO    | aps.scheduler   |   求解结果 - TASK-D002-G001-2 -> 装备压铸机(Z002) offset=6000 dur=18000
2026-05-26 13:14:10 | INFO    | aps.scheduler   |   求解结果 - TASK-D001-G001-2 -> 装备压铸机(Z001) offset=12000 dur=12000
2026-05-26 13:14:10 | INFO    | aps.solve       | 资源分配结果: {'TASK-D002-G002-1': '零件打磨机', 'TASK-D001-G002-1': '零件打磨机', 'TASK-D002-G001-2': '装备压铸机', 'TASK-D001-G001-2': '装备压铸机'}
2026-05-26 13:14:12 | INFO    | aps             | GET    200     0.5ms /api/smart-scheduling/plan/progress?task_id=68219e2187724ff8823f3484e3ad97f0
2026-05-26 13:14:12 | INFO    | aps             | POST   200    15.8ms /api/smart-scheduling/preview/plan/resource/gantt
2026-05-26 13:14:12 | INFO    | aps             | POST   200    17.1ms /api/smart-scheduling/preview/plan/tasks
2026-05-26 13:14:34 | INFO    | aps             | POST   200    28.0ms /api/smart-scheduling/plan/pending/confirm
2026-05-26 13:14:36 | INFO    | aps             | GET    307     0.0ms /api/production-orders?page=1&page_size=1000
2026-05-26 13:14:36 | INFO    | aps             | GET    200     6.6ms /api/production-orders/?page=1&page_size=1000
2026-05-26 13:14:37 | INFO    | aps             | POST   200    16.7ms /api/smart-scheduling/plan/resource/gantt
2026-05-26 13:14:37 | INFO    | aps             | GET    200    16.3ms /api/smart-scheduling/plan/tasks?page=1&page_size=10&order_id=6b0d1cccae914b8ba2878ddf03348c96
2026-05-26 13:14:56 | INFO    | aps             | POST   200     3.8ms /api/smart-scheduling/generate
2026-05-26 13:14:56 | INFO    | aps.solve       | 开始排产: strategy=90a48e5ab9ba41b9a78817974a59f635, 可排产订单数=4
2026-05-26 13:14:56 | INFO    | aps.mrp         | 处理订单: code=D002 material_code=C001 quantity=3000
2026-05-26 13:14:56 | INFO    | aps.mrp         |   匹配物料: id=fadbc868875f4c2a8f909a960d19f269 code=C001 name=紫晶装备 source=PRODUCED
2026-05-26 13:14:56 | INFO    | aps.mrp         |   BOM子件数=1, 可用库存=1000
2026-05-26 13:14:56 | INFO    | aps.mrp         |   订单物料 C001 加入DAG, 需求量=3000
2026-05-26 13:14:56 | INFO    | aps.mrp         | 处理订单: code=SUP-D001-W001 material_code=W001 quantity=1000
2026-05-26 13:14:56 | INFO    | aps.mrp         |   匹配物料: id=5a5959f29f6643129210ee4dbcebf84f code=W001 name=紫晶零件 source=PRODUCED
2026-05-26 13:14:56 | INFO    | aps.mrp         |   BOM子件数=1, 可用库存=1000
2026-05-26 13:14:56 | INFO    | aps.mrp         | 处理订单: code=SUP-D002-W001 material_code=W001 quantity=2000
2026-05-26 13:14:56 | INFO    | aps.mrp         |   匹配物料: id=5a5959f29f6643129210ee4dbcebf84f code=W001 name=紫晶零件 source=PRODUCED
2026-05-26 13:14:56 | INFO    | aps.mrp         |   BOM子件数=1, 可用库存=1000
2026-05-26 13:14:56 | INFO    | aps.mrp         | 处理订单: code=D001 material_code=C001 quantity=2000
2026-05-26 13:14:56 | INFO    | aps.mrp         |   匹配物料: id=fadbc868875f4c2a8f909a960d19f269 code=C001 name=紫晶装备 source=PRODUCED
2026-05-26 13:14:56 | INFO    | aps.mrp         |   BOM子件数=1, 可用库存=1000
2026-05-26 13:14:56 | INFO    | aps.solve       | MRP完成: 缺料DAG节点数=2, 补充订单数=2
2026-05-26 13:14:56 | INFO    | aps.task_gen    | 缺料DAG: 2个节点, 1条边
2026-05-26 13:14:56 | INFO    | aps.task_gen    |   DAG节点: material=C001(fadbc868875f4c2a8f909a960d19f269) source=PRODUCED demand=5000.00 orders={'6b0d1cccae914b8ba2878ddf03348c96': 3000.0, '9414f1d8706d4d3bbbdd1b8f9f6f6c8f': 2000.0}
2026-05-26 13:14:56 | INFO    | aps.task_gen    |   DAG节点: material=W001(5a5959f29f6643129210ee4dbcebf84f) source=PRODUCED demand=7000.00 orders={'6b0d1cccae914b8ba2878ddf03348c96': 2000.0, '6d0ef09caf404e7297356e67fedc0d25': 1000.0, '84d7e83f0a784842bc8346d2caedcb32': 2000.0, '9414f1d8706d4d3bbbdd1b8f9f6f6c8f': 2000.0}
2026-05-26 13:14:56 | INFO    | aps.task_gen    | 拓扑排序后物料顺序 (2): ['5a5959f29f6643129210ee4dbcebf84f', 'fadbc868875f4c2a8f909a960d19f269']
2026-05-26 13:14:56 | INFO    | aps.task_gen    |   工序 G002: 从数据库刷新主资源=['af35d6ac']
2026-05-26 13:14:56 | INFO    | aps.task_gen    |   工序 G002: 从数据库刷新主资源=['af35d6ac']
2026-05-26 13:14:56 | INFO    | aps.task_gen    |   工序 G001: 从数据库刷新主资源=['579a3c2c', '9632c720']
2026-05-26 13:14:56 | INFO    | aps.task_gen    |   工序 G001: 从数据库刷新主资源=['579a3c2c', '9632c720']
2026-05-26 13:14:56 | INFO    | aps.task_gen    | 任务生成完成: 共生成 4 个任务, 4 个订单关联记录
2026-05-26 13:14:56 | INFO    | aps.solve       | 求解准备: 任务数=4, 资源数=3
2026-05-26 13:14:56 | INFO    | aps.solve       |   资源: id=579a3c2c code=Z001 name=装备压铸机 status=NORMAL throughput=10/H group=None
2026-05-26 13:14:56 | INFO    | aps.solve       |   资源: id=9632c720 code=Z002 name=装备压铸机 status=NORMAL throughput=10/H group=None
2026-05-26 13:14:56 | INFO    | aps.solve       |   资源: id=af35d6ac code=Z003 name=零件打磨机 status=NORMAL throughput=20/H group=None
2026-05-26 13:14:56 | INFO    | aps.solve       | 工作日历已加载: 1个日历, 1个工作模式
2026-05-26 13:14:56 | INFO    | aps.scheduler   |   任务 TASK-D002-G002-1(G002): qty=2000, 资源=1个, 工期=['6000']分
2026-05-26 13:14:56 | INFO    | aps.scheduler   |   任务 TASK-D001-G002-1(G002): qty=2000, 资源=1个, 工期=['6000']分
2026-05-26 13:14:56 | INFO    | aps.scheduler   |   任务 TASK-D002-G001-2(G001): qty=3000, 资源=2个, 工期=['18000', '18000']分
2026-05-26 13:14:56 | INFO    | aps.scheduler   |   任务 TASK-D001-G001-2(G001): qty=2000, 资源=2个, 工期=['12000', '12000']分
2026-05-26 13:14:56 | INFO    | aps.scheduler   | 工作日历已激活，求解器将基于工作分钟空间建模
2026-05-26 13:14:56 | INFO    | aps.scheduler   | 构建CP模型: 总任务=4, 跳过=0, 有效=4, 资源=3
2026-05-26 13:14:56 | INFO    | aps.scheduler   | 工作分钟空间: horizon=64440分(1074.0工时), 总工时=42000分
2026-05-26 13:14:56 | INFO    | aps.scheduler   |   求解结果 - TASK-D002-G002-1 -> 零件打磨机(Z003) offset=0 dur=6000
2026-05-26 13:14:56 | INFO    | aps.scheduler   |   求解结果 - TASK-D001-G002-1 -> 零件打磨机(Z003) offset=6000 dur=6000
2026-05-26 13:14:56 | INFO    | aps.scheduler   |   求解结果 - TASK-D002-G001-2 -> 装备压铸机(Z002) offset=6000 dur=18000
2026-05-26 13:14:56 | INFO    | aps.scheduler   |   求解结果 - TASK-D001-G001-2 -> 装备压铸机(Z001) offset=12000 dur=12000
2026-05-26 13:14:56 | INFO    | aps.solve       | 资源分配结果: {'TASK-D002-G002-1': '零件打磨机', 'TASK-D001-G002-1': '零件打磨机', 'TASK-D002-G001-2': '装备压铸机', 'TASK-D001-G001-2': '装备压铸机'}
2026-05-26 13:14:58 | INFO    | aps             | GET    200     0.0ms /api/smart-scheduling/plan/progress?task_id=670667bc6070420498ff2d2209f0955b
2026-05-26 13:14:58 | INFO    | aps             | POST   200    18.6ms /api/smart-scheduling/preview/plan/tasks
2026-05-26 13:14:58 | INFO    | aps             | POST   200    18.5ms /api/smart-scheduling/preview/plan/resource/gantt
2026-05-26 13:15:22 | INFO    | aps             | POST   200    20.1ms /api/smart-scheduling/plan/pending/cancel
2026-05-26 13:15:22 | INFO    | aps             | GET    307    16.7ms /api/manufacture-boms?page=1&page_size=10
2026-05-26 13:15:22 | INFO    | aps             | GET    307     3.7ms /api/materials?page=1&page_size=1000
2026-05-26 13:15:22 | INFO    | aps             | GET    307     0.0ms /api/manufacture-boms?page=1&page_size=10
2026-05-26 13:15:22 | INFO    | aps             | GET    307     0.0ms /api/materials?page=1&page_size=1000
2026-05-26 13:15:22 | INFO    | aps             | GET    200     9.8ms /api/materials/?page=1&page_size=1000
2026-05-26 13:15:22 | INFO    | aps             | GET    200    15.7ms /api/manufacture-boms/?page=1&page_size=10
2026-05-26 13:15:23 | INFO    | aps             | GET    200     8.4ms /api/manufacture-boms/?page=1&page_size=10
2026-05-26 13:15:23 | INFO    | aps             | GET    200     9.9ms /api/materials/?page=1&page_size=1000
2026-05-26 13:15:29 | INFO    | aps             | GET    307     0.0ms /api/materials?page=1&page_size=10
2026-05-26 13:15:29 | INFO    | aps             | GET    307     0.0ms /api/materials?page=1&page_size=10
2026-05-26 13:15:29 | INFO    | aps             | GET    200     8.5ms /api/materials/?page=1&page_size=10
2026-05-26 13:15:29 | INFO    | aps             | GET    200     8.2ms /api/materials/?page=1&page_size=10
2026-05-26 13:15:30 | INFO    | aps             | GET    307     2.7ms /api/process-routes?page=1&page_size=10
2026-05-26 13:15:30 | INFO    | aps             | GET    307     2.4ms /api/materials?page=1&page_size=1000
2026-05-26 13:15:30 | INFO    | aps             | GET    307     0.0ms /api/process-routes?page=1&page_size=10
2026-05-26 13:15:30 | INFO    | aps             | GET    307     4.0ms /api/materials?page=1&page_size=1000
2026-05-26 13:15:30 | INFO    | aps             | GET    200    14.4ms /api/process-routes/?page=1&page_size=10
2026-05-26 13:15:30 | INFO    | aps             | GET    200    18.0ms /api/materials/?page=1&page_size=1000
2026-05-26 13:15:30 | INFO    | aps             | GET    200     8.4ms /api/process-routes/?page=1&page_size=10
2026-05-26 13:15:30 | INFO    | aps             | GET    200     9.1ms /api/materials/?page=1&page_size=1000
2026-05-26 13:15:31 | INFO    | aps             | GET    307     0.6ms /api/processes?page=1&page_size=10
2026-05-26 13:15:31 | INFO    | aps             | GET    307     2.0ms /api/production-resources?page=1&page_size=1000
2026-05-26 13:15:31 | INFO    | aps             | GET    307     3.0ms /api/processes?page=1&page_size=10
2026-05-26 13:15:31 | INFO    | aps             | GET    307     3.3ms /api/production-resources?page=1&page_size=1000
2026-05-26 13:15:31 | INFO    | aps             | GET    200    19.5ms /api/processes/?page=1&page_size=10
2026-05-26 13:15:31 | INFO    | aps             | GET    200    20.3ms /api/production-resources/?page=1&page_size=1000
2026-05-26 13:15:31 | INFO    | aps             | GET    200     7.4ms /api/processes/?page=1&page_size=10
2026-05-26 13:15:31 | INFO    | aps             | GET    200     7.7ms /api/production-resources/?page=1&page_size=1000
2026-05-26 13:15:31 | INFO    | aps             | GET    307     0.5ms /api/materials?page=1&page_size=1000
2026-05-26 13:15:31 | INFO    | aps             | GET    307     0.0ms /api/materials?page=1&page_size=1000
2026-05-26 13:15:31 | INFO    | aps             | GET    200     5.5ms /api/materials/?page=1&page_size=1000
2026-05-26 13:15:31 | INFO    | aps             | GET    200     7.5ms /api/materials/?page=1&page_size=1000
2026-05-26 13:15:32 | INFO    | aps             | GET    307     0.0ms /api/production-resources?page=1&page_size=10
2026-05-26 13:15:32 | INFO    | aps             | GET    307     0.0ms /api/production-resources?page=1&page_size=10
2026-05-26 13:15:32 | INFO    | aps             | GET    200     8.1ms /api/production-resources/?page=1&page_size=10
2026-05-26 13:15:32 | INFO    | aps             | GET    200     8.2ms /api/production-resources/?page=1&page_size=10
2026-05-26 13:15:33 | INFO    | aps             | GET    307     0.0ms /api/manufacture-boms?page=1&page_size=10
2026-05-26 13:15:33 | INFO    | aps             | GET    307     2.0ms /api/materials?page=1&page_size=1000
2026-05-26 13:15:33 | INFO    | aps             | GET    307     0.0ms /api/manufacture-boms?page=1&page_size=10
2026-05-26 13:15:33 | INFO    | aps             | GET    307     0.0ms /api/materials?page=1&page_size=1000
2026-05-26 13:15:33 | INFO    | aps             | GET    200     9.4ms /api/manufacture-boms/?page=1&page_size=10
2026-05-26 13:15:33 | INFO    | aps             | GET    200    16.7ms /api/materials/?page=1&page_size=1000
2026-05-26 13:15:33 | INFO    | aps             | GET    200     8.0ms /api/manufacture-boms/?page=1&page_size=10
2026-05-26 13:15:33 | INFO    | aps             | GET    200     6.4ms /api/materials/?page=1&page_size=1000
2026-05-26 13:15:34 | INFO    | aps             | GET    307     0.0ms /api/incoming-material-orders?page=1&page_size=10
2026-05-26 13:15:34 | INFO    | aps             | GET    307     1.1ms /api/materials?page=1&page_size=1000
2026-05-26 13:15:34 | INFO    | aps             | GET    307     0.0ms /api/incoming-material-orders?page=1&page_size=10
2026-05-26 13:15:34 | INFO    | aps             | GET    307     0.7ms /api/materials?page=1&page_size=1000
2026-05-26 13:15:34 | INFO    | aps             | GET    200    14.8ms /api/incoming-material-orders/?page=1&page_size=10
2026-05-26 13:15:34 | INFO    | aps             | GET    200    16.2ms /api/materials/?page=1&page_size=1000
2026-05-26 13:15:34 | INFO    | aps             | GET    200    50.7ms /api/incoming-material-orders/?page=1&page_size=10
2026-05-26 13:15:34 | INFO    | aps             | GET    200    73.9ms /api/materials/?page=1&page_size=1000
2026-05-26 13:15:34 | INFO    | aps             | GET    200     6.1ms /api/work-modes?page=1&page_size=10
2026-05-26 13:15:34 | INFO    | aps             | GET    200     4.0ms /api/work-modes?page=1&page_size=10
2026-05-26 13:15:36 | INFO    | aps             | GET    307     0.6ms /api/production-orders?page=1&page_size=10
2026-05-26 13:15:36 | INFO    | aps             | GET    307     3.0ms /api/materials?page=1&page_size=1000
2026-05-26 13:15:36 | INFO    | aps             | GET    307     0.0ms /api/production-orders?page=1&page_size=10
2026-05-26 13:15:36 | INFO    | aps             | GET    307     1.0ms /api/materials?page=1&page_size=1000
2026-05-26 13:15:36 | INFO    | aps             | GET    200    10.3ms /api/production-orders/?page=1&page_size=10
2026-05-26 13:15:36 | INFO    | aps             | GET    200    11.0ms /api/materials/?page=1&page_size=1000
2026-05-26 13:15:36 | INFO    | aps             | GET    200    10.2ms /api/production-orders/?page=1&page_size=10
2026-05-26 13:15:36 | INFO    | aps             | GET    200     8.0ms /api/materials/?page=1&page_size=1000
2026-05-26 13:15:42 | INFO    | aps             | DELETE 204    14.4ms /api/production-orders/6b0d1cccae914b8ba2878ddf03348c96
2026-05-26 13:15:42 | INFO    | aps             | GET    307     0.5ms /api/production-orders?page=1&page_size=10
2026-05-26 13:15:43 | INFO    | aps             | GET    200     4.8ms /api/production-orders/?page=1&page_size=10
2026-05-26 13:15:47 | INFO    | aps             | DELETE 204    18.9ms /api/production-orders/6d0ef09caf404e7297356e67fedc0d25
2026-05-26 13:15:47 | INFO    | aps             | GET    307     0.0ms /api/production-orders?page=1&page_size=10
2026-05-26 13:15:47 | INFO    | aps             | GET    200     5.1ms /api/production-orders/?page=1&page_size=10
2026-05-26 13:15:48 | INFO    | aps             | DELETE 204    16.9ms /api/production-orders/84d7e83f0a784842bc8346d2caedcb32
2026-05-26 13:15:48 | INFO    | aps             | GET    307     0.0ms /api/production-orders?page=1&page_size=10
2026-05-26 13:15:48 | INFO    | aps             | GET    200     6.5ms /api/production-orders/?page=1&page_size=10
2026-05-26 13:15:49 | INFO    | aps             | DELETE 204    18.9ms /api/production-orders/9414f1d8706d4d3bbbdd1b8f9f6f6c8f
2026-05-26 13:15:49 | INFO    | aps             | GET    307     1.0ms /api/production-orders?page=1&page_size=10
2026-05-26 13:15:49 | INFO    | aps             | GET    200     4.6ms /api/production-orders/?page=1&page_size=10
2026-05-26 13:17:33 | INFO    | aps             | GET    307     0.0ms /api/planning-strategies?page=1&page_size=10
2026-05-26 13:17:33 | INFO    | aps             | GET    200     6.3ms /api/planning-strategies/scheduling-rule/options
2026-05-26 13:17:33 | INFO    | aps             | GET    307     1.0ms /api/planning-strategies?page=1&page_size=10
2026-05-26 13:17:33 | INFO    | aps             | GET    200     1.3ms /api/planning-strategies/scheduling-rule/options
2026-05-26 13:17:34 | INFO    | aps             | GET    200     7.2ms /api/planning-strategies/?page=1&page_size=10
2026-05-26 13:17:34 | INFO    | aps             | GET    200     9.2ms /api/planning-strategies/?page=1&page_size=10
2026-05-26 13:17:34 | INFO    | aps             | GET    307     0.0ms /api/materials?page=1&page_size=1000
2026-05-26 13:17:34 | INFO    | aps             | GET    307     3.9ms /api/production-orders?page=1&page_size=10
2026-05-26 13:17:34 | INFO    | aps             | GET    307     0.0ms /api/materials?page=1&page_size=1000
2026-05-26 13:17:34 | INFO    | aps             | GET    307     0.0ms /api/production-orders?page=1&page_size=10
2026-05-26 13:17:34 | INFO    | aps             | GET    200    10.7ms /api/materials/?page=1&page_size=1000
2026-05-26 13:17:34 | INFO    | aps             | GET    200     5.0ms /api/production-orders/?page=1&page_size=10
2026-05-26 13:17:34 | INFO    | aps             | GET    200     6.9ms /api/materials/?page=1&page_size=1000
2026-05-26 13:17:34 | INFO    | aps             | GET    200     6.7ms /api/production-orders/?page=1&page_size=10
2026-05-26 13:17:35 | INFO    | aps             | GET    307     1.0ms /api/planning-strategies?page=1&page_size=100
2026-05-26 13:17:35 | INFO    | aps             | GET    307     2.0ms /api/production-orders?page=1&page_size=1000
2026-05-26 13:17:35 | INFO    | aps             | GET    307     1.5ms /api/planning-strategies?page=1&page_size=100
2026-05-26 13:17:35 | INFO    | aps             | GET    307     3.5ms /api/production-orders?page=1&page_size=1000
2026-05-26 13:17:35 | INFO    | aps             | GET    200    12.6ms /api/planning-strategies/?page=1&page_size=100
2026-05-26 13:17:35 | INFO    | aps             | GET    200    14.6ms /api/production-orders/?page=1&page_size=1000
2026-05-26 13:17:35 | INFO    | aps             | GET    200     7.4ms /api/production-orders/?page=1&page_size=1000
2026-05-26 13:17:35 | INFO    | aps             | GET    200    10.4ms /api/planning-strategies/?page=1&page_size=100
2026-05-26 13:17:39 | INFO    | aps             | GET    307     1.3ms /api/production-orders?page=1&page_size=1000
2026-05-26 13:17:39 | INFO    | aps             | GET    200     6.2ms /api/production-orders/?page=1&page_size=1000
2026-05-26 13:17:50 | INFO    | aps             | GET    307     3.1ms /api/planning-strategies?page=1&page_size=100
2026-05-26 13:17:50 | INFO    | aps             | GET    307     2.6ms /api/production-orders?page=1&page_size=1000
2026-05-26 13:17:50 | INFO    | aps             | GET    307     1.0ms /api/planning-strategies?page=1&page_size=100
2026-05-26 13:17:50 | INFO    | aps             | GET    307     1.6ms /api/production-orders?page=1&page_size=1000
2026-05-26 13:17:50 | INFO    | aps             | GET    200    10.1ms /api/planning-strategies/?page=1&page_size=100
2026-05-26 13:17:50 | INFO    | aps             | GET    200    11.7ms /api/production-orders/?page=1&page_size=1000
2026-05-26 13:17:50 | INFO    | aps             | GET    200    13.0ms /api/planning-strategies/?page=1&page_size=100
2026-05-26 13:17:50 | INFO    | aps             | GET    200     9.1ms /api/production-orders/?page=1&page_size=1000
2026-05-26 13:17:58 | INFO    | aps             | GET    307     0.5ms /api/production-orders?page=1&page_size=1000
2026-05-26 13:17:58 | INFO    | aps             | GET    200     5.5ms /api/production-orders/?page=1&page_size=1000
2026-05-26 13:18:23 | INFO    | aps             | 数据库表已就绪
2026-05-26 13:19:45 | INFO    | aps             | GET    307     0.0ms /api/planning-strategies?page=1&page_size=100
2026-05-26 13:19:45 | INFO    | aps             | GET    307     3.5ms /api/production-orders?page=1&page_size=1000
2026-05-26 13:19:45 | INFO    | aps             | GET    307     1.5ms /api/production-orders?page=1&page_size=1000
2026-05-26 13:19:45 | INFO    | aps             | GET    307     1.6ms /api/planning-strategies?page=1&page_size=100
2026-05-26 13:19:46 | INFO    | aps             | GET    200    74.8ms /api/planning-strategies/?page=1&page_size=100
2026-05-26 13:19:46 | INFO    | aps             | GET    200    10.2ms /api/planning-strategies/?page=1&page_size=100
2026-05-26 13:19:46 | INFO    | aps             | GET    200    98.0ms /api/production-orders/?page=1&page_size=1000
2026-05-26 13:19:46 | INFO    | aps             | GET    200     5.5ms /api/production-orders/?page=1&page_size=1000
2026-05-26 13:21:16 | INFO    | aps             | GET    307     0.0ms /api/production-orders?page=1&page_size=1000
2026-05-26 13:21:16 | INFO    | aps             | GET    307     0.0ms /api/production-orders?page=1&page_size=1000
2026-05-26 13:21:16 | INFO    | aps             | GET    307     0.0ms /api/production-orders?page=1&page_size=1000
2026-05-26 13:21:16 | INFO    | aps             | GET    200     5.5ms /api/production-orders/?page=1&page_size=1000
2026-05-26 13:21:16 | INFO    | aps             | GET    200     8.3ms /api/production-orders/?page=1&page_size=1000
2026-05-26 13:21:16 | INFO    | aps             | GET    200     5.3ms /api/production-orders/?page=1&page_size=1000
2026-05-26 13:21:19 | INFO    | aps             | GET    307     0.8ms /api/production-orders?page=1&page_size=1000
2026-05-26 13:21:19 | INFO    | aps             | GET    307     0.6ms /api/production-orders?page=1&page_size=1000
2026-05-26 13:21:19 | INFO    | aps             | GET    200     8.2ms /api/production-orders/?page=1&page_size=1000
2026-05-26 13:21:19 | INFO    | aps             | GET    200     4.8ms /api/production-orders/?page=1&page_size=1000
2026-05-26 13:21:21 | INFO    | aps             | GET    307     0.5ms /api/production-orders?page=1&page_size=1000
2026-05-26 13:21:21 | INFO    | aps             | GET    307     1.0ms /api/production-orders?page=1&page_size=1000
2026-05-26 13:21:21 | INFO    | aps             | GET    200     7.1ms /api/production-orders/?page=1&page_size=1000
2026-05-26 13:21:21 | INFO    | aps             | GET    200     7.7ms /api/production-orders/?page=1&page_size=1000
2026-05-26 13:22:55 | INFO    | aps             | GET    307     0.9ms /api/production-orders?page=1&page_size=1000
2026-05-26 13:22:55 | INFO    | aps             | GET    307     2.2ms /api/planning-strategies?page=1&page_size=100
2026-05-26 13:22:55 | INFO    | aps             | GET    307     0.8ms /api/production-orders?page=1&page_size=1000
2026-05-26 13:22:55 | INFO    | aps             | GET    307     2.7ms /api/planning-strategies?page=1&page_size=100
2026-05-26 13:22:55 | INFO    | aps             | GET    200     8.3ms /api/planning-strategies/?page=1&page_size=100
2026-05-26 13:22:55 | INFO    | aps             | GET    200    10.5ms /api/production-orders/?page=1&page_size=1000
2026-05-26 13:22:55 | INFO    | aps             | GET    200     7.0ms /api/production-orders/?page=1&page_size=1000
2026-05-26 13:22:55 | INFO    | aps             | GET    200    10.5ms /api/planning-strategies/?page=1&page_size=100
2026-05-26 13:22:55 | INFO    | aps             | GET    307     0.0ms /api/production-orders?page=1&page_size=1000
2026-05-26 13:22:55 | INFO    | aps             | GET    307     1.0ms /api/production-orders?page=1&page_size=1000
2026-05-26 13:22:55 | INFO    | aps             | GET    200     8.0ms /api/production-orders/?page=1&page_size=1000
2026-05-26 13:22:55 | INFO    | aps             | GET    200     5.4ms /api/production-orders/?page=1&page_size=1000
2026-05-26 13:22:56 | INFO    | aps             | GET    307     0.5ms /api/production-orders?page=1&page_size=1000
2026-05-26 13:22:56 | INFO    | aps             | GET    307     1.5ms /api/planning-strategies?page=1&page_size=100
2026-05-26 13:22:56 | INFO    | aps             | GET    307     0.4ms /api/production-orders?page=1&page_size=1000
2026-05-26 13:22:56 | INFO    | aps             | GET    307     0.5ms /api/planning-strategies?page=1&page_size=100
2026-05-26 13:22:56 | INFO    | aps             | GET    200    11.8ms /api/production-orders/?page=1&page_size=1000
2026-05-26 13:22:56 | INFO    | aps             | GET    200    13.9ms /api/planning-strategies/?page=1&page_size=100
2026-05-26 13:22:56 | INFO    | aps             | GET    200    55.4ms /api/production-orders/?page=1&page_size=1000
2026-05-26 13:22:56 | INFO    | aps             | GET    200    97.7ms /api/planning-strategies/?page=1&page_size=100
2026-05-26 13:22:59 | INFO    | aps             | POST   200   185.8ms /api/schedule
2026-05-26 13:23:23 | INFO    | aps             | POST   200   155.2ms /api/schedule
2026-05-26 13:24:23 | INFO    | aps             | GET    307     1.0ms /api/planning-strategies?page=1&page_size=100
2026-05-26 13:24:23 | INFO    | aps             | GET    307     2.7ms /api/production-orders?page=1&page_size=1000
2026-05-26 13:24:23 | INFO    | aps             | GET    307     1.5ms /api/planning-strategies?page=1&page_size=100
2026-05-26 13:24:23 | INFO    | aps             | GET    307     1.0ms /api/production-orders?page=1&page_size=1000
2026-05-26 13:24:23 | INFO    | aps             | GET    200     8.4ms /api/production-orders/?page=1&page_size=1000
2026-05-26 13:24:23 | INFO    | aps             | GET    200    11.7ms /api/planning-strategies/?page=1&page_size=100
2026-05-26 13:24:24 | INFO    | aps             | GET    200     7.3ms /api/production-orders/?page=1&page_size=1000
2026-05-26 13:24:24 | INFO    | aps             | GET    200     6.2ms /api/planning-strategies/?page=1&page_size=100
2026-05-26 13:24:30 | INFO    | aps             | GET    307     1.0ms /api/manufacture-boms?page=1&page_size=10
2026-05-26 13:24:30 | INFO    | aps             | GET    307     1.5ms /api/materials?page=1&page_size=1000
2026-05-26 13:24:30 | INFO    | aps             | GET    307     1.5ms /api/manufacture-boms?page=1&page_size=10
2026-05-26 13:24:30 | INFO    | aps             | GET    307     4.4ms /api/materials?page=1&page_size=1000
2026-05-26 13:24:30 | INFO    | aps             | GET    200    18.8ms /api/manufacture-boms/?page=1&page_size=10
2026-05-26 13:24:30 | INFO    | aps             | GET    200    21.8ms /api/materials/?page=1&page_size=1000
2026-05-26 13:24:30 | INFO    | aps             | GET    200     9.7ms /api/manufacture-boms/?page=1&page_size=10
2026-05-26 13:24:30 | INFO    | aps             | GET    200     7.6ms /api/materials/?page=1&page_size=1000
2026-05-26 13:24:31 | INFO    | aps             | GET    307     1.0ms /api/production-orders?page=1&page_size=10
2026-05-26 13:24:31 | INFO    | aps             | GET    307     1.0ms /api/materials?page=1&page_size=1000
2026-05-26 13:24:31 | INFO    | aps             | GET    307     0.0ms /api/production-orders?page=1&page_size=10
2026-05-26 13:24:31 | INFO    | aps             | GET    307     0.5ms /api/materials?page=1&page_size=1000
2026-05-26 13:24:31 | INFO    | aps             | GET    200     8.8ms /api/materials/?page=1&page_size=1000
2026-05-26 13:24:31 | INFO    | aps             | GET    200    11.0ms /api/production-orders/?page=1&page_size=10
2026-05-26 13:24:31 | INFO    | aps             | GET    200    10.1ms /api/materials/?page=1&page_size=1000
2026-05-26 13:24:31 | INFO    | aps             | GET    200    11.9ms /api/production-orders/?page=1&page_size=10
2026-05-26 13:24:47 | INFO    | aps             | POST   307     1.1ms /api/production-orders
2026-05-26 13:24:47 | INFO    | aps             | OPTIONS 200     0.0ms /api/production-orders/
2026-05-26 13:24:47 | INFO    | aps             | POST   201    22.9ms /api/production-orders/
2026-05-26 13:24:47 | INFO    | aps             | GET    307     0.0ms /api/production-orders?page=1&page_size=10
2026-05-26 13:24:47 | INFO    | aps             | GET    200     6.5ms /api/production-orders/?page=1&page_size=10
2026-05-26 13:25:10 | INFO    | aps             | POST   307     0.0ms /api/production-orders
2026-05-26 13:25:10 | INFO    | aps             | POST   201    20.9ms /api/production-orders/
2026-05-26 13:25:10 | INFO    | aps             | GET    307     0.0ms /api/production-orders?page=1&page_size=10
2026-05-26 13:25:10 | INFO    | aps             | GET    200     6.4ms /api/production-orders/?page=1&page_size=10
2026-05-26 13:25:13 | INFO    | aps             | GET    307     1.5ms /api/planning-strategies?page=1&page_size=100
2026-05-26 13:25:13 | INFO    | aps             | GET    307     3.4ms /api/production-orders?page=1&page_size=1000
2026-05-26 13:25:13 | INFO    | aps             | GET    307     3.1ms /api/planning-strategies?page=1&page_size=100
2026-05-26 13:25:13 | INFO    | aps             | GET    307     0.0ms /api/production-orders?page=1&page_size=1000
2026-05-26 13:25:13 | INFO    | aps             | GET    200    13.3ms /api/planning-strategies/?page=1&page_size=100
2026-05-26 13:25:13 | INFO    | aps             | GET    200    15.3ms /api/production-orders/?page=1&page_size=1000
2026-05-26 13:25:13 | INFO    | aps             | GET    200     9.5ms /api/planning-strategies/?page=1&page_size=100
2026-05-26 13:25:13 | INFO    | aps             | GET    200    10.6ms /api/production-orders/?page=1&page_size=1000
2026-05-26 13:25:15 | INFO    | aps             | POST   200     9.2ms /api/smart-scheduling/generate
2026-05-26 13:25:15 | INFO    | aps.solve       | 开始排产: strategy=90a48e5ab9ba41b9a78817974a59f635, 可排产订单数=2
2026-05-26 13:25:15 | INFO    | aps.mrp         | 处理订单: code=D001 material_code=C001 quantity=2000
2026-05-26 13:25:15 | INFO    | aps.mrp         |   匹配物料: id=fadbc868875f4c2a8f909a960d19f269 code=C001 name=紫晶装备 source=PRODUCED
2026-05-26 13:25:15 | INFO    | aps.mrp         |   BOM子件数=1, 可用库存=1000
2026-05-26 13:25:15 | INFO    | aps.mrp         |   订单物料 C001 加入DAG, 需求量=2000
2026-05-26 13:25:15 | INFO    | aps.mrp         | 处理订单: code=D002 material_code=C001 quantity=3000
2026-05-26 13:25:15 | INFO    | aps.mrp         |   匹配物料: id=fadbc868875f4c2a8f909a960d19f269 code=C001 name=紫晶装备 source=PRODUCED
2026-05-26 13:25:15 | INFO    | aps.mrp         |   BOM子件数=1, 可用库存=1000
2026-05-26 13:25:15 | INFO    | aps.solve       | MRP完成: 缺料DAG节点数=2, 补充订单数=2
2026-05-26 13:25:15 | INFO    | aps.task_gen    | 缺料DAG: 2个节点, 1条边
2026-05-26 13:25:15 | INFO    | aps.task_gen    |   DAG节点: material=C001(fadbc868875f4c2a8f909a960d19f269) source=PRODUCED demand=5000.00 orders={'283234fdec2d4a26a5cc65932a2e3b2c': 2000.0, '2fc77e30d6bd44b3bd76d3ce3e1b8c58': 3000.0}
2026-05-26 13:25:15 | INFO    | aps.task_gen    |   DAG节点: material=W001(5a5959f29f6643129210ee4dbcebf84f) source=PRODUCED demand=4000.00 orders={'283234fdec2d4a26a5cc65932a2e3b2c': 1000.0, '2fc77e30d6bd44b3bd76d3ce3e1b8c58': 3000.0}
2026-05-26 13:25:15 | INFO    | aps.task_gen    | 拓扑排序后物料顺序 (2): ['5a5959f29f6643129210ee4dbcebf84f', 'fadbc868875f4c2a8f909a960d19f269']
2026-05-26 13:25:15 | INFO    | aps.task_gen    |   工序 G002: 从数据库刷新主资源=['af35d6ac']
2026-05-26 13:25:15 | INFO    | aps.task_gen    |   工序 G002: 从数据库刷新主资源=['af35d6ac']
2026-05-26 13:25:15 | INFO    | aps.task_gen    |   工序 G001: 从数据库刷新主资源=['579a3c2c', '9632c720']
2026-05-26 13:25:15 | INFO    | aps.task_gen    |   工序 G001: 从数据库刷新主资源=['579a3c2c', '9632c720']
2026-05-26 13:25:15 | INFO    | aps.task_gen    | 任务生成完成: 共生成 4 个任务, 4 个订单关联记录
2026-05-26 13:25:15 | INFO    | aps.solve       | 求解准备: 任务数=4, 资源数=3
2026-05-26 13:25:15 | INFO    | aps.solve       |   资源: id=579a3c2c code=Z001 name=装备压铸机 status=NORMAL throughput=10/H group=None
2026-05-26 13:25:15 | INFO    | aps.solve       |   资源: id=9632c720 code=Z002 name=装备压铸机 status=NORMAL throughput=10/H group=None
2026-05-26 13:25:15 | INFO    | aps.solve       |   资源: id=af35d6ac code=Z003 name=零件打磨机 status=NORMAL throughput=20/H group=None
2026-05-26 13:25:15 | INFO    | aps.solve       | 工作日历已加载: 1个日历, 1个工作模式
2026-05-26 13:25:15 | INFO    | aps.scheduler   |   任务 TASK-D001-G002-1(G002): qty=1000, 资源=1个, 工期=['3000']分
2026-05-26 13:25:15 | INFO    | aps.scheduler   |   任务 TASK-D002-G002-1(G002): qty=3000, 资源=1个, 工期=['9000']分
2026-05-26 13:25:15 | INFO    | aps.scheduler   |   任务 TASK-D001-G001-2(G001): qty=2000, 资源=2个, 工期=['12000', '12000']分
2026-05-26 13:25:15 | INFO    | aps.scheduler   |   任务 TASK-D002-G001-2(G001): qty=3000, 资源=2个, 工期=['18000', '18000']分
2026-05-26 13:25:15 | INFO    | aps.scheduler   | 工作日历已激活，求解器将基于工作分钟空间建模
2026-05-26 13:25:15 | INFO    | aps.scheduler   | 构建CP模型: 总任务=4, 跳过=0, 有效=4, 资源=3
2026-05-26 13:25:15 | INFO    | aps.scheduler   | 工作分钟空间: horizon=64440分(1074.0工时), 总工时=42000分
2026-05-26 13:25:15 | INFO    | aps.scheduler   |   求解结果 - TASK-D001-G002-1 -> 零件打磨机(Z003) offset=0 dur=3000
2026-05-26 13:25:15 | INFO    | aps.scheduler   |   求解结果 - TASK-D002-G002-1 -> 零件打磨机(Z003) offset=3000 dur=9000
2026-05-26 13:25:15 | INFO    | aps.scheduler   |   求解结果 - TASK-D001-G001-2 -> 装备压铸机(Z002) offset=3000 dur=12000
2026-05-26 13:25:15 | INFO    | aps.scheduler   |   求解结果 - TASK-D002-G001-2 -> 装备压铸机(Z001) offset=12000 dur=18000
2026-05-26 13:25:15 | INFO    | aps.solve       | 资源分配结果: {'TASK-D001-G002-1': '零件打磨机', 'TASK-D002-G002-1': '零件打磨机', 'TASK-D001-G001-2': '装备压铸机', 'TASK-D002-G001-2': '装备压铸机'}
2026-05-26 13:25:17 | INFO    | aps             | GET    200     1.6ms /api/smart-scheduling/plan/progress?task_id=c2c688bc26bb474b80c93c674474f158
2026-05-26 13:25:18 | INFO    | aps             | POST   200    27.4ms /api/smart-scheduling/preview/plan/resource/gantt
2026-05-26 13:25:18 | INFO    | aps             | POST   200    30.7ms /api/smart-scheduling/preview/plan/tasks
2026-05-26 13:25:22 | INFO    | aps             | POST   200    33.2ms /api/smart-scheduling/plan/pending/confirm
2026-05-26 13:25:24 | INFO    | aps             | GET    307     0.0ms /api/production-orders?page=1&page_size=1000
2026-05-26 13:25:24 | INFO    | aps             | GET    307     0.0ms /api/production-orders?page=1&page_size=1000
2026-05-26 13:25:24 | INFO    | aps             | GET    200    10.1ms /api/production-orders/?page=1&page_size=1000
2026-05-26 13:25:24 | INFO    | aps             | GET    200     6.9ms /api/production-orders/?page=1&page_size=1000
2026-05-26 13:25:25 | INFO    | aps             | POST   200    21.5ms /api/smart-scheduling/plan/resource/gantt
2026-05-26 13:25:25 | INFO    | aps             | GET    200    28.7ms /api/smart-scheduling/plan/tasks?page=1&page_size=10&order_id=283234fdec2d4a26a5cc65932a2e3b2c
2026-05-26 13:25:54 | INFO    | aps             | GET    307     1.7ms /api/planning-strategies?page=1&page_size=100
2026-05-26 13:25:54 | INFO    | aps             | GET    307     3.0ms /api/production-orders?page=1&page_size=1000
2026-05-26 13:25:54 | INFO    | aps             | GET    307     2.0ms /api/planning-strategies?page=1&page_size=100
2026-05-26 13:25:54 | INFO    | aps             | GET    307     2.5ms /api/production-orders?page=1&page_size=1000
2026-05-26 13:25:54 | INFO    | aps             | GET    200    11.5ms /api/planning-strategies/?page=1&page_size=100
2026-05-26 13:25:54 | INFO    | aps             | GET    200    11.5ms /api/production-orders/?page=1&page_size=1000
2026-05-26 13:25:54 | INFO    | aps             | GET    200     7.7ms /api/production-orders/?page=1&page_size=1000
2026-05-26 13:25:54 | INFO    | aps             | GET    200    10.5ms /api/planning-strategies/?page=1&page_size=100
2026-05-26 13:25:56 | INFO    | aps             | POST   200     4.5ms /api/smart-scheduling/generate
2026-05-26 13:25:56 | INFO    | aps.solve       | 开始排产: strategy=90a48e5ab9ba41b9a78817974a59f635, 可排产订单数=4
2026-05-26 13:25:56 | INFO    | aps.mrp         | 处理订单: code=D001 material_code=C001 quantity=2000
2026-05-26 13:25:56 | INFO    | aps.mrp         |   匹配物料: id=fadbc868875f4c2a8f909a960d19f269 code=C001 name=紫晶装备 source=PRODUCED
2026-05-26 13:25:56 | INFO    | aps.mrp         |   BOM子件数=1, 可用库存=1000
2026-05-26 13:25:56 | INFO    | aps.mrp         |   订单物料 C001 加入DAG, 需求量=2000
2026-05-26 13:25:56 | INFO    | aps.mrp         | 处理订单: code=D002 material_code=C001 quantity=3000
2026-05-26 13:25:56 | INFO    | aps.mrp         |   匹配物料: id=fadbc868875f4c2a8f909a960d19f269 code=C001 name=紫晶装备 source=PRODUCED
2026-05-26 13:25:56 | INFO    | aps.mrp         |   BOM子件数=1, 可用库存=1000
2026-05-26 13:25:56 | INFO    | aps.mrp         | 处理订单: code=SUP-D002-W001 material_code=W001 quantity=2000
2026-05-26 13:25:56 | INFO    | aps.mrp         |   匹配物料: id=5a5959f29f6643129210ee4dbcebf84f code=W001 name=紫晶零件 source=PRODUCED
2026-05-26 13:25:56 | INFO    | aps.mrp         |   BOM子件数=1, 可用库存=1000
2026-05-26 13:25:56 | INFO    | aps.mrp         | 处理订单: code=SUP-D001-W001 material_code=W001 quantity=1000
2026-05-26 13:25:56 | INFO    | aps.mrp         |   匹配物料: id=5a5959f29f6643129210ee4dbcebf84f code=W001 name=紫晶零件 source=PRODUCED
2026-05-26 13:25:56 | INFO    | aps.mrp         |   BOM子件数=1, 可用库存=1000
2026-05-26 13:25:56 | INFO    | aps.solve       | MRP完成: 缺料DAG节点数=2, 补充订单数=2
2026-05-26 13:25:56 | INFO    | aps.task_gen    | 缺料DAG: 2个节点, 1条边
2026-05-26 13:25:56 | INFO    | aps.task_gen    |   DAG节点: material=C001(fadbc868875f4c2a8f909a960d19f269) source=PRODUCED demand=5000.00 orders={'283234fdec2d4a26a5cc65932a2e3b2c': 2000.0, '2fc77e30d6bd44b3bd76d3ce3e1b8c58': 3000.0}
2026-05-26 13:25:56 | INFO    | aps.task_gen    |   DAG节点: material=W001(5a5959f29f6643129210ee4dbcebf84f) source=PRODUCED demand=7000.00 orders={'283234fdec2d4a26a5cc65932a2e3b2c': 1000.0, '2fc77e30d6bd44b3bd76d3ce3e1b8c58': 3000.0, 'b6988cbbca9849128a859b01c6136863': 2000.0, 'd27e4a1e9b864e46aadf71b8b1016836': 1000.0}
2026-05-26 13:25:56 | INFO    | aps.task_gen    | 拓扑排序后物料顺序 (2): ['5a5959f29f6643129210ee4dbcebf84f', 'fadbc868875f4c2a8f909a960d19f269']
2026-05-26 13:25:56 | INFO    | aps.task_gen    |   工序 G002: 从数据库刷新主资源=['af35d6ac']
2026-05-26 13:25:56 | INFO    | aps.task_gen    |   工序 G002: 从数据库刷新主资源=['af35d6ac']
2026-05-26 13:25:56 | INFO    | aps.task_gen    |   工序 G001: 从数据库刷新主资源=['579a3c2c', '9632c720']
2026-05-26 13:25:56 | INFO    | aps.task_gen    |   工序 G001: 从数据库刷新主资源=['579a3c2c', '9632c720']
2026-05-26 13:25:56 | INFO    | aps.task_gen    | 任务生成完成: 共生成 4 个任务, 4 个订单关联记录
2026-05-26 13:25:56 | INFO    | aps.solve       | 求解准备: 任务数=4, 资源数=3
2026-05-26 13:25:56 | INFO    | aps.solve       |   资源: id=579a3c2c code=Z001 name=装备压铸机 status=NORMAL throughput=10/H group=None
2026-05-26 13:25:56 | INFO    | aps.solve       |   资源: id=9632c720 code=Z002 name=装备压铸机 status=NORMAL throughput=10/H group=None
2026-05-26 13:25:56 | INFO    | aps.solve       |   资源: id=af35d6ac code=Z003 name=零件打磨机 status=NORMAL throughput=20/H group=None
2026-05-26 13:25:56 | INFO    | aps.solve       | 工作日历已加载: 1个日历, 1个工作模式
2026-05-26 13:25:56 | INFO    | aps.scheduler   |   任务 TASK-D001-G002-1(G002): qty=1000, 资源=1个, 工期=['3000']分
2026-05-26 13:25:56 | INFO    | aps.scheduler   |   任务 TASK-D002-G002-1(G002): qty=3000, 资源=1个, 工期=['9000']分
2026-05-26 13:25:56 | INFO    | aps.scheduler   |   任务 TASK-D001-G001-2(G001): qty=2000, 资源=2个, 工期=['12000', '12000']分
2026-05-26 13:25:56 | INFO    | aps.scheduler   |   任务 TASK-D002-G001-2(G001): qty=3000, 资源=2个, 工期=['18000', '18000']分
2026-05-26 13:25:56 | INFO    | aps.scheduler   | 工作日历已激活，求解器将基于工作分钟空间建模
2026-05-26 13:25:56 | INFO    | aps.scheduler   | 构建CP模型: 总任务=4, 跳过=0, 有效=4, 资源=3
2026-05-26 13:25:56 | INFO    | aps.scheduler   | 工作分钟空间: horizon=64440分(1074.0工时), 总工时=42000分
2026-05-26 13:25:56 | INFO    | aps.scheduler   |   求解结果 - TASK-D001-G002-1 -> 零件打磨机(Z003) offset=0 dur=3000
2026-05-26 13:25:56 | INFO    | aps.scheduler   |   求解结果 - TASK-D002-G002-1 -> 零件打磨机(Z003) offset=3000 dur=9000
2026-05-26 13:25:56 | INFO    | aps.scheduler   |   求解结果 - TASK-D001-G001-2 -> 装备压铸机(Z002) offset=3000 dur=12000
2026-05-26 13:25:56 | INFO    | aps.scheduler   |   求解结果 - TASK-D002-G001-2 -> 装备压铸机(Z001) offset=12000 dur=18000
2026-05-26 13:25:56 | INFO    | aps.solve       | 资源分配结果: {'TASK-D001-G002-1': '零件打磨机', 'TASK-D002-G002-1': '零件打磨机', 'TASK-D001-G001-2': '装备压铸机', 'TASK-D002-G001-2': '装备压铸机'}
2026-05-26 13:25:58 | INFO    | aps             | GET    200     0.7ms /api/smart-scheduling/plan/progress?task_id=3ee6e4cf382f49c2a8259b25023d5f7c
2026-05-26 13:25:58 | INFO    | aps             | POST   200    13.3ms /api/smart-scheduling/preview/plan/resource/gantt
2026-05-26 13:25:58 | INFO    | aps             | POST   200    16.3ms /api/smart-scheduling/preview/plan/tasks
2026-05-26 13:26:06 | INFO    | aps             | POST   200    37.8ms /api/smart-scheduling/plan/pending/confirm
2026-05-26 13:26:08 | INFO    | aps             | GET    307     0.0ms /api/production-orders?page=1&page_size=1000
2026-05-26 13:26:08 | INFO    | aps             | GET    307     0.0ms /api/production-orders?page=1&page_size=1000
2026-05-26 13:26:09 | INFO    | aps             | GET    200     9.1ms /api/production-orders/?page=1&page_size=1000
2026-05-26 13:26:09 | INFO    | aps             | GET    200     7.4ms /api/production-orders/?page=1&page_size=1000
2026-05-26 13:26:12 | INFO    | aps             | GET    200    17.3ms /api/smart-scheduling/plan/tasks?page=1&page_size=10&order_id=283234fdec2d4a26a5cc65932a2e3b2c
2026-05-26 13:26:12 | INFO    | aps             | POST   200    21.5ms /api/smart-scheduling/plan/resource/gantt
2026-05-26 13:29:16 | INFO    | aps             | GET    307    13.0ms /api/production-orders?page=1&page_size=1000
2026-05-26 13:29:16 | INFO    | aps             | POST   200    25.5ms /api/smart-scheduling/plan/resource/gantt
2026-05-26 13:29:16 | INFO    | aps             | GET    200    28.3ms /api/smart-scheduling/plan/tasks?page=1&page_size=10
2026-05-26 13:29:16 | INFO    | aps             | GET    200     9.4ms /api/production-orders/?page=1&page_size=1000
2026-05-26 13:29:49 | INFO    | aps             | 数据库表已就绪
2026-05-26 13:30:06 | INFO    | aps             | POST   200    35.5ms /api/smart-scheduling/plan/clear
2026-05-26 13:30:09 | INFO    | aps             | GET    307     1.7ms /api/production-orders?page=1&page_size=10
2026-05-26 13:30:09 | INFO    | aps             | GET    307     3.8ms /api/materials?page=1&page_size=1000
2026-05-26 13:30:09 | INFO    | aps             | GET    307     0.0ms /api/production-orders?page=1&page_size=10
2026-05-26 13:30:09 | INFO    | aps             | GET    307     0.6ms /api/materials?page=1&page_size=1000
2026-05-26 13:30:10 | INFO    | aps             | GET    200    68.5ms /api/production-orders/?page=1&page_size=10
2026-05-26 13:30:10 | INFO    | aps             | GET    200     7.8ms /api/production-orders/?page=1&page_size=10
2026-05-26 13:30:10 | INFO    | aps             | GET    200    91.1ms /api/materials/?page=1&page_size=1000
2026-05-26 13:30:10 | INFO    | aps             | GET    200     6.8ms /api/materials/?page=1&page_size=1000
2026-05-26 13:30:13 | INFO    | aps             | DELETE 204    34.6ms /api/production-orders/b6988cbbca9849128a859b01c6136863
2026-05-26 13:30:13 | INFO    | aps             | GET    307     0.5ms /api/production-orders?page=1&page_size=10
2026-05-26 13:30:13 | INFO    | aps             | GET    200     7.6ms /api/production-orders/?page=1&page_size=10
2026-05-26 13:30:15 | INFO    | aps             | DELETE 204    21.6ms /api/production-orders/d27e4a1e9b864e46aadf71b8b1016836
2026-05-26 13:30:15 | INFO    | aps             | GET    307     0.0ms /api/production-orders?page=1&page_size=10
2026-05-26 13:30:15 | INFO    | aps             | GET    200     6.3ms /api/production-orders/?page=1&page_size=10
2026-05-26 13:30:18 | INFO    | aps             | GET    307     0.0ms /api/planning-strategies?page=1&page_size=100
2026-05-26 13:30:18 | INFO    | aps             | GET    307     3.4ms /api/production-orders?page=1&page_size=1000
2026-05-26 13:30:18 | INFO    | aps             | GET    307     2.7ms /api/planning-strategies?page=1&page_size=100
2026-05-26 13:30:18 | INFO    | aps             | GET    307     1.0ms /api/production-orders?page=1&page_size=1000
2026-05-26 13:30:18 | INFO    | aps             | GET    200    18.0ms /api/planning-strategies/?page=1&page_size=100
2026-05-26 13:30:18 | INFO    | aps             | GET    200    13.3ms /api/production-orders/?page=1&page_size=1000
2026-05-26 13:30:18 | INFO    | aps             | GET    200    52.7ms /api/production-orders/?page=1&page_size=1000
2026-05-26 13:30:18 | INFO    | aps             | GET    200    85.3ms /api/planning-strategies/?page=1&page_size=100
2026-05-26 13:30:20 | INFO    | aps             | POST   200     9.7ms /api/smart-scheduling/generate
2026-05-26 13:30:20 | INFO    | aps.solve       | 开始排产: strategy=90a48e5ab9ba41b9a78817974a59f635, 可排产订单数=2
2026-05-26 13:30:20 | INFO    | aps.mrp         | 处理订单: code=D001 material_code=C001 quantity=2000
2026-05-26 13:30:20 | INFO    | aps.mrp         |   匹配物料: id=fadbc868875f4c2a8f909a960d19f269 code=C001 name=紫晶装备 source=PRODUCED
2026-05-26 13:30:20 | INFO    | aps.mrp         |   BOM子件数=1, 可用库存=1000
2026-05-26 13:30:20 | INFO    | aps.mrp         |   订单物料 C001 加入DAG, 需求量=2000
2026-05-26 13:30:20 | INFO    | aps.mrp         | 处理订单: code=D002 material_code=C001 quantity=3000
2026-05-26 13:30:20 | INFO    | aps.mrp         |   匹配物料: id=fadbc868875f4c2a8f909a960d19f269 code=C001 name=紫晶装备 source=PRODUCED
2026-05-26 13:30:20 | INFO    | aps.mrp         |   BOM子件数=1, 可用库存=1000
2026-05-26 13:30:20 | INFO    | aps.solve       | MRP完成: 缺料DAG节点数=2, 补充订单数=2
2026-05-26 13:30:20 | INFO    | aps.task_gen    | 缺料DAG: 2个节点, 1条边
2026-05-26 13:30:20 | INFO    | aps.task_gen    |   DAG节点: material=C001(fadbc868875f4c2a8f909a960d19f269) source=PRODUCED demand=5000.00 orders={'283234fdec2d4a26a5cc65932a2e3b2c': 2000.0, '2fc77e30d6bd44b3bd76d3ce3e1b8c58': 3000.0}
2026-05-26 13:30:20 | INFO    | aps.task_gen    |   DAG节点: material=W001(5a5959f29f6643129210ee4dbcebf84f) source=PRODUCED demand=4000.00 orders={'283234fdec2d4a26a5cc65932a2e3b2c': 1000.0, '2fc77e30d6bd44b3bd76d3ce3e1b8c58': 3000.0}
2026-05-26 13:30:20 | INFO    | aps.task_gen    | 拓扑排序后物料顺序 (2): ['5a5959f29f6643129210ee4dbcebf84f', 'fadbc868875f4c2a8f909a960d19f269']
2026-05-26 13:30:20 | INFO    | aps.task_gen    |   工序 G002: 从数据库刷新主资源=['af35d6ac']
2026-05-26 13:30:20 | INFO    | aps.task_gen    |   工序 G002: 从数据库刷新主资源=['af35d6ac']
2026-05-26 13:30:20 | INFO    | aps.task_gen    |   工序 G001: 从数据库刷新主资源=['579a3c2c', '9632c720']
2026-05-26 13:30:20 | INFO    | aps.task_gen    |   工序 G001: 从数据库刷新主资源=['579a3c2c', '9632c720']
2026-05-26 13:30:20 | INFO    | aps.task_gen    | 任务生成完成: 共生成 4 个任务, 4 个订单关联记录
2026-05-26 13:30:20 | INFO    | aps.solve       | 求解准备: 任务数=4, 资源数=3
2026-05-26 13:30:20 | INFO    | aps.solve       |   资源: id=579a3c2c code=Z001 name=装备压铸机 status=NORMAL throughput=10/H group=None
2026-05-26 13:30:20 | INFO    | aps.solve       |   资源: id=9632c720 code=Z002 name=装备压铸机 status=NORMAL throughput=10/H group=None
2026-05-26 13:30:20 | INFO    | aps.solve       |   资源: id=af35d6ac code=Z003 name=零件打磨机 status=NORMAL throughput=20/H group=None
2026-05-26 13:30:20 | INFO    | aps.solve       | 工作日历已加载: 1个日历, 1个工作模式
2026-05-26 13:30:20 | INFO    | aps.scheduler   |   任务 TASK-D001-G002-1(G002): qty=1000, 资源=1个, 工期=['3000']分
2026-05-26 13:30:20 | INFO    | aps.scheduler   |   任务 TASK-D002-G002-1(G002): qty=3000, 资源=1个, 工期=['9000']分
2026-05-26 13:30:20 | INFO    | aps.scheduler   |   任务 TASK-D001-G001-2(G001): qty=2000, 资源=2个, 工期=['12000', '12000']分
2026-05-26 13:30:20 | INFO    | aps.scheduler   |   任务 TASK-D002-G001-2(G001): qty=3000, 资源=2个, 工期=['18000', '18000']分
2026-05-26 13:30:20 | INFO    | aps.scheduler   | 工作日历已激活，求解器将基于工作分钟空间建模
2026-05-26 13:30:20 | INFO    | aps.scheduler   | 构建CP模型: 总任务=4, 跳过=0, 有效=4, 资源=3
2026-05-26 13:30:20 | INFO    | aps.scheduler   | 工作分钟空间: horizon=64440分(1074.0工时), 总工时=42000分
2026-05-26 13:30:20 | INFO    | aps.scheduler   |   求解结果 - TASK-D001-G002-1 -> 零件打磨机(Z003) offset=0 dur=3000
2026-05-26 13:30:20 | INFO    | aps.scheduler   |   求解结果 - TASK-D002-G002-1 -> 零件打磨机(Z003) offset=3000 dur=9000
2026-05-26 13:30:20 | INFO    | aps.scheduler   |   求解结果 - TASK-D001-G001-2 -> 装备压铸机(Z002) offset=3000 dur=12000
2026-05-26 13:30:20 | INFO    | aps.scheduler   |   求解结果 - TASK-D002-G001-2 -> 装备压铸机(Z001) offset=12000 dur=18000
2026-05-26 13:30:20 | INFO    | aps.solve       | 资源分配结果: {'TASK-D001-G002-1': '零件打磨机', 'TASK-D002-G002-1': '零件打磨机', 'TASK-D001-G001-2': '装备压铸机', 'TASK-D002-G001-2': '装备压铸机'}
2026-05-26 13:30:22 | INFO    | aps             | GET    200     1.8ms /api/smart-scheduling/plan/progress?task_id=be0518a1159e4e8a8322e06c8c03fbb5
2026-05-26 13:30:23 | INFO    | aps             | POST   200    17.2ms /api/smart-scheduling/preview/plan/tasks
2026-05-26 13:30:23 | INFO    | aps             | POST   200    24.7ms /api/smart-scheduling/preview/plan/resource/gantt
2026-05-26 13:30:29 | INFO    | aps             | POST   200    37.2ms /api/smart-scheduling/plan/pending/confirm
2026-05-26 13:30:32 | INFO    | aps             | POST   200    15.8ms /api/smart-scheduling/plan/resource/gantt
2026-05-26 13:30:32 | INFO    | aps             | GET    307     3.6ms /api/production-orders?page=1&page_size=1000
2026-05-26 13:30:32 | INFO    | aps             | GET    200    24.9ms /api/smart-scheduling/plan/tasks?page=1&page_size=10
2026-05-26 13:30:32 | INFO    | aps             | POST   200    22.5ms /api/smart-scheduling/plan/resource/gantt
2026-05-26 13:30:32 | INFO    | aps             | GET    307     1.5ms /api/production-orders?page=1&page_size=1000
2026-05-26 13:30:32 | INFO    | aps             | GET    200     7.1ms /api/smart-scheduling/plan/tasks?page=1&page_size=10
2026-05-26 13:30:32 | INFO    | aps             | GET    200     6.9ms /api/production-orders/?page=1&page_size=1000
2026-05-26 13:30:32 | INFO    | aps             | GET    200     7.8ms /api/production-orders/?page=1&page_size=1000
2026-05-26 13:31:07 | INFO    | aps             | POST   200    20.4ms /api/smart-scheduling/plan/clear
2026-05-26 13:31:12 | INFO    | aps             | GET    307     0.0ms /api/planning-strategies?page=1&page_size=100
2026-05-26 13:31:12 | INFO    | aps             | GET    307     1.5ms /api/production-orders?page=1&page_size=1000
2026-05-26 13:31:12 | INFO    | aps             | GET    307     1.0ms /api/planning-strategies?page=1&page_size=100
2026-05-26 13:31:12 | INFO    | aps             | GET    307     0.0ms /api/production-orders?page=1&page_size=1000
2026-05-26 13:31:12 | INFO    | aps             | GET    200     9.4ms /api/production-orders/?page=1&page_size=1000
2026-05-26 13:31:12 | INFO    | aps             | GET    200    10.5ms /api/planning-strategies/?page=1&page_size=100
2026-05-26 13:31:12 | INFO    | aps             | GET    200    10.4ms /api/production-orders/?page=1&page_size=1000
2026-05-26 13:31:12 | INFO    | aps             | GET    200    10.5ms /api/planning-strategies/?page=1&page_size=100
2026-05-26 13:31:18 | INFO    | aps             | GET    307     2.5ms /api/planning-strategies?page=1&page_size=100
2026-05-26 13:31:18 | INFO    | aps             | GET    307     2.0ms /api/production-orders?page=1&page_size=1000
2026-05-26 13:31:18 | INFO    | aps             | GET    307     1.0ms /api/planning-strategies?page=1&page_size=100
2026-05-26 13:31:18 | INFO    | aps             | GET    307     0.0ms /api/production-orders?page=1&page_size=1000
2026-05-26 13:31:18 | INFO    | aps             | GET    200    13.1ms /api/planning-strategies/?page=1&page_size=100
2026-05-26 13:31:18 | INFO    | aps             | GET    200    11.3ms /api/production-orders/?page=1&page_size=1000
2026-05-26 13:31:18 | INFO    | aps             | GET    200    68.5ms /api/planning-strategies/?page=1&page_size=100
2026-05-26 13:31:18 | INFO    | aps             | GET    200    88.9ms /api/production-orders/?page=1&page_size=1000
2026-05-26 13:31:24 | INFO    | aps             | GET    307     0.0ms /api/planning-strategies?page=1&page_size=10
2026-05-26 13:31:24 | INFO    | aps             | GET    200     6.0ms /api/planning-strategies/scheduling-rule/options
2026-05-26 13:31:24 | INFO    | aps             | GET    307     1.5ms /api/planning-strategies?page=1&page_size=10
2026-05-26 13:31:24 | INFO    | aps             | GET    200     3.7ms /api/planning-strategies/scheduling-rule/options
2026-05-26 13:31:24 | INFO    | aps             | GET    200     6.4ms /api/planning-strategies/?page=1&page_size=10
2026-05-26 13:31:24 | INFO    | aps             | GET    200     6.7ms /api/planning-strategies/?page=1&page_size=10
2026-05-26 13:31:28 | INFO    | aps             | PUT    200    11.0ms /api/planning-strategies/90a48e5ab9ba41b9a78817974a59f635
2026-05-26 13:31:28 | INFO    | aps             | GET    307     0.0ms /api/planning-strategies?page=1&page_size=10
2026-05-26 13:31:29 | INFO    | aps             | GET    200     4.5ms /api/planning-strategies/?page=1&page_size=10
2026-05-26 13:34:19 | INFO    | aps             | DELETE 204    19.0ms /api/planning-strategies/90a48e5ab9ba41b9a78817974a59f635
2026-05-26 13:34:19 | INFO    | aps             | GET    307     1.0ms /api/planning-strategies?page=1&page_size=10
2026-05-26 13:34:20 | INFO    | aps             | GET    200     6.2ms /api/planning-strategies/?page=1&page_size=10
2026-05-26 13:34:27 | INFO    | aps             | GET    307     1.0ms /api/incoming-material-orders?page=1&page_size=10
2026-05-26 13:34:27 | INFO    | aps             | GET    307     2.5ms /api/materials?page=1&page_size=1000
2026-05-26 13:34:27 | INFO    | aps             | GET    307     0.5ms /api/incoming-material-orders?page=1&page_size=10
2026-05-26 13:34:27 | INFO    | aps             | GET    307     2.6ms /api/materials?page=1&page_size=1000
2026-05-26 13:34:27 | INFO    | aps             | GET    200    19.3ms /api/incoming-material-orders/?page=1&page_size=10
2026-05-26 13:34:27 | INFO    | aps             | GET    200     6.1ms /api/materials/?page=1&page_size=1000
2026-05-26 13:34:27 | INFO    | aps             | GET    200     5.6ms /api/incoming-material-orders/?page=1&page_size=10
2026-05-26 13:34:27 | INFO    | aps             | GET    200     9.5ms /api/materials/?page=1&page_size=1000
2026-05-26 13:35:09 | INFO    | aps             | GET    307     0.0ms /api/materials?page=1&page_size=10
2026-05-26 13:35:09 | INFO    | aps             | GET    307     0.5ms /api/materials?page=1&page_size=10
2026-05-26 13:35:09 | INFO    | aps             | GET    200     8.3ms /api/materials/?page=1&page_size=10
2026-05-26 13:35:09 | INFO    | aps             | GET    200     8.9ms /api/materials/?page=1&page_size=10
2026-05-26 13:35:29 | INFO    | aps             | GET    307     1.0ms /api/planning-strategies?page=1&page_size=10
2026-05-26 13:35:29 | INFO    | aps             | GET    200     2.1ms /api/planning-strategies/scheduling-rule/options
2026-05-26 13:35:29 | INFO    | aps             | GET    307     1.7ms /api/planning-strategies?page=1&page_size=10
2026-05-26 13:35:29 | INFO    | aps             | GET    200     3.5ms /api/planning-strategies/scheduling-rule/options
2026-05-26 13:35:29 | INFO    | aps             | GET    200     6.5ms /api/planning-strategies/?page=1&page_size=10
2026-05-26 13:35:29 | INFO    | aps             | GET    200     4.7ms /api/planning-strategies/?page=1&page_size=10
2026-05-26 13:41:39 | INFO    | aps             | POST   307     1.0ms /api/planning-strategies
2026-05-26 13:41:40 | INFO    | aps             | OPTIONS 200     0.0ms /api/planning-strategies/
2026-05-26 13:41:40 | INFO    | aps             | POST   201    30.3ms /api/planning-strategies/
2026-05-26 13:41:40 | INFO    | aps             | GET    307     1.5ms /api/planning-strategies?page=1&page_size=10
2026-05-26 13:41:40 | INFO    | aps             | GET    200    13.8ms /api/planning-strategies/?page=1&page_size=10
2026-05-26 13:41:42 | INFO    | aps             | GET    307     0.0ms /api/planning-strategies?page=1&page_size=100
2026-05-26 13:41:42 | INFO    | aps             | GET    307     1.5ms /api/production-orders?page=1&page_size=1000
2026-05-26 13:41:42 | INFO    | aps             | GET    307     0.0ms /api/planning-strategies?page=1&page_size=100
2026-05-26 13:41:42 | INFO    | aps             | GET    307     1.6ms /api/production-orders?page=1&page_size=1000
2026-05-26 13:41:42 | INFO    | aps             | GET    200    13.0ms /api/planning-strategies/?page=1&page_size=100
2026-05-26 13:41:42 | INFO    | aps             | GET    200    16.5ms /api/production-orders/?page=1&page_size=1000
2026-05-26 13:41:42 | INFO    | aps             | GET    200    11.9ms /api/planning-strategies/?page=1&page_size=100
2026-05-26 13:41:42 | INFO    | aps             | GET    200     7.9ms /api/production-orders/?page=1&page_size=1000
2026-05-26 13:41:44 | INFO    | aps             | POST   200     5.1ms /api/smart-scheduling/generate
2026-05-26 13:41:44 | INFO    | aps.solve       | 开始排产: strategy=40214d222f804d06aa817e8e0e1800ea, 可排产订单数=4
2026-05-26 13:41:44 | INFO    | aps.mrp         | 处理订单: code=D001 material_code=C001 quantity=2000
2026-05-26 13:41:44 | INFO    | aps.mrp         |   匹配物料: id=fadbc868875f4c2a8f909a960d19f269 code=C001 name=紫晶装备 source=PRODUCED
2026-05-26 13:41:44 | INFO    | aps.mrp         |   BOM子件数=1, 可用库存=1000
2026-05-26 13:41:44 | INFO    | aps.mrp         |   订单物料 C001 加入DAG, 需求量=2000
2026-05-26 13:41:44 | INFO    | aps.mrp         | 处理订单: code=D002 material_code=C001 quantity=3000
2026-05-26 13:41:44 | INFO    | aps.mrp         |   匹配物料: id=fadbc868875f4c2a8f909a960d19f269 code=C001 name=紫晶装备 source=PRODUCED
2026-05-26 13:41:44 | INFO    | aps.mrp         |   BOM子件数=1, 可用库存=1000
2026-05-26 13:41:44 | INFO    | aps.mrp         | 处理订单: code=SUP-D001-W001 material_code=W001 quantity=1000
2026-05-26 13:41:44 | INFO    | aps.mrp         |   匹配物料: id=5a5959f29f6643129210ee4dbcebf84f code=W001 name=紫晶零件 source=PRODUCED
2026-05-26 13:41:44 | INFO    | aps.mrp         |   BOM子件数=1, 可用库存=1000
2026-05-26 13:41:44 | INFO    | aps.mrp         | 处理订单: code=SUP-D002-W001 material_code=W001 quantity=2000
2026-05-26 13:41:44 | INFO    | aps.mrp         |   匹配物料: id=5a5959f29f6643129210ee4dbcebf84f code=W001 name=紫晶零件 source=PRODUCED
2026-05-26 13:41:44 | INFO    | aps.mrp         |   BOM子件数=1, 可用库存=1000
2026-05-26 13:41:44 | INFO    | aps.solve       | MRP完成: 缺料DAG节点数=2, 补充订单数=2
2026-05-26 13:41:44 | INFO    | aps.task_gen    | 缺料DAG: 2个节点, 1条边
2026-05-26 13:41:44 | INFO    | aps.task_gen    |   DAG节点: material=C001(fadbc868875f4c2a8f909a960d19f269) source=PRODUCED demand=5000.00 orders={'283234fdec2d4a26a5cc65932a2e3b2c': 2000.0, '2fc77e30d6bd44b3bd76d3ce3e1b8c58': 3000.0}
2026-05-26 13:41:44 | INFO    | aps.task_gen    |   DAG节点: material=W001(5a5959f29f6643129210ee4dbcebf84f) source=PRODUCED demand=7000.00 orders={'283234fdec2d4a26a5cc65932a2e3b2c': 1000.0, '2fc77e30d6bd44b3bd76d3ce3e1b8c58': 3000.0, '48247de4a018448a90e64769183eb20d': 1000.0, '6a59e4c8aaaf45a2987182b448c0d5ce': 2000.0}
2026-05-26 13:41:44 | INFO    | aps.task_gen    | 拓扑排序后物料顺序 (2): ['5a5959f29f6643129210ee4dbcebf84f', 'fadbc868875f4c2a8f909a960d19f269']
2026-05-26 13:41:44 | INFO    | aps.task_gen    |   工序 G002: 从数据库刷新主资源=['af35d6ac']
2026-05-26 13:41:44 | INFO    | aps.task_gen    |   工序 G002: 从数据库刷新主资源=['af35d6ac']
2026-05-26 13:41:44 | INFO    | aps.task_gen    |   工序 G001: 从数据库刷新主资源=['579a3c2c', '9632c720']
2026-05-26 13:41:44 | INFO    | aps.task_gen    |   工序 G001: 从数据库刷新主资源=['579a3c2c', '9632c720']
2026-05-26 13:41:44 | INFO    | aps.task_gen    | 任务生成完成: 共生成 4 个任务, 4 个订单关联记录
2026-05-26 13:41:44 | INFO    | aps.solve       | 求解准备: 任务数=4, 资源数=3
2026-05-26 13:41:44 | INFO    | aps.solve       |   资源: id=579a3c2c code=Z001 name=装备压铸机 status=NORMAL throughput=10/H group=None
2026-05-26 13:41:44 | INFO    | aps.solve       |   资源: id=9632c720 code=Z002 name=装备压铸机 status=NORMAL throughput=10/H group=None
2026-05-26 13:41:44 | INFO    | aps.solve       |   资源: id=af35d6ac code=Z003 name=零件打磨机 status=NORMAL throughput=20/H group=None
2026-05-26 13:41:44 | INFO    | aps.solve       | 工作日历已加载: 1个日历, 1个工作模式
2026-05-26 13:41:44 | INFO    | aps.scheduler   |   任务 TASK-D001-G002-1(G002): qty=1000, 资源=1个, 工期=['3000']分
2026-05-26 13:41:44 | INFO    | aps.scheduler   |   任务 TASK-D002-G002-1(G002): qty=3000, 资源=1个, 工期=['9000']分
2026-05-26 13:41:44 | INFO    | aps.scheduler   |   任务 TASK-D001-G001-2(G001): qty=2000, 资源=2个, 工期=['12000', '12000']分
2026-05-26 13:41:44 | INFO    | aps.scheduler   |   任务 TASK-D002-G001-2(G001): qty=3000, 资源=2个, 工期=['18000', '18000']分
2026-05-26 13:41:44 | INFO    | aps.scheduler   | 工作日历已激活，求解器将基于工作分钟空间建模
2026-05-26 13:41:44 | INFO    | aps.scheduler   | 构建CP模型: 总任务=4, 跳过=0, 有效=4, 资源=3
2026-05-26 13:41:44 | INFO    | aps.scheduler   | 工作分钟空间: horizon=64440分(1074.0工时), 总工时=42000分
2026-05-26 13:41:44 | ERROR   | aps.scheduler   | 求解器返回 INFEASIBLE。总任务=4, 跳过=0, 有效=4, 资源=3
2026-05-26 13:41:44 | INFO    | aps.solve       | 资源分配结果: {}
2026-05-26 13:41:46 | INFO    | aps             | GET    200     0.0ms /api/smart-scheduling/plan/progress?task_id=6962f235e70f46ceace5940815bef3ed
2026-05-26 13:41:51 | INFO    | aps             | GET    307     0.0ms /api/production-orders?page=1&page_size=1000
2026-05-26 13:41:51 | INFO    | aps             | GET    200    25.4ms /api/smart-scheduling/plan/tasks?page=1&page_size=10
2026-05-26 13:41:51 | INFO    | aps             | POST   200    25.3ms /api/smart-scheduling/plan/resource/gantt
2026-05-26 13:41:51 | INFO    | aps             | POST   200    26.8ms /api/smart-scheduling/plan/resource/gantt
2026-05-26 13:41:51 | INFO    | aps             | GET    307     3.0ms /api/production-orders?page=1&page_size=1000
2026-05-26 13:41:51 | INFO    | aps             | GET    200     5.4ms /api/smart-scheduling/plan/tasks?page=1&page_size=10
2026-05-26 13:41:51 | INFO    | aps             | GET    200    16.2ms /api/production-orders/?page=1&page_size=1000
2026-05-26 13:41:51 | INFO    | aps             | GET    200     5.1ms /api/production-orders/?page=1&page_size=1000
2026-05-26 13:41:55 | INFO    | aps             | GET    307     1.0ms /api/planning-strategies?page=1&page_size=100
2026-05-26 13:41:55 | INFO    | aps             | GET    307     1.5ms /api/production-orders?page=1&page_size=1000
2026-05-26 13:41:55 | INFO    | aps             | GET    307     2.2ms /api/planning-strategies?page=1&page_size=100
2026-05-26 13:41:55 | INFO    | aps             | GET    307     0.0ms /api/production-orders?page=1&page_size=1000
2026-05-26 13:41:55 | INFO    | aps             | GET    200    10.4ms /api/planning-strategies/?page=1&page_size=100
2026-05-26 13:41:55 | INFO    | aps             | GET    200    11.4ms /api/production-orders/?page=1&page_size=1000
2026-05-26 13:41:55 | INFO    | aps             | GET    200     8.2ms /api/production-orders/?page=1&page_size=1000
2026-05-26 13:41:55 | INFO    | aps             | GET    200    10.8ms /api/planning-strategies/?page=1&page_size=100
2026-05-26 13:42:03 | INFO    | aps             | GET    307     0.5ms /api/production-orders?page=1&page_size=10
2026-05-26 13:42:03 | INFO    | aps             | GET    307     0.5ms /api/materials?page=1&page_size=1000
2026-05-26 13:42:03 | INFO    | aps             | GET    307     0.0ms /api/production-orders?page=1&page_size=10
2026-05-26 13:42:03 | INFO    | aps             | GET    307     0.0ms /api/materials?page=1&page_size=1000
2026-05-26 13:42:03 | INFO    | aps             | GET    200     7.0ms /api/production-orders/?page=1&page_size=10
2026-05-26 13:42:03 | INFO    | aps             | GET    200     7.0ms /api/materials/?page=1&page_size=1000
2026-05-26 13:42:03 | INFO    | aps             | GET    200     8.7ms /api/production-orders/?page=1&page_size=10
2026-05-26 13:42:03 | INFO    | aps             | GET    200    10.2ms /api/materials/?page=1&page_size=1000
2026-05-26 13:42:06 | INFO    | aps             | DELETE 204    25.3ms /api/production-orders/48247de4a018448a90e64769183eb20d
2026-05-26 13:42:06 | INFO    | aps             | GET    307     0.0ms /api/production-orders?page=1&page_size=10
2026-05-26 13:42:06 | INFO    | aps             | GET    200     8.7ms /api/production-orders/?page=1&page_size=10
2026-05-26 13:42:08 | INFO    | aps             | DELETE 204    24.6ms /api/production-orders/6a59e4c8aaaf45a2987182b448c0d5ce
2026-05-26 13:42:08 | INFO    | aps             | GET    307     0.0ms /api/production-orders?page=1&page_size=10
2026-05-26 13:42:08 | INFO    | aps             | GET    200     7.4ms /api/production-orders/?page=1&page_size=10
2026-05-26 13:42:15 | INFO    | aps             | GET    307     0.0ms /api/planning-strategies?page=1&page_size=10
2026-05-26 13:42:15 | INFO    | aps             | GET    200     3.1ms /api/planning-strategies/scheduling-rule/options
2026-05-26 13:42:15 | INFO    | aps             | GET    307     0.0ms /api/planning-strategies?page=1&page_size=10
2026-05-26 13:42:15 | INFO    | aps             | GET    200     3.8ms /api/planning-strategies/scheduling-rule/options
2026-05-26 13:42:15 | INFO    | aps             | GET    200     9.7ms /api/planning-strategies/?page=1&page_size=10
2026-05-26 13:42:15 | INFO    | aps             | GET    200     6.0ms /api/planning-strategies/?page=1&page_size=10
2026-05-26 13:42:24 | INFO    | aps             | POST   200     7.6ms /api/smart-scheduling/plan/resource/gantt
2026-05-26 13:42:24 | INFO    | aps             | GET    307     1.5ms /api/production-orders?page=1&page_size=1000
2026-05-26 13:42:24 | INFO    | aps             | POST   200    15.0ms /api/smart-scheduling/plan/resource/gantt
2026-05-26 13:42:24 | INFO    | aps             | GET    200    15.6ms /api/smart-scheduling/plan/tasks?page=1&page_size=10
2026-05-26 13:42:24 | INFO    | aps             | GET    307     2.0ms /api/production-orders?page=1&page_size=1000
2026-05-26 13:42:24 | INFO    | aps             | GET    200     5.9ms /api/smart-scheduling/plan/tasks?page=1&page_size=10
2026-05-26 13:42:24 | INFO    | aps             | GET    200    16.7ms /api/production-orders/?page=1&page_size=1000
2026-05-26 13:42:24 | INFO    | aps             | GET    200     8.7ms /api/production-orders/?page=1&page_size=1000
2026-05-26 13:42:29 | INFO    | aps             | GET    307     0.5ms /api/planning-strategies?page=1&page_size=100
2026-05-26 13:42:29 | INFO    | aps             | GET    307     1.6ms /api/production-orders?page=1&page_size=1000
2026-05-26 13:42:29 | INFO    | aps             | GET    307     0.8ms /api/planning-strategies?page=1&page_size=100
2026-05-26 13:42:29 | INFO    | aps             | GET    307     0.0ms /api/production-orders?page=1&page_size=1000
2026-05-26 13:42:29 | INFO    | aps             | GET    200    11.6ms /api/planning-strategies/?page=1&page_size=100
2026-05-26 13:42:29 | INFO    | aps             | GET    200    12.3ms /api/production-orders/?page=1&page_size=1000
2026-05-26 13:42:29 | INFO    | aps             | GET    200     8.0ms /api/planning-strategies/?page=1&page_size=100
2026-05-26 13:42:29 | INFO    | aps             | GET    200     8.3ms /api/production-orders/?page=1&page_size=1000
2026-05-26 13:42:31 | INFO    | aps             | POST   200     6.6ms /api/smart-scheduling/generate
2026-05-26 13:42:31 | INFO    | aps.solve       | 开始排产: strategy=40214d222f804d06aa817e8e0e1800ea, 可排产订单数=2
2026-05-26 13:42:31 | INFO    | aps.mrp         | 处理订单: code=D001 material_code=C001 quantity=2000
2026-05-26 13:42:31 | INFO    | aps.mrp         |   匹配物料: id=fadbc868875f4c2a8f909a960d19f269 code=C001 name=紫晶装备 source=PRODUCED
2026-05-26 13:42:31 | INFO    | aps.mrp         |   BOM子件数=1, 可用库存=1000
2026-05-26 13:42:31 | INFO    | aps.mrp         |   订单物料 C001 加入DAG, 需求量=2000
2026-05-26 13:42:31 | INFO    | aps.mrp         | 处理订单: code=D002 material_code=C001 quantity=3000
2026-05-26 13:42:31 | INFO    | aps.mrp         |   匹配物料: id=fadbc868875f4c2a8f909a960d19f269 code=C001 name=紫晶装备 source=PRODUCED
2026-05-26 13:42:31 | INFO    | aps.mrp         |   BOM子件数=1, 可用库存=1000
2026-05-26 13:42:31 | INFO    | aps.solve       | MRP完成: 缺料DAG节点数=2, 补充订单数=2
2026-05-26 13:42:31 | INFO    | aps.task_gen    | 缺料DAG: 2个节点, 1条边
2026-05-26 13:42:31 | INFO    | aps.task_gen    |   DAG节点: material=C001(fadbc868875f4c2a8f909a960d19f269) source=PRODUCED demand=5000.00 orders={'283234fdec2d4a26a5cc65932a2e3b2c': 2000.0, '2fc77e30d6bd44b3bd76d3ce3e1b8c58': 3000.0}
2026-05-26 13:42:31 | INFO    | aps.task_gen    |   DAG节点: material=W001(5a5959f29f6643129210ee4dbcebf84f) source=PRODUCED demand=4000.00 orders={'283234fdec2d4a26a5cc65932a2e3b2c': 1000.0, '2fc77e30d6bd44b3bd76d3ce3e1b8c58': 3000.0}
2026-05-26 13:42:31 | INFO    | aps.task_gen    | 拓扑排序后物料顺序 (2): ['5a5959f29f6643129210ee4dbcebf84f', 'fadbc868875f4c2a8f909a960d19f269']
2026-05-26 13:42:31 | INFO    | aps.task_gen    |   工序 G002: 从数据库刷新主资源=['af35d6ac']
2026-05-26 13:42:31 | INFO    | aps.task_gen    |   工序 G002: 从数据库刷新主资源=['af35d6ac']
2026-05-26 13:42:31 | INFO    | aps.task_gen    |   工序 G001: 从数据库刷新主资源=['579a3c2c', '9632c720']
2026-05-26 13:42:31 | INFO    | aps.task_gen    |   工序 G001: 从数据库刷新主资源=['579a3c2c', '9632c720']
2026-05-26 13:42:31 | INFO    | aps.task_gen    | 任务生成完成: 共生成 4 个任务, 4 个订单关联记录
2026-05-26 13:42:31 | INFO    | aps.solve       | 求解准备: 任务数=4, 资源数=3
2026-05-26 13:42:31 | INFO    | aps.solve       |   资源: id=579a3c2c code=Z001 name=装备压铸机 status=NORMAL throughput=10/H group=None
2026-05-26 13:42:31 | INFO    | aps.solve       |   资源: id=9632c720 code=Z002 name=装备压铸机 status=NORMAL throughput=10/H group=None
2026-05-26 13:42:31 | INFO    | aps.solve       |   资源: id=af35d6ac code=Z003 name=零件打磨机 status=NORMAL throughput=20/H group=None
2026-05-26 13:42:31 | INFO    | aps.solve       | 工作日历已加载: 1个日历, 1个工作模式
2026-05-26 13:42:31 | INFO    | aps.scheduler   |   任务 TASK-D001-G002-1(G002): qty=1000, 资源=1个, 工期=['3000']分
2026-05-26 13:42:31 | INFO    | aps.scheduler   |   任务 TASK-D002-G002-1(G002): qty=3000, 资源=1个, 工期=['9000']分
2026-05-26 13:42:31 | INFO    | aps.scheduler   |   任务 TASK-D001-G001-2(G001): qty=2000, 资源=2个, 工期=['12000', '12000']分
2026-05-26 13:42:31 | INFO    | aps.scheduler   |   任务 TASK-D002-G001-2(G001): qty=3000, 资源=2个, 工期=['18000', '18000']分
2026-05-26 13:42:31 | INFO    | aps.scheduler   | 工作日历已激活，求解器将基于工作分钟空间建模
2026-05-26 13:42:31 | INFO    | aps.scheduler   | 构建CP模型: 总任务=4, 跳过=0, 有效=4, 资源=3
2026-05-26 13:42:31 | INFO    | aps.scheduler   | 工作分钟空间: horizon=64440分(1074.0工时), 总工时=42000分
2026-05-26 13:42:31 | ERROR   | aps.scheduler   | 求解器返回 INFEASIBLE。总任务=4, 跳过=0, 有效=4, 资源=3
2026-05-26 13:42:31 | INFO    | aps.solve       | 资源分配结果: {}
2026-05-26 13:42:33 | INFO    | aps             | GET    200     0.0ms /api/smart-scheduling/plan/progress?task_id=cd39f0808aed4dc8a1b331e363029941
2026-05-26 13:44:05 | INFO    | aps             | GET    307     1.0ms /api/production-orders?page=1&page_size=10
2026-05-26 13:44:05 | INFO    | aps             | GET    307     1.5ms /api/materials?page=1&page_size=1000
2026-05-26 13:44:05 | INFO    | aps             | GET    307     0.0ms /api/production-orders?page=1&page_size=10
2026-05-26 13:44:05 | INFO    | aps             | GET    307     0.0ms /api/materials?page=1&page_size=1000
2026-05-26 13:44:05 | INFO    | aps             | GET    200    10.9ms /api/production-orders/?page=1&page_size=10
2026-05-26 13:44:05 | INFO    | aps             | GET    200    14.3ms /api/materials/?page=1&page_size=1000
2026-05-26 13:44:05 | INFO    | aps             | GET    200     8.8ms /api/production-orders/?page=1&page_size=10
2026-05-26 13:44:05 | INFO    | aps             | GET    200     9.8ms /api/materials/?page=1&page_size=1000
2026-05-26 13:44:06 | INFO    | aps             | GET    307     0.0ms /api/planning-strategies?page=1&page_size=10
2026-05-26 13:44:06 | INFO    | aps             | GET    200     2.5ms /api/planning-strategies/scheduling-rule/options
2026-05-26 13:44:06 | INFO    | aps             | GET    307     1.0ms /api/planning-strategies?page=1&page_size=10
2026-05-26 13:44:06 | INFO    | aps             | GET    200     1.0ms /api/planning-strategies/scheduling-rule/options
2026-05-26 13:44:06 | INFO    | aps             | GET    200     8.3ms /api/planning-strategies/?page=1&page_size=10
2026-05-26 13:44:06 | INFO    | aps             | GET    200     6.4ms /api/planning-strategies/?page=1&page_size=10
2026-05-26 13:47:27 | INFO    | aps             | GET    200    12.1ms /api/work-modes?page=1&page_size=10
2026-05-26 13:47:27 | INFO    | aps             | GET    200     4.1ms /api/work-modes?page=1&page_size=10
2026-05-26 13:47:28 | INFO    | aps             | GET    307     1.0ms /api/process-routes?page=1&page_size=10
2026-05-26 13:47:28 | INFO    | aps             | GET    307     3.0ms /api/materials?page=1&page_size=1000
2026-05-26 13:47:28 | INFO    | aps             | GET    307     1.4ms /api/process-routes?page=1&page_size=10
2026-05-26 13:47:28 | INFO    | aps             | GET    307     0.0ms /api/materials?page=1&page_size=1000
2026-05-26 13:47:28 | INFO    | aps             | GET    200    12.7ms /api/process-routes/?page=1&page_size=10
2026-05-26 13:47:28 | INFO    | aps             | GET    200    13.8ms /api/materials/?page=1&page_size=1000
2026-05-26 13:47:28 | INFO    | aps             | GET    200    11.3ms /api/process-routes/?page=1&page_size=10
2026-05-26 13:47:28 | INFO    | aps             | GET    200     7.3ms /api/materials/?page=1&page_size=1000
2026-05-26 13:47:29 | INFO    | aps             | GET    307     1.0ms /api/processes?page=1&page_size=1000
2026-05-26 13:47:29 | INFO    | aps             | GET    200    12.5ms /api/processes/?page=1&page_size=1000
2026-05-26 13:47:32 | INFO    | aps             | GET    307     1.0ms /api/processes?page=1&page_size=10
2026-05-26 13:47:32 | INFO    | aps             | GET    307     1.0ms /api/production-resources?page=1&page_size=1000
2026-05-26 13:47:32 | INFO    | aps             | GET    307     1.1ms /api/processes?page=1&page_size=10
2026-05-26 13:47:32 | INFO    | aps             | GET    307     4.3ms /api/production-resources?page=1&page_size=1000
2026-05-26 13:47:32 | INFO    | aps             | GET    200    17.6ms /api/processes/?page=1&page_size=10
2026-05-26 13:47:32 | INFO    | aps             | GET    200    19.2ms /api/production-resources/?page=1&page_size=1000
2026-05-26 13:47:32 | INFO    | aps             | GET    200     6.4ms /api/production-resources/?page=1&page_size=1000
2026-05-26 13:47:32 | INFO    | aps             | GET    200    10.5ms /api/processes/?page=1&page_size=10
2026-05-26 13:47:32 | INFO    | aps             | GET    307     0.0ms /api/materials?page=1&page_size=1000
2026-05-26 13:47:32 | INFO    | aps             | GET    307     0.0ms /api/materials?page=1&page_size=1000
2026-05-26 13:47:32 | INFO    | aps             | GET    200    12.1ms /api/materials/?page=1&page_size=1000
2026-05-26 13:47:32 | INFO    | aps             | GET    200     8.1ms /api/materials/?page=1&page_size=1000
2026-05-26 13:47:47 | INFO    | aps             | GET    307     1.0ms /api/production-resources?page=1&page_size=10
2026-05-26 13:47:47 | INFO    | aps             | GET    307     0.0ms /api/production-resources?page=1&page_size=10
2026-05-26 13:47:47 | INFO    | aps             | GET    200    11.7ms /api/production-resources/?page=1&page_size=10
2026-05-26 13:47:47 | INFO    | aps             | GET    200     7.5ms /api/production-resources/?page=1&page_size=10
2026-05-26 13:48:07 | INFO    | aps             | GET    307     1.0ms /api/incoming-material-orders?page=1&page_size=10
2026-05-26 13:48:07 | INFO    | aps             | GET    307     2.5ms /api/materials?page=1&page_size=1000
2026-05-26 13:48:07 | INFO    | aps             | GET    307     0.0ms /api/incoming-material-orders?page=1&page_size=10
2026-05-26 13:48:07 | INFO    | aps             | GET    307     1.4ms /api/materials?page=1&page_size=1000
2026-05-26 13:48:07 | INFO    | aps             | GET    200     8.2ms /api/incoming-material-orders/?page=1&page_size=10
2026-05-26 13:48:07 | INFO    | aps             | GET    200     7.2ms /api/materials/?page=1&page_size=1000
2026-05-26 13:48:07 | INFO    | aps             | GET    200     9.4ms /api/incoming-material-orders/?page=1&page_size=10
2026-05-26 13:48:07 | INFO    | aps             | GET    200    11.5ms /api/materials/?page=1&page_size=1000
2026-05-26 13:50:41 | INFO    | aps             | GET    307     0.0ms /api/production-orders?page=1&page_size=10
2026-05-26 13:50:41 | INFO    | aps             | GET    307     2.5ms /api/materials?page=1&page_size=1000
2026-05-26 13:50:41 | INFO    | aps             | GET    307     0.0ms /api/production-orders?page=1&page_size=10
2026-05-26 13:50:41 | INFO    | aps             | GET    307     0.0ms /api/materials?page=1&page_size=1000
2026-05-26 13:50:42 | INFO    | aps             | GET    200    11.0ms /api/production-orders/?page=1&page_size=10
2026-05-26 13:50:42 | INFO    | aps             | GET    200    13.1ms /api/materials/?page=1&page_size=1000
2026-05-26 13:50:42 | INFO    | aps             | GET    200     7.4ms /api/materials/?page=1&page_size=1000
2026-05-26 13:50:42 | INFO    | aps             | GET    200    10.3ms /api/production-orders/?page=1&page_size=10
2026-05-26 13:52:39 | INFO    | aps             | GET    200     4.5ms /api/work-modes?page=1&page_size=10
2026-05-26 13:52:39 | INFO    | aps             | GET    200     4.7ms /api/work-modes?page=1&page_size=10
2026-05-26 13:52:41 | INFO    | aps             | GET    307     0.0ms /api/production-resources?page=1&page_size=1000
2026-05-26 13:52:41 | INFO    | aps             | GET    307     0.5ms /api/production-resources?page=1&page_size=1000
2026-05-26 13:52:41 | INFO    | aps             | GET    200    15.3ms /api/work-calendars?page=1&page_size=10
2026-05-26 13:52:41 | INFO    | aps             | GET    200    16.4ms /api/work-modes?page=1&page_size=1000
2026-05-26 13:52:41 | INFO    | aps             | GET    200     3.9ms /api/work-modes?page=1&page_size=1000
2026-05-26 13:52:41 | INFO    | aps             | GET    200     9.2ms /api/work-calendars?page=1&page_size=10
2026-05-26 13:52:42 | INFO    | aps             | GET    200     8.3ms /api/production-resources/?page=1&page_size=1000
2026-05-26 13:52:42 | INFO    | aps             | GET    200     6.6ms /api/production-resources/?page=1&page_size=1000
2026-05-26 13:53:06 | INFO    | aps             | POST   200    15.1ms /api/smart-scheduling/plan/resource/gantt
2026-05-26 13:53:06 | INFO    | aps             | GET    307    16.1ms /api/production-orders?page=1&page_size=1000
2026-05-26 13:53:06 | INFO    | aps             | GET    200    18.3ms /api/smart-scheduling/plan/tasks?page=1&page_size=10
2026-05-26 13:53:06 | INFO    | aps             | POST   200    18.3ms /api/smart-scheduling/plan/resource/gantt
2026-05-26 13:53:06 | INFO    | aps             | GET    307     0.6ms /api/production-orders?page=1&page_size=1000
2026-05-26 13:53:06 | INFO    | aps             | GET    200     7.5ms /api/smart-scheduling/plan/tasks?page=1&page_size=10
2026-05-26 13:53:07 | INFO    | aps             | GET    200     9.0ms /api/production-orders/?page=1&page_size=1000
2026-05-26 13:53:07 | INFO    | aps             | GET    200     6.2ms /api/production-orders/?page=1&page_size=1000
2026-05-26 13:53:08 | INFO    | aps             | GET    307     1.1ms /api/production-orders?page=1&page_size=1000
2026-05-26 13:53:08 | INFO    | aps             | GET    307     0.4ms /api/production-orders?page=1&page_size=1000
2026-05-26 13:53:08 | INFO    | aps             | GET    200     9.4ms /api/production-orders/?page=1&page_size=1000
2026-05-26 13:53:08 | INFO    | aps             | GET    200     5.4ms /api/production-orders/?page=1&page_size=1000
2026-05-26 13:53:11 | WARNING | aps             | POST   422     1.0ms /api/smart-scheduling/generate
2026-05-26 13:53:13 | WARNING | aps             | POST   422     1.5ms /api/smart-scheduling/generate
2026-05-26 13:53:21 | WARNING | aps             | POST   422     1.7ms /api/smart-scheduling/generate
2026-05-26 13:56:28 | INFO    | aps             | 数据库表已就绪
2026-05-26 13:57:44 | INFO    | aps             | 数据库表已就绪
2026-05-26 13:58:41 | INFO    | aps             | GET    307     0.0ms /api/production-orders?page=1&page_size=1000
2026-05-26 13:58:41 | INFO    | aps             | GET    307     0.5ms /api/production-orders?page=1&page_size=1000
2026-05-26 13:58:41 | INFO    | aps             | GET    200    29.8ms /api/production-orders/?page=1&page_size=1000
2026-05-26 13:58:41 | INFO    | aps             | GET    200     7.1ms /api/production-orders/?page=1&page_size=1000
2026-05-26 13:58:44 | INFO    | aps             | POST   200    12.8ms /api/smart-scheduling/generate
2026-05-26 13:58:44 | INFO    | aps.solve       | 开始排产: strategy=None, 可排产订单数=2
2026-05-26 13:58:44 | INFO    | aps.mrp         | 处理订单: code=D001 material_code=C001 quantity=2000
2026-05-26 13:58:44 | INFO    | aps.mrp         |   匹配物料: id=fadbc868875f4c2a8f909a960d19f269 code=C001 name=紫晶装备 source=PRODUCED
2026-05-26 13:58:44 | INFO    | aps.mrp         |   BOM子件数=1, 可用库存=1000
2026-05-26 13:58:44 | INFO    | aps.mrp         |   订单物料 C001 加入DAG, 需求量=2000
2026-05-26 13:58:44 | INFO    | aps.mrp         | 处理订单: code=D002 material_code=C001 quantity=3000
2026-05-26 13:58:44 | INFO    | aps.mrp         |   匹配物料: id=fadbc868875f4c2a8f909a960d19f269 code=C001 name=紫晶装备 source=PRODUCED
2026-05-26 13:58:44 | INFO    | aps.mrp         |   BOM子件数=1, 可用库存=1000
2026-05-26 13:58:44 | INFO    | aps.solve       | MRP完成: 缺料DAG节点数=2, 补充订单数=2
2026-05-26 13:58:44 | INFO    | aps.task_gen    | 缺料DAG: 2个节点, 1条边
2026-05-26 13:58:44 | INFO    | aps.task_gen    |   DAG节点: material=C001(fadbc868875f4c2a8f909a960d19f269) source=PRODUCED demand=5000.00 orders={'283234fdec2d4a26a5cc65932a2e3b2c': 2000.0, '2fc77e30d6bd44b3bd76d3ce3e1b8c58': 3000.0}
2026-05-26 13:58:44 | INFO    | aps.task_gen    |   DAG节点: material=W001(5a5959f29f6643129210ee4dbcebf84f) source=PRODUCED demand=4000.00 orders={'283234fdec2d4a26a5cc65932a2e3b2c': 1000.0, '2fc77e30d6bd44b3bd76d3ce3e1b8c58': 3000.0}
2026-05-26 13:58:44 | INFO    | aps.task_gen    | 拓扑排序后物料顺序 (2): ['5a5959f29f6643129210ee4dbcebf84f', 'fadbc868875f4c2a8f909a960d19f269']
2026-05-26 13:58:44 | INFO    | aps.task_gen    |   工序 G002: 从数据库刷新主资源=['af35d6ac']
2026-05-26 13:58:44 | INFO    | aps.task_gen    |   工序 G002: 从数据库刷新主资源=['af35d6ac']
2026-05-26 13:58:44 | INFO    | aps.task_gen    |   工序 G001: 从数据库刷新主资源=['579a3c2c', '9632c720']
2026-05-26 13:58:44 | INFO    | aps.task_gen    |   工序 G001: 从数据库刷新主资源=['579a3c2c', '9632c720']
2026-05-26 13:58:44 | INFO    | aps.task_gen    | 任务生成完成: 共生成 4 个任务, 4 个订单关联记录
2026-05-26 13:58:44 | INFO    | aps.solve       | 求解准备: 任务数=4, 资源数=3
2026-05-26 13:58:44 | INFO    | aps.solve       |   资源: id=579a3c2c code=Z001 name=装备压铸机 status=NORMAL throughput=10/H group=None
2026-05-26 13:58:44 | INFO    | aps.solve       |   资源: id=9632c720 code=Z002 name=装备压铸机 status=NORMAL throughput=10/H group=None
2026-05-26 13:58:44 | INFO    | aps.solve       |   资源: id=af35d6ac code=Z003 name=零件打磨机 status=NORMAL throughput=20/H group=None
2026-05-26 13:58:44 | INFO    | aps.solve       | 工作日历已加载: 1个日历, 1个工作模式
2026-05-26 13:58:44 | INFO    | aps.scheduler   |   任务 TASK-D001-G002-1(G002): qty=1000, 资源=1个, 工期=['3000']分
2026-05-26 13:58:44 | INFO    | aps.scheduler   |   任务 TASK-D002-G002-1(G002): qty=3000, 资源=1个, 工期=['9000']分
2026-05-26 13:58:44 | INFO    | aps.scheduler   |   任务 TASK-D001-G001-2(G001): qty=2000, 资源=2个, 工期=['12000', '12000']分
2026-05-26 13:58:44 | INFO    | aps.scheduler   |   任务 TASK-D002-G001-2(G001): qty=3000, 资源=2个, 工期=['18000', '18000']分
2026-05-26 13:58:44 | INFO    | aps.scheduler   | 工作日历已激活，求解器将基于工作分钟空间建模
2026-05-26 13:58:44 | INFO    | aps.scheduler   | 构建CP模型: 总任务=4, 跳过=0, 有效=4, 资源=3
2026-05-26 13:58:44 | INFO    | aps.scheduler   | 工作分钟空间: horizon=64440分(1074.0工时), 总工时=42000分
2026-05-26 13:58:44 | INFO    | aps.scheduler   |   求解结果 - TASK-D001-G002-1 -> 零件打磨机(Z003) offset=0 dur=3000
2026-05-26 13:58:44 | INFO    | aps.scheduler   |   求解结果 - TASK-D002-G002-1 -> 零件打磨机(Z003) offset=3000 dur=9000
2026-05-26 13:58:44 | INFO    | aps.scheduler   |   求解结果 - TASK-D001-G001-2 -> 装备压铸机(Z002) offset=3000 dur=12000
2026-05-26 13:58:44 | INFO    | aps.scheduler   |   求解结果 - TASK-D002-G001-2 -> 装备压铸机(Z001) offset=12000 dur=18000
2026-05-26 13:58:44 | INFO    | aps.solve       | 资源分配结果: {'TASK-D001-G002-1': '零件打磨机', 'TASK-D002-G002-1': '零件打磨机', 'TASK-D001-G001-2': '装备压铸机', 'TASK-D002-G001-2': '装备压铸机'}
2026-05-26 13:58:46 | INFO    | aps             | GET    200     2.0ms /api/smart-scheduling/plan/progress?task_id=82148b59cddf4cdda2848842be8e923c
2026-05-26 13:58:46 | INFO    | aps             | POST   200    91.2ms /api/smart-scheduling/preview/plan/resource/gantt
2026-05-26 13:58:46 | INFO    | aps             | POST   200    94.8ms /api/smart-scheduling/preview/plan/tasks
2026-05-26 13:58:49 | INFO    | aps             | POST   200    32.5ms /api/smart-scheduling/plan/pending/cancel
2026-05-26 13:58:49 | INFO    | aps             | GET    307    10.0ms /api/production-orders?page=1&page_size=1000
2026-05-26 13:58:49 | INFO    | aps             | POST   200    34.6ms /api/smart-scheduling/plan/resource/gantt
2026-05-26 13:58:49 | INFO    | aps             | POST   200   116.3ms /api/smart-scheduling/plan/resource/gantt
2026-05-26 13:58:49 | INFO    | aps             | GET    200   117.6ms /api/smart-scheduling/plan/tasks?page=1&page_size=10
2026-05-26 13:58:49 | INFO    | aps             | GET    307     4.6ms /api/production-orders?page=1&page_size=1000
2026-05-26 13:58:49 | INFO    | aps             | GET    200     5.2ms /api/smart-scheduling/plan/tasks?page=1&page_size=10
2026-05-26 13:58:49 | INFO    | aps             | GET    200    16.8ms /api/production-orders/?page=1&page_size=1000
2026-05-26 13:58:49 | INFO    | aps             | GET    200     6.5ms /api/production-orders/?page=1&page_size=1000
2026-05-26 13:58:50 | INFO    | aps             | GET    307     1.0ms /api/production-orders?page=1&page_size=1000
2026-05-26 13:58:50 | INFO    | aps             | GET    307     0.0ms /api/production-orders?page=1&page_size=1000
2026-05-26 13:58:50 | INFO    | aps             | GET    200     9.5ms /api/production-orders/?page=1&page_size=1000
2026-05-26 13:58:50 | INFO    | aps             | GET    200     7.1ms /api/production-orders/?page=1&page_size=1000
2026-05-26 13:58:58 | INFO    | aps             | GET    307     2.6ms /api/materials?page=1&page_size=1000
2026-05-26 13:58:58 | INFO    | aps             | GET    307     2.0ms /api/production-orders?page=1&page_size=10
2026-05-26 13:58:58 | INFO    | aps             | GET    307     0.0ms /api/materials?page=1&page_size=1000
2026-05-26 13:58:58 | INFO    | aps             | GET    307     0.5ms /api/production-orders?page=1&page_size=10
2026-05-26 13:58:58 | INFO    | aps             | GET    200    14.9ms /api/materials/?page=1&page_size=1000
2026-05-26 13:58:58 | INFO    | aps             | GET    200    17.3ms /api/production-orders/?page=1&page_size=10
2026-05-26 13:58:58 | INFO    | aps             | GET    200     9.2ms /api/production-orders/?page=1&page_size=10
2026-05-26 13:58:58 | INFO    | aps             | GET    200     9.2ms /api/materials/?page=1&page_size=1000
2026-05-26 13:59:01 | INFO    | aps             | DELETE 204    34.7ms /api/production-orders/200a56bc9df947a0af621001357ae301
2026-05-26 13:59:01 | INFO    | aps             | GET    307     0.0ms /api/production-orders?page=1&page_size=10
2026-05-26 13:59:01 | INFO    | aps             | GET    200     6.8ms /api/production-orders/?page=1&page_size=10
2026-05-26 13:59:03 | INFO    | aps             | DELETE 204    27.5ms /api/production-orders/a1422ba758a646c893cd567a59e9a777
2026-05-26 13:59:03 | INFO    | aps             | GET    307     0.0ms /api/production-orders?page=1&page_size=10
2026-05-26 13:59:03 | INFO    | aps             | GET    200     7.6ms /api/production-orders/?page=1&page_size=10
2026-05-26 13:59:05 | INFO    | aps             | GET    307     1.0ms /api/production-orders?page=1&page_size=1000
2026-05-26 13:59:05 | INFO    | aps             | GET    307     0.0ms /api/production-orders?page=1&page_size=1000
2026-05-26 13:59:05 | INFO    | aps             | GET    200     8.7ms /api/production-orders/?page=1&page_size=1000
2026-05-26 13:59:05 | INFO    | aps             | GET    200     4.9ms /api/production-orders/?page=1&page_size=1000
2026-05-26 13:59:08 | INFO    | aps             | POST   200     5.3ms /api/smart-scheduling/generate
2026-05-26 13:59:08 | INFO    | aps.solve       | 开始排产: strategy=None, 可排产订单数=2
2026-05-26 13:59:08 | INFO    | aps.mrp         | 处理订单: code=D001 material_code=C001 quantity=2000
2026-05-26 13:59:08 | INFO    | aps.mrp         |   匹配物料: id=fadbc868875f4c2a8f909a960d19f269 code=C001 name=紫晶装备 source=PRODUCED
2026-05-26 13:59:08 | INFO    | aps.mrp         |   BOM子件数=1, 可用库存=1000
2026-05-26 13:59:08 | INFO    | aps.mrp         |   订单物料 C001 加入DAG, 需求量=2000
2026-05-26 13:59:08 | INFO    | aps.mrp         | 处理订单: code=D002 material_code=C001 quantity=3000
2026-05-26 13:59:08 | INFO    | aps.mrp         |   匹配物料: id=fadbc868875f4c2a8f909a960d19f269 code=C001 name=紫晶装备 source=PRODUCED
2026-05-26 13:59:08 | INFO    | aps.mrp         |   BOM子件数=1, 可用库存=1000
2026-05-26 13:59:08 | INFO    | aps.solve       | MRP完成: 缺料DAG节点数=2, 补充订单数=2
2026-05-26 13:59:08 | INFO    | aps.task_gen    | 缺料DAG: 2个节点, 1条边
2026-05-26 13:59:08 | INFO    | aps.task_gen    |   DAG节点: material=C001(fadbc868875f4c2a8f909a960d19f269) source=PRODUCED demand=5000.00 orders={'283234fdec2d4a26a5cc65932a2e3b2c': 2000.0, '2fc77e30d6bd44b3bd76d3ce3e1b8c58': 3000.0}
2026-05-26 13:59:08 | INFO    | aps.task_gen    |   DAG节点: material=W001(5a5959f29f6643129210ee4dbcebf84f) source=PRODUCED demand=4000.00 orders={'283234fdec2d4a26a5cc65932a2e3b2c': 1000.0, '2fc77e30d6bd44b3bd76d3ce3e1b8c58': 3000.0}
2026-05-26 13:59:08 | INFO    | aps.task_gen    | 拓扑排序后物料顺序 (2): ['5a5959f29f6643129210ee4dbcebf84f', 'fadbc868875f4c2a8f909a960d19f269']
2026-05-26 13:59:08 | INFO    | aps.task_gen    |   工序 G002: 从数据库刷新主资源=['af35d6ac']
2026-05-26 13:59:08 | INFO    | aps.task_gen    |   工序 G002: 从数据库刷新主资源=['af35d6ac']
2026-05-26 13:59:08 | INFO    | aps.task_gen    |   工序 G001: 从数据库刷新主资源=['579a3c2c', '9632c720']
2026-05-26 13:59:08 | INFO    | aps.task_gen    |   工序 G001: 从数据库刷新主资源=['579a3c2c', '9632c720']
2026-05-26 13:59:08 | INFO    | aps.task_gen    | 任务生成完成: 共生成 4 个任务, 4 个订单关联记录
2026-05-26 13:59:08 | INFO    | aps.solve       | 求解准备: 任务数=4, 资源数=3
2026-05-26 13:59:08 | INFO    | aps.solve       |   资源: id=579a3c2c code=Z001 name=装备压铸机 status=NORMAL throughput=10/H group=None
2026-05-26 13:59:08 | INFO    | aps.solve       |   资源: id=9632c720 code=Z002 name=装备压铸机 status=NORMAL throughput=10/H group=None
2026-05-26 13:59:08 | INFO    | aps.solve       |   资源: id=af35d6ac code=Z003 name=零件打磨机 status=NORMAL throughput=20/H group=None
2026-05-26 13:59:08 | INFO    | aps.solve       | 工作日历已加载: 1个日历, 1个工作模式
2026-05-26 13:59:08 | INFO    | aps.scheduler   |   任务 TASK-D001-G002-1(G002): qty=1000, 资源=1个, 工期=['3000']分
2026-05-26 13:59:08 | INFO    | aps.scheduler   |   任务 TASK-D002-G002-1(G002): qty=3000, 资源=1个, 工期=['9000']分
2026-05-26 13:59:08 | INFO    | aps.scheduler   |   任务 TASK-D001-G001-2(G001): qty=2000, 资源=2个, 工期=['12000', '12000']分
2026-05-26 13:59:08 | INFO    | aps.scheduler   |   任务 TASK-D002-G001-2(G001): qty=3000, 资源=2个, 工期=['18000', '18000']分
2026-05-26 13:59:08 | INFO    | aps.scheduler   | 工作日历已激活，求解器将基于工作分钟空间建模
2026-05-26 13:59:08 | INFO    | aps.scheduler   | 构建CP模型: 总任务=4, 跳过=0, 有效=4, 资源=3
2026-05-26 13:59:08 | INFO    | aps.scheduler   | 工作分钟空间: horizon=64440分(1074.0工时), 总工时=42000分
2026-05-26 13:59:08 | INFO    | aps.scheduler   |   求解结果 - TASK-D001-G002-1 -> 零件打磨机(Z003) offset=0 dur=3000
2026-05-26 13:59:08 | INFO    | aps.scheduler   |   求解结果 - TASK-D002-G002-1 -> 零件打磨机(Z003) offset=3000 dur=9000
2026-05-26 13:59:08 | INFO    | aps.scheduler   |   求解结果 - TASK-D001-G001-2 -> 装备压铸机(Z002) offset=3000 dur=12000
2026-05-26 13:59:08 | INFO    | aps.scheduler   |   求解结果 - TASK-D002-G001-2 -> 装备压铸机(Z001) offset=12000 dur=18000
2026-05-26 13:59:08 | INFO    | aps.solve       | 资源分配结果: {'TASK-D001-G002-1': '零件打磨机', 'TASK-D002-G002-1': '零件打磨机', 'TASK-D001-G001-2': '装备压铸机', 'TASK-D002-G001-2': '装备压铸机'}
2026-05-26 13:59:10 | INFO    | aps             | GET    200     0.5ms /api/smart-scheduling/plan/progress?task_id=eaf5614c782441e0adc8bea373648851
2026-05-26 13:59:11 | INFO    | aps             | POST   200    16.7ms /api/smart-scheduling/preview/plan/resource/gantt
2026-05-26 13:59:11 | INFO    | aps             | POST   200    19.7ms /api/smart-scheduling/preview/plan/tasks
2026-05-26 13:59:15 | INFO    | aps             | POST   200    32.5ms /api/smart-scheduling/plan/pending/confirm
2026-05-26 13:59:16 | INFO    | aps             | POST   200    31.9ms /api/smart-scheduling/plan/resource/gantt
2026-05-26 13:59:16 | INFO    | aps             | GET    307    32.3ms /api/production-orders?page=1&page_size=1000
2026-05-26 13:59:16 | INFO    | aps             | GET    200    35.4ms /api/smart-scheduling/plan/tasks?page=1&page_size=10
2026-05-26 13:59:16 | INFO    | aps             | POST   200    36.9ms /api/smart-scheduling/plan/resource/gantt
2026-05-26 13:59:16 | INFO    | aps             | GET    307     0.0ms /api/production-orders?page=1&page_size=1000
2026-05-26 13:59:16 | INFO    | aps             | GET    200    11.7ms /api/smart-scheduling/plan/tasks?page=1&page_size=10
2026-05-26 13:59:17 | INFO    | aps             | GET    200     8.7ms /api/production-orders/?page=1&page_size=1000
2026-05-26 13:59:17 | INFO    | aps             | GET    200     9.3ms /api/production-orders/?page=1&page_size=1000
2026-05-26 14:01:28 | INFO    | aps             | GET    307     1.4ms /api/production-orders?page=1&page_size=1000
2026-05-26 14:01:28 | INFO    | aps             | GET    307     0.0ms /api/production-orders?page=1&page_size=1000
2026-05-26 14:01:28 | INFO    | aps             | GET    200     9.3ms /api/production-orders/?page=1&page_size=1000
2026-05-26 14:01:28 | INFO    | aps             | GET    200     9.1ms /api/production-orders/?page=1&page_size=1000
2026-05-26 14:01:29 | INFO    | aps             | GET    307     0.0ms /api/materials?page=1&page_size=1000
2026-05-26 14:01:29 | INFO    | aps             | GET    307     2.2ms /api/production-orders?page=1&page_size=10
2026-05-26 14:01:29 | INFO    | aps             | GET    307     0.0ms /api/materials?page=1&page_size=1000
2026-05-26 14:01:29 | INFO    | aps             | GET    307     3.8ms /api/production-orders?page=1&page_size=10
2026-05-26 14:01:29 | INFO    | aps             | GET    200    14.1ms /api/materials/?page=1&page_size=1000
2026-05-26 14:01:29 | INFO    | aps             | GET    200    16.1ms /api/production-orders/?page=1&page_size=10
2026-05-26 14:01:29 | INFO    | aps             | GET    200    17.4ms /api/materials/?page=1&page_size=1000
2026-05-26 14:01:29 | INFO    | aps             | GET    200    11.9ms /api/production-orders/?page=1&page_size=10
2026-05-26 14:01:30 | INFO    | aps             | GET    307     0.0ms /api/incoming-material-orders?page=1&page_size=10
2026-05-26 14:01:30 | INFO    | aps             | GET    307     3.0ms /api/materials?page=1&page_size=1000
2026-05-26 14:01:30 | INFO    | aps             | GET    307     2.1ms /api/incoming-material-orders?page=1&page_size=10
2026-05-26 14:01:30 | INFO    | aps             | GET    307     3.0ms /api/materials?page=1&page_size=1000
2026-05-26 14:01:30 | INFO    | aps             | GET    200    18.8ms /api/incoming-material-orders/?page=1&page_size=10
2026-05-26 14:01:30 | INFO    | aps             | GET    200    16.5ms /api/materials/?page=1&page_size=1000
2026-05-26 14:01:30 | INFO    | aps             | GET    200    10.6ms /api/incoming-material-orders/?page=1&page_size=10
2026-05-26 14:01:30 | INFO    | aps             | GET    200    10.0ms /api/materials/?page=1&page_size=1000
2026-05-26 14:01:31 | INFO    | aps             | GET    307     1.0ms /api/production-orders?page=1&page_size=10
2026-05-26 14:01:31 | INFO    | aps             | GET    307     0.0ms /api/materials?page=1&page_size=1000
2026-05-26 14:01:31 | INFO    | aps             | GET    307     0.0ms /api/production-orders?page=1&page_size=10
2026-05-26 14:01:31 | INFO    | aps             | GET    307     1.0ms /api/materials?page=1&page_size=1000
2026-05-26 14:01:31 | INFO    | aps             | GET    200    15.6ms /api/production-orders/?page=1&page_size=10
2026-05-26 14:01:31 | INFO    | aps             | GET    200    12.8ms /api/materials/?page=1&page_size=1000
2026-05-26 14:01:31 | INFO    | aps             | GET    200    12.9ms /api/production-orders/?page=1&page_size=10
2026-05-26 14:01:31 | INFO    | aps             | GET    200     8.1ms /api/materials/?page=1&page_size=1000
2026-05-26 14:01:35 | INFO    | aps             | DELETE 204    29.9ms /api/production-orders/41099c959b844d2495cf39b67444ce00
2026-05-26 14:01:35 | INFO    | aps             | GET    307     0.0ms /api/production-orders?page=1&page_size=10
2026-05-26 14:01:35 | INFO    | aps             | GET    200    10.2ms /api/production-orders/?page=1&page_size=10
2026-05-26 14:01:37 | INFO    | aps             | DELETE 204    28.6ms /api/production-orders/cb6591ad6f6449009e8fc0c6b3e0e109
2026-05-26 14:01:37 | INFO    | aps             | GET    307     0.0ms /api/production-orders?page=1&page_size=10
2026-05-26 14:01:37 | INFO    | aps             | GET    200    11.1ms /api/production-orders/?page=1&page_size=10
2026-05-26 14:01:38 | INFO    | aps             | DELETE 204    28.8ms /api/production-orders/2fc77e30d6bd44b3bd76d3ce3e1b8c58
2026-05-26 14:01:38 | INFO    | aps             | GET    307     1.0ms /api/production-orders?page=1&page_size=10
2026-05-26 14:01:38 | INFO    | aps             | GET    200     8.9ms /api/production-orders/?page=1&page_size=10
2026-05-26 14:01:39 | INFO    | aps             | DELETE 204    30.1ms /api/production-orders/283234fdec2d4a26a5cc65932a2e3b2c
2026-05-26 14:01:39 | INFO    | aps             | GET    307     1.0ms /api/production-orders?page=1&page_size=10
2026-05-26 14:01:39 | INFO    | aps             | GET    200     6.9ms /api/production-orders/?page=1&page_size=10
2026-05-26 14:01:42 | INFO    | aps             | GET    307     1.0ms /api/production-orders?page=1&page_size=1000
2026-05-26 14:01:42 | INFO    | aps             | GET    307     0.0ms /api/production-orders?page=1&page_size=1000
2026-05-26 14:01:42 | INFO    | aps             | GET    200     6.2ms /api/production-orders/?page=1&page_size=1000
2026-05-26 14:01:42 | INFO    | aps             | GET    200     7.4ms /api/production-orders/?page=1&page_size=1000
2026-05-26 14:01:42 | INFO    | aps             | POST   200    14.7ms /api/smart-scheduling/plan/resource/gantt
2026-05-26 14:01:42 | INFO    | aps             | GET    200    17.3ms /api/smart-scheduling/plan/tasks?page=1&page_size=10
2026-05-26 14:01:42 | INFO    | aps             | GET    307     9.0ms /api/production-orders?page=1&page_size=1000
2026-05-26 14:01:42 | INFO    | aps             | POST   200    28.4ms /api/smart-scheduling/plan/resource/gantt
2026-05-26 14:01:42 | INFO    | aps             | GET    307     2.6ms /api/production-orders?page=1&page_size=1000
2026-05-26 14:01:42 | INFO    | aps             | GET    200     8.8ms /api/smart-scheduling/plan/tasks?page=1&page_size=10
2026-05-26 14:01:42 | INFO    | aps             | GET    200    15.4ms /api/production-orders/?page=1&page_size=1000
2026-05-26 14:01:42 | INFO    | aps             | GET    200     7.6ms /api/production-orders/?page=1&page_size=1000
2026-05-26 14:01:43 | INFO    | aps             | GET    307     0.0ms /api/production-orders?page=1&page_size=1000
2026-05-26 14:01:43 | INFO    | aps             | GET    307     0.0ms /api/production-orders?page=1&page_size=1000
2026-05-26 14:01:43 | INFO    | aps             | GET    200     8.2ms /api/production-orders/?page=1&page_size=1000
2026-05-26 14:01:43 | INFO    | aps             | GET    200     3.7ms /api/production-orders/?page=1&page_size=1000
2026-05-26 14:01:45 | INFO    | aps             | POST   200     6.9ms /api/smart-scheduling/generate
2026-05-26 14:01:47 | INFO    | aps             | GET    200     0.0ms /api/smart-scheduling/plan/progress?task_id=7e6592fbb0644dd9b6ce3cc1b893445b
2026-05-26 14:01:49 | INFO    | aps             | GET    307     1.0ms /api/production-orders?page=1&page_size=10
2026-05-26 14:01:49 | INFO    | aps             | GET    307     4.8ms /api/materials?page=1&page_size=1000
2026-05-26 14:01:49 | INFO    | aps             | GET    307     0.9ms /api/production-orders?page=1&page_size=10
2026-05-26 14:01:49 | INFO    | aps             | GET    307     0.0ms /api/materials?page=1&page_size=1000
2026-05-26 14:01:49 | INFO    | aps             | GET    200     8.5ms /api/production-orders/?page=1&page_size=10
2026-05-26 14:01:49 | INFO    | aps             | GET    200    10.0ms /api/materials/?page=1&page_size=1000
2026-05-26 14:01:49 | INFO    | aps             | GET    200    10.2ms /api/production-orders/?page=1&page_size=10
2026-05-26 14:01:49 | INFO    | aps             | GET    200     9.5ms /api/materials/?page=1&page_size=1000
2026-05-26 14:01:52 | INFO    | aps             | GET    200     8.1ms /api/work-modes?page=1&page_size=10
2026-05-26 14:01:52 | INFO    | aps             | GET    200     4.4ms /api/work-modes?page=1&page_size=10
2026-05-26 14:01:53 | INFO    | aps             | GET    307     1.0ms /api/incoming-material-orders?page=1&page_size=10
2026-05-26 14:01:53 | INFO    | aps             | GET    307     2.5ms /api/materials?page=1&page_size=1000
2026-05-26 14:01:53 | INFO    | aps             | GET    307     1.5ms /api/incoming-material-orders?page=1&page_size=10
2026-05-26 14:01:53 | INFO    | aps             | GET    307     1.6ms /api/materials?page=1&page_size=1000
2026-05-26 14:01:53 | INFO    | aps             | GET    200    11.5ms /api/incoming-material-orders/?page=1&page_size=10
2026-05-26 14:01:53 | INFO    | aps             | GET    200    14.0ms /api/materials/?page=1&page_size=1000
2026-05-26 14:01:53 | INFO    | aps             | GET    200    10.4ms /api/incoming-material-orders/?page=1&page_size=10
2026-05-26 14:01:53 | INFO    | aps             | GET    200     7.7ms /api/materials/?page=1&page_size=1000
2026-05-26 14:01:54 | INFO    | aps             | GET    307     0.5ms /api/production-orders?page=1&page_size=10
2026-05-26 14:01:54 | INFO    | aps             | GET    307     0.0ms /api/materials?page=1&page_size=1000
2026-05-26 14:01:54 | INFO    | aps             | GET    307     5.0ms /api/production-orders?page=1&page_size=10
2026-05-26 14:01:54 | INFO    | aps             | GET    307     0.0ms /api/materials?page=1&page_size=1000
2026-05-26 14:01:54 | INFO    | aps             | GET    200    14.3ms /api/production-orders/?page=1&page_size=10
2026-05-26 14:01:54 | INFO    | aps             | GET    200    23.4ms /api/materials/?page=1&page_size=1000
2026-05-26 14:01:54 | INFO    | aps             | GET    200    10.3ms /api/production-orders/?page=1&page_size=10
2026-05-26 14:01:54 | INFO    | aps             | GET    200    10.3ms /api/materials/?page=1&page_size=1000
2026-05-26 14:02:17 | INFO    | aps             | POST   307     0.0ms /api/production-orders
2026-05-26 14:02:17 | INFO    | aps             | OPTIONS 200     0.0ms /api/production-orders/
2026-05-26 14:02:17 | INFO    | aps             | POST   201    28.7ms /api/production-orders/
2026-05-26 14:02:17 | INFO    | aps             | GET    307     1.5ms /api/production-orders?page=1&page_size=10
2026-05-26 14:02:17 | INFO    | aps             | GET    200    10.4ms /api/production-orders/?page=1&page_size=10
2026-05-26 14:02:34 | INFO    | aps             | POST   307     0.0ms /api/production-orders
2026-05-26 14:02:34 | INFO    | aps             | POST   201    26.7ms /api/production-orders/
2026-05-26 14:02:34 | INFO    | aps             | GET    307     0.5ms /api/production-orders?page=1&page_size=10
2026-05-26 14:02:34 | INFO    | aps             | GET    200     8.8ms /api/production-orders/?page=1&page_size=10
2026-05-26 14:02:37 | INFO    | aps             | GET    307     0.0ms /api/production-orders?page=1&page_size=1000
2026-05-26 14:02:37 | INFO    | aps             | GET    307     0.0ms /api/production-orders?page=1&page_size=1000
2026-05-26 14:02:37 | INFO    | aps             | GET    200     7.5ms /api/production-orders/?page=1&page_size=1000
2026-05-26 14:02:37 | INFO    | aps             | GET    200     7.8ms /api/production-orders/?page=1&page_size=1000
2026-05-26 14:02:40 | INFO    | aps             | POST   200     5.7ms /api/smart-scheduling/generate
2026-05-26 14:02:40 | INFO    | aps.solve       | 开始排产: strategy=None, 可排产订单数=2
2026-05-26 14:02:40 | INFO    | aps.mrp         | 处理订单: code=D001 material_code=C001 quantity=1000
2026-05-26 14:02:40 | INFO    | aps.mrp         |   匹配物料: id=fadbc868875f4c2a8f909a960d19f269 code=C001 name=紫晶装备 source=PRODUCED
2026-05-26 14:02:40 | INFO    | aps.mrp         |   BOM子件数=1, 可用库存=1000
2026-05-26 14:02:40 | INFO    | aps.mrp         |   订单物料 C001 加入DAG, 需求量=1000
2026-05-26 14:02:40 | INFO    | aps.mrp         | 处理订单: code=D002 material_code=C001 quantity=2000
2026-05-26 14:02:40 | INFO    | aps.mrp         |   匹配物料: id=fadbc868875f4c2a8f909a960d19f269 code=C001 name=紫晶装备 source=PRODUCED
2026-05-26 14:02:40 | INFO    | aps.mrp         |   BOM子件数=1, 可用库存=1000
2026-05-26 14:02:40 | INFO    | aps.solve       | MRP完成: 缺料DAG节点数=2, 补充订单数=1
2026-05-26 14:02:40 | INFO    | aps.task_gen    | 缺料DAG: 2个节点, 1条边
2026-05-26 14:02:40 | INFO    | aps.task_gen    |   DAG节点: material=C001(fadbc868875f4c2a8f909a960d19f269) source=PRODUCED demand=3000.00 orders={'4401cb8f08de47219300f3203204daa8': 1000.0, '8f2d3f6b31b04d75818b137220e10177': 2000.0}
2026-05-26 14:02:40 | INFO    | aps.task_gen    |   DAG节点: material=W001(5a5959f29f6643129210ee4dbcebf84f) source=PRODUCED demand=1000.00 orders={'8f2d3f6b31b04d75818b137220e10177': 1000.0}
2026-05-26 14:02:40 | INFO    | aps.task_gen    | 拓扑排序后物料顺序 (2): ['5a5959f29f6643129210ee4dbcebf84f', 'fadbc868875f4c2a8f909a960d19f269']
2026-05-26 14:02:40 | INFO    | aps.task_gen    |   工序 G002: 从数据库刷新主资源=['af35d6ac']
2026-05-26 14:02:40 | INFO    | aps.task_gen    |   工序 G001: 从数据库刷新主资源=['579a3c2c', '9632c720']
2026-05-26 14:02:40 | INFO    | aps.task_gen    |   工序 G001: 从数据库刷新主资源=['579a3c2c', '9632c720']
2026-05-26 14:02:40 | INFO    | aps.task_gen    | 任务生成完成: 共生成 3 个任务, 3 个订单关联记录
2026-05-26 14:02:40 | INFO    | aps.solve       | 求解准备: 任务数=3, 资源数=3
2026-05-26 14:02:40 | INFO    | aps.solve       |   资源: id=579a3c2c code=Z001 name=装备压铸机 status=NORMAL throughput=10/H group=None
2026-05-26 14:02:40 | INFO    | aps.solve       |   资源: id=9632c720 code=Z002 name=装备压铸机 status=NORMAL throughput=10/H group=None
2026-05-26 14:02:40 | INFO    | aps.solve       |   资源: id=af35d6ac code=Z003 name=零件打磨机 status=NORMAL throughput=20/H group=None
2026-05-26 14:02:40 | INFO    | aps.solve       | 工作日历已加载: 1个日历, 1个工作模式
2026-05-26 14:02:40 | INFO    | aps.scheduler   |   任务 TASK-D002-G002-1(G002): qty=1000, 资源=1个, 工期=['3000']分
2026-05-26 14:02:40 | INFO    | aps.scheduler   |   任务 TASK-D001-G001-1(G001): qty=1000, 资源=2个, 工期=['6000', '6000']分
2026-05-26 14:02:40 | INFO    | aps.scheduler   |   任务 TASK-D002-G001-2(G001): qty=2000, 资源=2个, 工期=['12000', '12000']分
2026-05-26 14:02:40 | INFO    | aps.scheduler   | 工作日历已激活，求解器将基于工作分钟空间建模
2026-05-26 14:02:40 | INFO    | aps.scheduler   | 构建CP模型: 总任务=3, 跳过=0, 有效=3, 资源=3
2026-05-26 14:02:40 | INFO    | aps.scheduler   | 工作分钟空间: horizon=43200分(720.0工时), 总工时=21000分
2026-05-26 14:02:40 | INFO    | aps.scheduler   |   求解结果 - TASK-D002-G002-1 -> 零件打磨机(Z003) offset=0 dur=3000
2026-05-26 14:02:40 | INFO    | aps.scheduler   |   求解结果 - TASK-D001-G001-1 -> 装备压铸机(Z002) offset=0 dur=6000
2026-05-26 14:02:40 | INFO    | aps.scheduler   |   求解结果 - TASK-D002-G001-2 -> 装备压铸机(Z001) offset=3000 dur=12000
2026-05-26 14:02:40 | INFO    | aps.solve       | 资源分配结果: {'TASK-D002-G002-1': '零件打磨机', 'TASK-D001-G001-1': '装备压铸机', 'TASK-D002-G001-2': '装备压铸机'}
2026-05-26 14:02:42 | INFO    | aps             | GET    200     0.0ms /api/smart-scheduling/plan/progress?task_id=219cc31c5ffa49268e9e611bbb6f0434
2026-05-26 14:02:42 | INFO    | aps             | POST   200    17.5ms /api/smart-scheduling/preview/plan/resource/gantt
2026-05-26 14:02:42 | INFO    | aps             | POST   200    21.1ms /api/smart-scheduling/preview/plan/tasks
2026-05-26 14:06:37 | INFO    | aps             | GET    307     1.0ms /api/production-orders?page=1&page_size=1000
2026-05-26 14:06:37 | INFO    | aps             | GET    307     1.0ms /api/production-orders?page=1&page_size=1000
2026-05-26 14:06:38 | INFO    | aps             | GET    200     8.8ms /api/production-orders/?page=1&page_size=1000
2026-05-26 14:06:38 | INFO    | aps             | GET    200     8.6ms /api/production-orders/?page=1&page_size=1000
2026-05-26 14:06:38 | INFO    | aps             | GET    307     1.5ms /api/production-orders?page=1&page_size=1000
2026-05-26 14:06:38 | INFO    | aps             | POST   200    25.3ms /api/smart-scheduling/plan/resource/gantt
2026-05-26 14:06:38 | INFO    | aps             | GET    200    27.1ms /api/smart-scheduling/plan/tasks?page=1&page_size=10
2026-05-26 14:06:38 | INFO    | aps             | POST   200    27.6ms /api/smart-scheduling/plan/resource/gantt
2026-05-26 14:06:38 | INFO    | aps             | GET    307     3.4ms /api/production-orders?page=1&page_size=1000
2026-05-26 14:06:38 | INFO    | aps             | GET    200     5.7ms /api/smart-scheduling/plan/tasks?page=1&page_size=10
2026-05-26 14:06:38 | INFO    | aps             | GET    200    18.1ms /api/production-orders/?page=1&page_size=1000
2026-05-26 14:06:38 | INFO    | aps             | GET    200     8.2ms /api/production-orders/?page=1&page_size=1000
2026-05-26 14:06:40 | INFO    | aps             | GET    307     0.5ms /api/production-orders?page=1&page_size=1000
2026-05-26 14:06:40 | INFO    | aps             | GET    307     0.5ms /api/production-orders?page=1&page_size=1000
2026-05-26 14:06:40 | INFO    | aps             | GET    200     8.8ms /api/production-orders/?page=1&page_size=1000
2026-05-26 14:06:40 | INFO    | aps             | GET    200     8.3ms /api/production-orders/?page=1&page_size=1000
2026-05-26 14:06:45 | INFO    | aps             | POST   200    14.3ms /api/smart-scheduling/plan/resource/gantt
2026-05-26 14:06:45 | INFO    | aps             | GET    307    13.4ms /api/production-orders?page=1&page_size=1000
2026-05-26 14:06:45 | INFO    | aps             | GET    200    16.8ms /api/smart-scheduling/plan/tasks?page=1&page_size=10
2026-05-26 14:06:45 | INFO    | aps             | POST   200    18.4ms /api/smart-scheduling/plan/resource/gantt
2026-05-26 14:06:45 | INFO    | aps             | GET    307     0.0ms /api/production-orders?page=1&page_size=1000
2026-05-26 14:06:45 | INFO    | aps             | GET    200     5.1ms /api/smart-scheduling/plan/tasks?page=1&page_size=10
2026-05-26 14:06:45 | INFO    | aps             | GET    200     6.0ms /api/production-orders/?page=1&page_size=1000
2026-05-26 14:06:45 | INFO    | aps             | GET    200     6.7ms /api/production-orders/?page=1&page_size=1000
2026-05-26 14:06:46 | INFO    | aps             | GET    307     1.0ms /api/production-orders?page=1&page_size=1000
2026-05-26 14:06:46 | INFO    | aps             | GET    307     0.0ms /api/production-orders?page=1&page_size=1000
2026-05-26 14:06:46 | INFO    | aps             | GET    200     9.3ms /api/production-orders/?page=1&page_size=1000
2026-05-26 14:06:46 | INFO    | aps             | GET    200     6.5ms /api/production-orders/?page=1&page_size=1000
2026-05-26 14:06:53 | INFO    | aps             | GET    307     1.3ms /api/production-orders?page=1&page_size=10
2026-05-26 14:06:53 | INFO    | aps             | GET    307     2.6ms /api/materials?page=1&page_size=1000
2026-05-26 14:06:53 | INFO    | aps             | GET    307     1.3ms /api/production-orders?page=1&page_size=10
2026-05-26 14:06:53 | INFO    | aps             | GET    307     2.0ms /api/materials?page=1&page_size=1000
2026-05-26 14:06:53 | INFO    | aps             | GET    200    11.2ms /api/production-orders/?page=1&page_size=10
2026-05-26 14:06:53 | INFO    | aps             | GET    200     7.6ms /api/materials/?page=1&page_size=1000
2026-05-26 14:06:53 | INFO    | aps             | GET    200     7.0ms /api/production-orders/?page=1&page_size=10
2026-05-26 14:06:53 | INFO    | aps             | GET    200     6.0ms /api/materials/?page=1&page_size=1000
2026-05-26 14:06:57 | INFO    | aps             | DELETE 204    36.8ms /api/production-orders/cafc5f44a7bf4eaab9b976ad9d86127a
2026-05-26 14:06:57 | INFO    | aps             | GET    307     0.0ms /api/production-orders?page=1&page_size=10
2026-05-26 14:06:57 | INFO    | aps             | GET    200    11.8ms /api/production-orders/?page=1&page_size=10
2026-05-26 14:06:59 | INFO    | aps             | GET    307     2.0ms /api/production-orders?page=1&page_size=1000
2026-05-26 14:06:59 | INFO    | aps             | POST   200    24.2ms /api/smart-scheduling/plan/resource/gantt
2026-05-26 14:06:59 | INFO    | aps             | GET    200    26.3ms /api/smart-scheduling/plan/tasks?page=1&page_size=10
2026-05-26 14:06:59 | INFO    | aps             | POST   200    26.3ms /api/smart-scheduling/plan/resource/gantt
2026-05-26 14:06:59 | INFO    | aps             | GET    307     3.2ms /api/production-orders?page=1&page_size=1000
2026-05-26 14:06:59 | INFO    | aps             | GET    200     8.1ms /api/smart-scheduling/plan/tasks?page=1&page_size=10
2026-05-26 14:06:59 | INFO    | aps             | GET    200    20.8ms /api/production-orders/?page=1&page_size=1000
2026-05-26 14:06:59 | INFO    | aps             | GET    200    10.3ms /api/production-orders/?page=1&page_size=1000
2026-05-26 14:07:00 | INFO    | aps             | GET    307     1.5ms /api/production-orders?page=1&page_size=1000
2026-05-26 14:07:00 | INFO    | aps             | GET    307     0.5ms /api/production-orders?page=1&page_size=1000
2026-05-26 14:07:00 | INFO    | aps             | GET    200    12.1ms /api/production-orders/?page=1&page_size=1000
2026-05-26 14:07:00 | INFO    | aps             | GET    200    11.0ms /api/production-orders/?page=1&page_size=1000
2026-05-26 14:11:52 | INFO    | aps             | POST   200    17.9ms /api/smart-scheduling/generate
2026-05-26 14:11:52 | INFO    | aps.solve       | 开始排产: strategy=None, 可排产订单数=2
2026-05-26 14:11:52 | INFO    | aps.mrp         | 处理订单: code=D001 material_code=C001 quantity=1000
2026-05-26 14:11:52 | INFO    | aps.mrp         |   匹配物料: id=fadbc868875f4c2a8f909a960d19f269 code=C001 name=紫晶装备 source=PRODUCED
2026-05-26 14:11:52 | INFO    | aps.mrp         |   BOM子件数=1, 可用库存=1000
2026-05-26 14:11:52 | INFO    | aps.mrp         |   订单物料 C001 加入DAG, 需求量=1000
2026-05-26 14:11:52 | INFO    | aps.mrp         | 处理订单: code=D002 material_code=C001 quantity=2000
2026-05-26 14:11:52 | INFO    | aps.mrp         |   匹配物料: id=fadbc868875f4c2a8f909a960d19f269 code=C001 name=紫晶装备 source=PRODUCED
2026-05-26 14:11:52 | INFO    | aps.mrp         |   BOM子件数=1, 可用库存=1000
2026-05-26 14:11:52 | INFO    | aps.solve       | MRP完成: 缺料DAG节点数=2, 补充订单数=1
2026-05-26 14:11:52 | INFO    | aps.task_gen    | 缺料DAG: 2个节点, 1条边
2026-05-26 14:11:52 | INFO    | aps.task_gen    |   DAG节点: material=C001(fadbc868875f4c2a8f909a960d19f269) source=PRODUCED demand=3000.00 orders={'4401cb8f08de47219300f3203204daa8': 1000.0, '8f2d3f6b31b04d75818b137220e10177': 2000.0}
2026-05-26 14:11:52 | INFO    | aps.task_gen    |   DAG节点: material=W001(5a5959f29f6643129210ee4dbcebf84f) source=PRODUCED demand=1000.00 orders={'8f2d3f6b31b04d75818b137220e10177': 1000.0}
2026-05-26 14:11:52 | INFO    | aps.task_gen    | 拓扑排序后物料顺序 (2): ['5a5959f29f6643129210ee4dbcebf84f', 'fadbc868875f4c2a8f909a960d19f269']
2026-05-26 14:11:52 | INFO    | aps.task_gen    |   工序 G002: 从数据库刷新主资源=['af35d6ac']
2026-05-26 14:11:52 | INFO    | aps.task_gen    |   工序 G001: 从数据库刷新主资源=['579a3c2c', '9632c720']
2026-05-26 14:11:52 | INFO    | aps.task_gen    |   工序 G001: 从数据库刷新主资源=['579a3c2c', '9632c720']
2026-05-26 14:11:52 | INFO    | aps.task_gen    | 任务生成完成: 共生成 3 个任务, 3 个订单关联记录
2026-05-26 14:11:52 | INFO    | aps.solve       | 求解准备: 任务数=3, 资源数=3
2026-05-26 14:11:52 | INFO    | aps.solve       |   资源: id=579a3c2c code=Z001 name=装备压铸机 status=NORMAL throughput=10/H group=None
2026-05-26 14:11:52 | INFO    | aps.solve       |   资源: id=9632c720 code=Z002 name=装备压铸机 status=NORMAL throughput=10/H group=None
2026-05-26 14:11:52 | INFO    | aps.solve       |   资源: id=af35d6ac code=Z003 name=零件打磨机 status=NORMAL throughput=20/H group=None
2026-05-26 14:11:52 | INFO    | aps.solve       | 工作日历已加载: 1个日历, 1个工作模式
2026-05-26 14:11:52 | INFO    | aps.scheduler   |   任务 TASK-D002-G002-1(G002): qty=1000, 资源=1个, 工期=['3000']分
2026-05-26 14:11:52 | INFO    | aps.scheduler   |   任务 TASK-D001-G001-1(G001): qty=1000, 资源=2个, 工期=['6000', '6000']分
2026-05-26 14:11:52 | INFO    | aps.scheduler   |   任务 TASK-D002-G001-2(G001): qty=2000, 资源=2个, 工期=['12000', '12000']分
2026-05-26 14:11:52 | INFO    | aps.scheduler   | 工作日历已激活，求解器将基于工作分钟空间建模
2026-05-26 14:11:52 | INFO    | aps.scheduler   | 构建CP模型: 总任务=3, 跳过=0, 有效=3, 资源=3
2026-05-26 14:11:52 | INFO    | aps.scheduler   | 工作分钟空间: horizon=43200分(720.0工时), 总工时=21000分
2026-05-26 14:11:52 | INFO    | aps.scheduler   |   求解结果 - TASK-D002-G002-1 -> 零件打磨机(Z003) offset=0 dur=3000
2026-05-26 14:11:52 | INFO    | aps.scheduler   |   求解结果 - TASK-D001-G001-1 -> 装备压铸机(Z002) offset=0 dur=6000
2026-05-26 14:11:52 | INFO    | aps.scheduler   |   求解结果 - TASK-D002-G001-2 -> 装备压铸机(Z001) offset=3000 dur=12000
2026-05-26 14:11:52 | INFO    | aps.solve       | 资源分配结果: {'TASK-D002-G002-1': '零件打磨机', 'TASK-D001-G001-1': '装备压铸机', 'TASK-D002-G001-2': '装备压铸机'}
2026-05-26 14:11:54 | INFO    | aps             | GET    200     0.5ms /api/smart-scheduling/plan/progress?task_id=e224932e85d945da9193f15ac98086e0
2026-05-26 14:11:54 | INFO    | aps             | POST   200    15.5ms /api/smart-scheduling/preview/plan/tasks
2026-05-26 14:11:54 | INFO    | aps             | POST   200    18.1ms /api/smart-scheduling/preview/plan/resource/gantt
2026-05-26 14:13:09 | INFO    | aps             | 数据库表已就绪
2026-05-26 14:13:19 | INFO    | aps             | GET    307     0.5ms /api/production-orders?page=1&page_size=1000
2026-05-26 14:13:19 | INFO    | aps             | GET    307     0.0ms /api/production-orders?page=1&page_size=1000
2026-05-26 14:13:19 | INFO    | aps             | GET    200    25.0ms /api/production-orders/?page=1&page_size=1000
2026-05-26 14:13:19 | INFO    | aps             | GET    200     8.4ms /api/production-orders/?page=1&page_size=1000
2026-05-26 14:13:26 | INFO    | aps             | GET    307     0.0ms /api/materials?page=1&page_size=1000
2026-05-26 14:13:26 | INFO    | aps             | GET    307     3.2ms /api/production-orders?page=1&page_size=10
2026-05-26 14:13:26 | INFO    | aps             | GET    307     0.5ms /api/materials?page=1&page_size=1000
2026-05-26 14:13:26 | INFO    | aps             | GET    307     1.5ms /api/production-orders?page=1&page_size=10
2026-05-26 14:13:26 | INFO    | aps             | GET    200    71.6ms /api/materials/?page=1&page_size=1000
2026-05-26 14:13:26 | INFO    | aps             | GET    200     9.3ms /api/materials/?page=1&page_size=1000
2026-05-26 14:13:26 | INFO    | aps             | GET    200    91.8ms /api/production-orders/?page=1&page_size=10
2026-05-26 14:13:26 | INFO    | aps             | GET    200     9.8ms /api/production-orders/?page=1&page_size=10
2026-05-26 14:13:28 | INFO    | aps             | DELETE 204    38.2ms /api/production-orders/1f16877326ed488a9065d2ffc12dcc66
2026-05-26 14:13:28 | INFO    | aps             | GET    307     0.4ms /api/production-orders?page=1&page_size=10
2026-05-26 14:13:28 | INFO    | aps             | GET    200     6.6ms /api/production-orders/?page=1&page_size=10
2026-05-26 14:13:31 | INFO    | aps             | GET    307     0.0ms /api/production-orders?page=1&page_size=1000
2026-05-26 14:13:31 | INFO    | aps             | GET    307     0.5ms /api/production-orders?page=1&page_size=1000
2026-05-26 14:13:31 | INFO    | aps             | GET    200     8.6ms /api/production-orders/?page=1&page_size=1000
2026-05-26 14:13:31 | INFO    | aps             | GET    200     6.3ms /api/production-orders/?page=1&page_size=1000
2026-05-26 14:13:34 | INFO    | aps             | POST   200    19.7ms /api/smart-scheduling/generate
2026-05-26 14:13:34 | INFO    | aps.solve       | 开始排产: strategy=None, 可排产订单数=2
2026-05-26 14:13:34 | INFO    | aps.mrp         | 处理订单: code=D001 material_code=C001 quantity=1000
2026-05-26 14:13:34 | INFO    | aps.mrp         |   匹配物料: id=fadbc868875f4c2a8f909a960d19f269 code=C001 name=紫晶装备 source=PRODUCED
2026-05-26 14:13:34 | INFO    | aps.mrp         |   BOM子件数=1, 可用库存=1000
2026-05-26 14:13:34 | INFO    | aps.mrp         |   订单物料 C001 加入DAG, 需求量=1000
2026-05-26 14:13:34 | INFO    | aps.mrp         | 处理订单: code=D002 material_code=C001 quantity=2000
2026-05-26 14:13:34 | INFO    | aps.mrp         |   匹配物料: id=fadbc868875f4c2a8f909a960d19f269 code=C001 name=紫晶装备 source=PRODUCED
2026-05-26 14:13:34 | INFO    | aps.mrp         |   BOM子件数=1, 可用库存=1000
2026-05-26 14:13:34 | INFO    | aps.solve       | MRP完成: 缺料DAG节点数=2, 补充订单数=2
2026-05-26 14:13:34 | INFO    | aps.task_gen    | 缺料DAG: 2个节点, 1条边
2026-05-26 14:13:34 | INFO    | aps.task_gen    |   DAG节点: material=C001(fadbc868875f4c2a8f909a960d19f269) source=PRODUCED demand=3000.00 orders={'4401cb8f08de47219300f3203204daa8': 1000.0, '8f2d3f6b31b04d75818b137220e10177': 2000.0}
2026-05-26 14:13:34 | INFO    | aps.task_gen    |   DAG节点: material=W001(5a5959f29f6643129210ee4dbcebf84f) source=PRODUCED demand=3000.00 orders={'4401cb8f08de47219300f3203204daa8': 1000.0, '8f2d3f6b31b04d75818b137220e10177': 2000.0}
2026-05-26 14:13:34 | INFO    | aps.task_gen    | 拓扑排序后物料顺序 (2): ['5a5959f29f6643129210ee4dbcebf84f', 'fadbc868875f4c2a8f909a960d19f269']
2026-05-26 14:13:34 | INFO    | aps.task_gen    |   工序 G002: 从数据库刷新主资源=['af35d6ac']
2026-05-26 14:13:34 | INFO    | aps.task_gen    |   工序 G002: 从数据库刷新主资源=['af35d6ac']
2026-05-26 14:13:34 | INFO    | aps.task_gen    |   工序 G001: 从数据库刷新主资源=['579a3c2c', '9632c720']
2026-05-26 14:13:34 | INFO    | aps.task_gen    |   工序 G001: 从数据库刷新主资源=['579a3c2c', '9632c720']
2026-05-26 14:13:34 | INFO    | aps.task_gen    | 任务生成完成: 共生成 4 个任务, 4 个订单关联记录
2026-05-26 14:13:34 | INFO    | aps.solve       | 求解准备: 任务数=4, 资源数=3
2026-05-26 14:13:34 | INFO    | aps.solve       |   资源: id=579a3c2c code=Z001 name=装备压铸机 status=NORMAL throughput=10/H group=None
2026-05-26 14:13:34 | INFO    | aps.solve       |   资源: id=9632c720 code=Z002 name=装备压铸机 status=NORMAL throughput=10/H group=None
2026-05-26 14:13:34 | INFO    | aps.solve       |   资源: id=af35d6ac code=Z003 name=零件打磨机 status=NORMAL throughput=20/H group=None
2026-05-26 14:13:34 | INFO    | aps.solve       | 工作日历已加载: 1个日历, 1个工作模式
2026-05-26 14:13:34 | INFO    | aps.scheduler   |   任务 TASK-D001-G002-1(G002): qty=1000, 资源=1个, 工期=['3000']分
2026-05-26 14:13:34 | INFO    | aps.scheduler   |   任务 TASK-D002-G002-1(G002): qty=2000, 资源=1个, 工期=['6000']分
2026-05-26 14:13:34 | INFO    | aps.scheduler   |   任务 TASK-D001-G001-2(G001): qty=1000, 资源=2个, 工期=['6000', '6000']分
2026-05-26 14:13:34 | INFO    | aps.scheduler   |   任务 TASK-D002-G001-2(G001): qty=2000, 资源=2个, 工期=['12000', '12000']分
2026-05-26 14:13:34 | INFO    | aps.scheduler   | 工作日历已激活，求解器将基于工作分钟空间建模
2026-05-26 14:13:34 | INFO    | aps.scheduler   | 构建CP模型: 总任务=4, 跳过=0, 有效=4, 资源=3
2026-05-26 14:13:34 | INFO    | aps.scheduler   | 工作分钟空间: horizon=43200分(720.0工时), 总工时=27000分
2026-05-26 14:13:34 | INFO    | aps.scheduler   |   求解结果 - TASK-D001-G002-1 -> 零件打磨机(Z003) offset=0 dur=3000
2026-05-26 14:13:34 | INFO    | aps.scheduler   |   求解结果 - TASK-D002-G002-1 -> 零件打磨机(Z003) offset=3000 dur=6000
2026-05-26 14:13:34 | INFO    | aps.scheduler   |   求解结果 - TASK-D001-G001-2 -> 装备压铸机(Z002) offset=3000 dur=6000
2026-05-26 14:13:34 | INFO    | aps.scheduler   |   求解结果 - TASK-D002-G001-2 -> 装备压铸机(Z001) offset=9000 dur=12000
2026-05-26 14:13:34 | INFO    | aps.solve       | 资源分配结果: {'TASK-D001-G002-1': '零件打磨机', 'TASK-D002-G002-1': '零件打磨机', 'TASK-D001-G001-2': '装备压铸机', 'TASK-D002-G001-2': '装备压铸机'}
2026-05-26 14:13:36 | INFO    | aps             | GET    200     2.5ms /api/smart-scheduling/plan/progress?task_id=bce9810b3dcb4f59a013e85948864064
2026-05-26 14:13:37 | INFO    | aps             | POST   200    16.9ms /api/smart-scheduling/preview/plan/tasks
2026-05-26 14:13:37 | INFO    | aps             | POST   200    25.9ms /api/smart-scheduling/preview/plan/resource/gantt
2026-05-26 14:14:01 | INFO    | aps             | POST   200    37.3ms /api/smart-scheduling/plan/pending/confirm
2026-05-26 14:14:02 | INFO    | aps             | POST   200   104.8ms /api/smart-scheduling/plan/resource/gantt
2026-05-26 14:14:02 | INFO    | aps             | GET    307    97.4ms /api/production-orders?page=1&page_size=1000
2026-05-26 14:14:02 | INFO    | aps             | GET    200   101.9ms /api/smart-scheduling/plan/tasks?page=1&page_size=10
2026-05-26 14:14:02 | INFO    | aps             | POST   200   103.5ms /api/smart-scheduling/plan/resource/gantt
2026-05-26 14:14:02 | INFO    | aps             | GET    307     0.0ms /api/production-orders?page=1&page_size=1000
2026-05-26 14:14:02 | INFO    | aps             | GET    200     8.8ms /api/smart-scheduling/plan/tasks?page=1&page_size=10
2026-05-26 14:14:02 | INFO    | aps             | GET    200     2.6ms /api/production-orders/?page=1&page_size=1000
2026-05-26 14:14:02 | INFO    | aps             | GET    200     4.0ms /api/production-orders/?page=1&page_size=1000
2026-05-26 14:16:34 | INFO    | aps             | GET    307     1.5ms /api/production-orders?page=1&page_size=1000
2026-05-26 14:16:34 | INFO    | aps             | POST   200    31.6ms /api/smart-scheduling/plan/resource/gantt
2026-05-26 14:16:34 | INFO    | aps             | GET    200    34.1ms /api/smart-scheduling/plan/tasks?page=1&page_size=10
2026-05-26 14:16:34 | INFO    | aps             | POST   200    32.5ms /api/smart-scheduling/plan/resource/gantt
2026-05-26 14:16:34 | INFO    | aps             | GET    307     2.1ms /api/production-orders?page=1&page_size=1000
2026-05-26 14:16:34 | INFO    | aps             | GET    200     8.6ms /api/smart-scheduling/plan/tasks?page=1&page_size=10
2026-05-26 14:16:34 | INFO    | aps             | GET    200     7.5ms /api/production-orders/?page=1&page_size=1000
2026-05-26 14:16:34 | INFO    | aps             | GET    200     5.1ms /api/production-orders/?page=1&page_size=1000
2026-05-26 14:20:17 | INFO    | aps             | 数据库表已就绪
2026-05-26 14:20:42 | INFO    | aps             | GET    307     0.0ms /api/production-orders?page=1&page_size=1000
2026-05-26 14:20:42 | INFO    | aps             | GET    307     0.0ms /api/production-orders?page=1&page_size=1000
2026-05-26 14:20:42 | INFO    | aps             | GET    200    28.7ms /api/production-orders/?page=1&page_size=1000
2026-05-26 14:20:42 | INFO    | aps             | GET    200     5.1ms /api/production-orders/?page=1&page_size=1000
2026-05-26 14:20:43 | INFO    | aps             | POST   200   171.0ms /api/smart-scheduling/plan/resource/gantt
2026-05-26 14:20:43 | INFO    | aps             | GET    307   163.0ms /api/production-orders?page=1&page_size=1000
2026-05-26 14:20:43 | INFO    | aps             | GET    200   170.6ms /api/smart-scheduling/plan/tasks?page=1&page_size=10
2026-05-26 14:20:43 | INFO    | aps             | POST   200   171.1ms /api/smart-scheduling/plan/resource/gantt
2026-05-26 14:20:43 | INFO    | aps             | GET    307     1.0ms /api/production-orders?page=1&page_size=1000
2026-05-26 14:20:43 | INFO    | aps             | GET    200    10.0ms /api/smart-scheduling/plan/tasks?page=1&page_size=10
2026-05-26 14:20:43 | INFO    | aps             | GET    200    17.4ms /api/production-orders/?page=1&page_size=1000
2026-05-26 14:20:43 | INFO    | aps             | GET    200     8.1ms /api/production-orders/?page=1&page_size=1000
2026-05-26 14:20:46 | INFO    | aps             | POST   200    18.6ms /api/smart-scheduling/plan/clear
2026-05-26 14:20:46 | INFO    | aps             | GET    307     1.5ms /api/production-orders?page=1&page_size=1000
2026-05-26 14:20:46 | INFO    | aps             | GET    307     0.0ms /api/production-orders?page=1&page_size=1000
2026-05-26 14:20:47 | INFO    | aps             | GET    200    13.6ms /api/production-orders/?page=1&page_size=1000
2026-05-26 14:20:47 | INFO    | aps             | GET    200     9.0ms /api/production-orders/?page=1&page_size=1000
2026-05-26 14:20:52 | INFO    | aps             | GET    307     0.7ms /api/production-orders?page=1&page_size=10
2026-05-26 14:20:52 | INFO    | aps             | GET    307     0.9ms /api/materials?page=1&page_size=1000
2026-05-26 14:20:52 | INFO    | aps             | GET    307     2.5ms /api/production-orders?page=1&page_size=10
2026-05-26 14:20:52 | INFO    | aps             | GET    307     0.0ms /api/materials?page=1&page_size=1000
2026-05-26 14:20:52 | INFO    | aps             | GET    200    14.0ms /api/production-orders/?page=1&page_size=10
2026-05-26 14:20:52 | INFO    | aps             | GET    200    14.9ms /api/materials/?page=1&page_size=1000
2026-05-26 14:20:52 | INFO    | aps             | GET    200     7.1ms /api/production-orders/?page=1&page_size=10
2026-05-26 14:20:52 | INFO    | aps             | GET    200     7.6ms /api/materials/?page=1&page_size=1000
2026-05-26 14:20:54 | INFO    | aps             | DELETE 204    30.2ms /api/production-orders/9f01d75e891c49b69e20a5130ed93cc2
2026-05-26 14:20:54 | INFO    | aps             | GET    307     0.0ms /api/production-orders?page=1&page_size=10
2026-05-26 14:20:54 | INFO    | aps             | GET    200     7.6ms /api/production-orders/?page=1&page_size=10
2026-05-26 14:20:55 | INFO    | aps             | DELETE 204    26.5ms /api/production-orders/bacc777389c74e5bae87143923de60f3
2026-05-26 14:20:55 | INFO    | aps             | GET    307     0.0ms /api/production-orders?page=1&page_size=10
2026-05-26 14:20:55 | INFO    | aps             | GET    200     6.8ms /api/production-orders/?page=1&page_size=10
2026-05-26 14:20:58 | INFO    | aps             | GET    307     0.0ms /api/production-orders?page=1&page_size=1000
2026-05-26 14:20:58 | INFO    | aps             | GET    307     0.6ms /api/production-orders?page=1&page_size=1000
2026-05-26 14:20:58 | INFO    | aps             | GET    200    10.3ms /api/production-orders/?page=1&page_size=1000
2026-05-26 14:20:58 | INFO    | aps             | GET    200     2.2ms /api/production-orders/?page=1&page_size=1000
2026-05-26 14:21:03 | INFO    | aps             | POST   200     8.0ms /api/smart-scheduling/generate
2026-05-26 14:21:03 | INFO    | aps.solve       | 开始排产: strategy=None, 可排产订单数=2
2026-05-26 14:21:03 | INFO    | aps.mrp         | 处理订单: code=D001 material_code=C001 quantity=1000
2026-05-26 14:21:03 | INFO    | aps.mrp         |   匹配物料: id=fadbc868875f4c2a8f909a960d19f269 code=C001 name=紫晶装备 source=PRODUCED
2026-05-26 14:21:03 | INFO    | aps.mrp         |   BOM子件数=1, 可用库存=1000
2026-05-26 14:21:03 | INFO    | aps.mrp         |   订单物料 C001 加入DAG, 需求量=1000
2026-05-26 14:21:03 | INFO    | aps.mrp         | 处理订单: code=D002 material_code=C001 quantity=2000
2026-05-26 14:21:03 | INFO    | aps.mrp         |   匹配物料: id=fadbc868875f4c2a8f909a960d19f269 code=C001 name=紫晶装备 source=PRODUCED
2026-05-26 14:21:03 | INFO    | aps.mrp         |   BOM子件数=1, 可用库存=1000
2026-05-26 14:21:03 | INFO    | aps.solve       | MRP完成: 缺料DAG节点数=2, 补充订单数=2
2026-05-26 14:21:03 | INFO    | aps.task_gen    | 缺料DAG: 2个节点, 1条边
2026-05-26 14:21:03 | INFO    | aps.task_gen    |   DAG节点: material=C001(fadbc868875f4c2a8f909a960d19f269) source=PRODUCED demand=3000.00 orders={'4401cb8f08de47219300f3203204daa8': 1000.0, '8f2d3f6b31b04d75818b137220e10177': 2000.0}
2026-05-26 14:21:03 | INFO    | aps.task_gen    |   DAG节点: material=W001(5a5959f29f6643129210ee4dbcebf84f) source=PRODUCED demand=3000.00 orders={'4401cb8f08de47219300f3203204daa8': 1000.0, '8f2d3f6b31b04d75818b137220e10177': 2000.0}
2026-05-26 14:21:03 | INFO    | aps.task_gen    | 拓扑排序后物料顺序 (2): ['5a5959f29f6643129210ee4dbcebf84f', 'fadbc868875f4c2a8f909a960d19f269']
2026-05-26 14:21:03 | INFO    | aps.task_gen    |   工序 G002: 从数据库刷新主资源=['af35d6ac']
2026-05-26 14:21:03 | INFO    | aps.task_gen    |   工序 G002: 从数据库刷新主资源=['af35d6ac']
2026-05-26 14:21:03 | INFO    | aps.task_gen    |   工序 G001: 从数据库刷新主资源=['579a3c2c', '9632c720']
2026-05-26 14:21:03 | INFO    | aps.task_gen    |   工序 G001: 从数据库刷新主资源=['579a3c2c', '9632c720']
2026-05-26 14:21:03 | INFO    | aps.task_gen    | 任务生成完成: 共生成 4 个任务, 4 个订单关联记录
2026-05-26 14:21:03 | INFO    | aps.solve       | 求解准备: 任务数=4, 资源数=3
2026-05-26 14:21:03 | INFO    | aps.solve       |   资源: id=579a3c2c code=Z001 name=装备压铸机 status=NORMAL throughput=10/H group=None
2026-05-26 14:21:03 | INFO    | aps.solve       |   资源: id=9632c720 code=Z002 name=装备压铸机 status=NORMAL throughput=10/H group=None
2026-05-26 14:21:03 | INFO    | aps.solve       |   资源: id=af35d6ac code=Z003 name=零件打磨机 status=NORMAL throughput=20/H group=None
2026-05-26 14:21:03 | INFO    | aps.solve       | 工作日历已加载: 1个日历, 1个工作模式
2026-05-26 14:21:03 | INFO    | aps.scheduler   |   任务 TASK-D001-G002-1(G002): qty=1000, 资源=1个, 工期=['3000']分
2026-05-26 14:21:03 | INFO    | aps.scheduler   |   任务 TASK-D002-G002-1(G002): qty=2000, 资源=1个, 工期=['6000']分
2026-05-26 14:21:03 | INFO    | aps.scheduler   |   任务 TASK-D001-G001-2(G001): qty=1000, 资源=2个, 工期=['6000', '6000']分
2026-05-26 14:21:03 | INFO    | aps.scheduler   |   任务 TASK-D002-G001-2(G001): qty=2000, 资源=2个, 工期=['12000', '12000']分
2026-05-26 14:21:03 | INFO    | aps.scheduler   | 工作日历已激活，求解器将基于工作分钟空间建模
2026-05-26 14:21:03 | INFO    | aps.scheduler   | 构建CP模型: 总任务=4, 跳过=0, 有效=4, 资源=3
2026-05-26 14:21:03 | INFO    | aps.scheduler   | 工作分钟空间: horizon=43200分(720.0工时), 总工时=27000分
2026-05-26 14:21:03 | INFO    | aps.scheduler   |   求解结果 - TASK-D001-G002-1 -> 零件打磨机(Z003) offset=0 dur=3000
2026-05-26 14:21:03 | INFO    | aps.scheduler   |   求解结果 - TASK-D002-G002-1 -> 零件打磨机(Z003) offset=3000 dur=6000
2026-05-26 14:21:03 | INFO    | aps.scheduler   |   求解结果 - TASK-D001-G001-2 -> 装备压铸机(Z002) offset=3000 dur=6000
2026-05-26 14:21:03 | INFO    | aps.scheduler   |   求解结果 - TASK-D002-G001-2 -> 装备压铸机(Z001) offset=9000 dur=12000
2026-05-26 14:21:03 | INFO    | aps.solve       | 资源分配结果: {'TASK-D001-G002-1': '零件打磨机', 'TASK-D002-G002-1': '零件打磨机', 'TASK-D001-G001-2': '装备压铸机', 'TASK-D002-G001-2': '装备压铸机'}
2026-05-26 14:21:05 | INFO    | aps             | GET    200     5.7ms /api/smart-scheduling/plan/progress?task_id=4682bf8e8bec49c781a390c6adc03bd3
2026-05-26 14:21:06 | INFO    | aps             | POST   200    19.3ms /api/smart-scheduling/preview/plan/tasks
2026-05-26 14:21:06 | INFO    | aps             | POST   200    27.9ms /api/smart-scheduling/preview/plan/resource/gantt
2026-05-26 14:21:32 | INFO    | aps             | GET    307     0.0ms /api/production-orders?page=1&page_size=1000
2026-05-26 14:21:32 | INFO    | aps             | GET    307     0.0ms /api/production-orders?page=1&page_size=1000
2026-05-26 14:21:32 | INFO    | aps             | GET    200     8.5ms /api/production-orders/?page=1&page_size=1000
2026-05-26 14:21:32 | INFO    | aps             | GET    200     7.4ms /api/production-orders/?page=1&page_size=1000
2026-05-26 14:21:39 | INFO    | aps             | POST   200    17.8ms /api/smart-scheduling/generate
2026-05-26 14:21:39 | INFO    | aps.solve       | 开始排产: strategy=None, 可排产订单数=4
2026-05-26 14:21:39 | INFO    | aps.mrp         | 处理订单: code=SUP-D002-W001 material_code=W001 quantity=2000
2026-05-26 14:21:39 | INFO    | aps.mrp         |   匹配物料: id=5a5959f29f6643129210ee4dbcebf84f code=W001 name=紫晶零件 source=PRODUCED
2026-05-26 14:21:39 | INFO    | aps.mrp         |   BOM子件数=1, 可用库存=1000
2026-05-26 14:21:39 | INFO    | aps.mrp         |   订单物料 W001 加入DAG, 需求量=2000
2026-05-26 14:21:39 | INFO    | aps.mrp         | 处理订单: code=D001 material_code=C001 quantity=1000
2026-05-26 14:21:39 | INFO    | aps.mrp         |   匹配物料: id=fadbc868875f4c2a8f909a960d19f269 code=C001 name=紫晶装备 source=PRODUCED
2026-05-26 14:21:39 | INFO    | aps.mrp         |   BOM子件数=1, 可用库存=1000
2026-05-26 14:21:39 | INFO    | aps.mrp         |   订单物料 C001 加入DAG, 需求量=1000
2026-05-26 14:21:39 | INFO    | aps.mrp         | 处理订单: code=SUP-D001-W001 material_code=W001 quantity=1000
2026-05-26 14:21:39 | INFO    | aps.mrp         |   匹配物料: id=5a5959f29f6643129210ee4dbcebf84f code=W001 name=紫晶零件 source=PRODUCED
2026-05-26 14:21:39 | INFO    | aps.mrp         |   BOM子件数=1, 可用库存=1000
2026-05-26 14:21:39 | INFO    | aps.mrp         | 处理订单: code=D002 material_code=C001 quantity=2000
2026-05-26 14:21:39 | INFO    | aps.mrp         |   匹配物料: id=fadbc868875f4c2a8f909a960d19f269 code=C001 name=紫晶装备 source=PRODUCED
2026-05-26 14:21:39 | INFO    | aps.mrp         |   BOM子件数=1, 可用库存=1000
2026-05-26 14:21:39 | INFO    | aps.solve       | MRP完成: 缺料DAG节点数=2, 补充订单数=2
2026-05-26 14:21:39 | INFO    | aps.task_gen    | 缺料DAG: 2个节点, 1条边
2026-05-26 14:21:39 | INFO    | aps.task_gen    |   DAG节点: material=W001(5a5959f29f6643129210ee4dbcebf84f) source=PRODUCED demand=6000.00 orders={'0e06c6ba5aea404aba46d4a43684c369': 2000.0, '4401cb8f08de47219300f3203204daa8': 1000.0, '6ecc8d40cded430898fff28c52815015': 1000.0, '8f2d3f6b31b04d75818b137220e10177': 2000.0}
2026-05-26 14:21:39 | INFO    | aps.task_gen    |   DAG节点: material=C001(fadbc868875f4c2a8f909a960d19f269) source=PRODUCED demand=3000.00 orders={'4401cb8f08de47219300f3203204daa8': 1000.0, '8f2d3f6b31b04d75818b137220e10177': 2000.0}
2026-05-26 14:21:39 | INFO    | aps.task_gen    | 拓扑排序后物料顺序 (2): ['5a5959f29f6643129210ee4dbcebf84f', 'fadbc868875f4c2a8f909a960d19f269']
2026-05-26 14:21:39 | INFO    | aps.task_gen    |   工序 G002: 从数据库刷新主资源=['af35d6ac']
2026-05-26 14:21:39 | INFO    | aps.task_gen    |   工序 G002: 从数据库刷新主资源=['af35d6ac']
2026-05-26 14:21:39 | INFO    | aps.task_gen    |   工序 G001: 从数据库刷新主资源=['579a3c2c', '9632c720']
2026-05-26 14:21:39 | INFO    | aps.task_gen    |   工序 G001: 从数据库刷新主资源=['579a3c2c', '9632c720']
2026-05-26 14:21:39 | INFO    | aps.task_gen    | 任务生成完成: 共生成 4 个任务, 4 个订单关联记录
2026-05-26 14:21:39 | INFO    | aps.solve       | 求解准备: 任务数=4, 资源数=3
2026-05-26 14:21:39 | INFO    | aps.solve       |   资源: id=579a3c2c code=Z001 name=装备压铸机 status=NORMAL throughput=10/H group=None
2026-05-26 14:21:39 | INFO    | aps.solve       |   资源: id=9632c720 code=Z002 name=装备压铸机 status=NORMAL throughput=10/H group=None
2026-05-26 14:21:39 | INFO    | aps.solve       |   资源: id=af35d6ac code=Z003 name=零件打磨机 status=NORMAL throughput=20/H group=None
2026-05-26 14:21:39 | INFO    | aps.solve       | 工作日历已加载: 1个日历, 1个工作模式
2026-05-26 14:21:39 | INFO    | aps.scheduler   |   任务 TASK-D001-G002-1(G002): qty=1000, 资源=1个, 工期=['3000']分
2026-05-26 14:21:39 | INFO    | aps.scheduler   |   任务 TASK-D002-G002-1(G002): qty=2000, 资源=1个, 工期=['6000']分
2026-05-26 14:21:39 | INFO    | aps.scheduler   |   任务 TASK-D001-G001-2(G001): qty=1000, 资源=2个, 工期=['6000', '6000']分
2026-05-26 14:21:39 | INFO    | aps.scheduler   |   任务 TASK-D002-G001-2(G001): qty=2000, 资源=2个, 工期=['12000', '12000']分
2026-05-26 14:21:39 | INFO    | aps.scheduler   | 工作日历已激活，求解器将基于工作分钟空间建模
2026-05-26 14:21:39 | INFO    | aps.scheduler   | 构建CP模型: 总任务=4, 跳过=0, 有效=4, 资源=3
2026-05-26 14:21:39 | INFO    | aps.scheduler   | 工作分钟空间: horizon=43200分(720.0工时), 总工时=27000分
2026-05-26 14:21:39 | INFO    | aps.scheduler   |   求解结果 - TASK-D001-G002-1 -> 零件打磨机(Z003) offset=0 dur=3000
2026-05-26 14:21:39 | INFO    | aps.scheduler   |   求解结果 - TASK-D002-G002-1 -> 零件打磨机(Z003) offset=3000 dur=6000
2026-05-26 14:21:39 | INFO    | aps.scheduler   |   求解结果 - TASK-D001-G001-2 -> 装备压铸机(Z002) offset=3000 dur=6000
2026-05-26 14:21:39 | INFO    | aps.scheduler   |   求解结果 - TASK-D002-G001-2 -> 装备压铸机(Z001) offset=9000 dur=12000
2026-05-26 14:21:39 | INFO    | aps.solve       | 资源分配结果: {'TASK-D001-G002-1': '零件打磨机', 'TASK-D002-G002-1': '零件打磨机', 'TASK-D001-G001-2': '装备压铸机', 'TASK-D002-G001-2': '装备压铸机'}
2026-05-26 14:21:41 | INFO    | aps             | GET    200     0.0ms /api/smart-scheduling/plan/progress?task_id=50ebe4aa988445759dda8ae99e5fd4ac
2026-05-26 14:21:41 | INFO    | aps             | POST   200    15.4ms /api/smart-scheduling/preview/plan/resource/gantt
2026-05-26 14:21:41 | INFO    | aps             | POST   200    15.4ms /api/smart-scheduling/preview/plan/tasks
2026-05-26 14:21:54 | INFO    | aps             | POST   200    18.5ms /api/smart-scheduling/plan/pending/cancel
2026-05-26 14:21:54 | INFO    | aps             | GET    307    16.3ms /api/production-orders?page=1&page_size=10
2026-05-26 14:21:54 | INFO    | aps             | GET    307     4.6ms /api/materials?page=1&page_size=1000
2026-05-26 14:21:54 | INFO    | aps             | GET    307     0.0ms /api/production-orders?page=1&page_size=10
2026-05-26 14:21:54 | INFO    | aps             | GET    307     3.8ms /api/materials?page=1&page_size=1000
2026-05-26 14:21:54 | INFO    | aps             | GET    200     6.9ms /api/production-orders/?page=1&page_size=10
2026-05-26 14:21:54 | INFO    | aps             | GET    200    11.1ms /api/materials/?page=1&page_size=1000
2026-05-26 14:21:54 | INFO    | aps             | GET    200     8.9ms /api/production-orders/?page=1&page_size=10
2026-05-26 14:21:54 | INFO    | aps             | GET    200     9.9ms /api/materials/?page=1&page_size=1000
2026-05-26 14:21:59 | INFO    | aps             | DELETE 204    24.8ms /api/production-orders/0e06c6ba5aea404aba46d4a43684c369
2026-05-26 14:21:59 | INFO    | aps             | GET    307     1.0ms /api/production-orders?page=1&page_size=10
2026-05-26 14:21:59 | INFO    | aps             | GET    200     6.9ms /api/production-orders/?page=1&page_size=10
2026-05-26 14:22:01 | INFO    | aps             | DELETE 204    27.4ms /api/production-orders/6ecc8d40cded430898fff28c52815015
2026-05-26 14:22:01 | INFO    | aps             | GET    307     0.0ms /api/production-orders?page=1&page_size=10
2026-05-26 14:22:01 | INFO    | aps             | GET    200     6.5ms /api/production-orders/?page=1&page_size=10
2026-05-26 14:22:43 | INFO    | aps             | POST   200     5.3ms /api/smart-scheduling/generate
2026-05-26 14:22:43 | INFO    | aps.solve       | 开始排产: strategy=None, 可排产订单数=2
2026-05-26 14:22:43 | INFO    | aps.mrp         | 处理订单: code=D001 material_code=C001 quantity=1000
2026-05-26 14:22:43 | INFO    | aps.mrp         |   匹配物料: id=fadbc868875f4c2a8f909a960d19f269 code=C001 name=紫晶装备 source=PRODUCED
2026-05-26 14:22:43 | INFO    | aps.mrp         |   BOM子件数=1, 可用库存=1000
2026-05-26 14:22:43 | INFO    | aps.mrp         |   订单物料 C001 加入DAG, 需求量=1000
2026-05-26 14:22:43 | INFO    | aps.mrp         | 处理订单: code=D002 material_code=C001 quantity=2000
2026-05-26 14:22:43 | INFO    | aps.mrp         |   匹配物料: id=fadbc868875f4c2a8f909a960d19f269 code=C001 name=紫晶装备 source=PRODUCED
2026-05-26 14:22:43 | INFO    | aps.mrp         |   BOM子件数=1, 可用库存=1000
2026-05-26 14:22:43 | INFO    | aps.solve       | MRP完成: 缺料DAG节点数=2, 补充订单数=2
2026-05-26 14:22:43 | INFO    | aps.task_gen    | 缺料DAG: 2个节点, 1条边
2026-05-26 14:22:43 | INFO    | aps.task_gen    |   DAG节点: material=C001(fadbc868875f4c2a8f909a960d19f269) source=PRODUCED demand=3000.00 orders={'4401cb8f08de47219300f3203204daa8': 1000.0, '8f2d3f6b31b04d75818b137220e10177': 2000.0}
2026-05-26 14:22:43 | INFO    | aps.task_gen    |   DAG节点: material=W001(5a5959f29f6643129210ee4dbcebf84f) source=PRODUCED demand=3000.00 orders={'4401cb8f08de47219300f3203204daa8': 1000.0, '8f2d3f6b31b04d75818b137220e10177': 2000.0}
2026-05-26 14:22:43 | INFO    | aps.task_gen    | 拓扑排序后物料顺序 (2): ['5a5959f29f6643129210ee4dbcebf84f', 'fadbc868875f4c2a8f909a960d19f269']
2026-05-26 14:22:43 | INFO    | aps.task_gen    |   工序 G002: 从数据库刷新主资源=['af35d6ac']
2026-05-26 14:22:43 | INFO    | aps.task_gen    |   工序 G002: 从数据库刷新主资源=['af35d6ac']
2026-05-26 14:22:43 | INFO    | aps.task_gen    |   工序 G001: 从数据库刷新主资源=['579a3c2c', '9632c720']
2026-05-26 14:22:43 | INFO    | aps.task_gen    |   工序 G001: 从数据库刷新主资源=['579a3c2c', '9632c720']
2026-05-26 14:22:43 | INFO    | aps.task_gen    | 任务生成完成: 共生成 4 个任务, 4 个订单关联记录
2026-05-26 14:22:43 | INFO    | aps.solve       | 求解准备: 任务数=4, 资源数=3
2026-05-26 14:22:43 | INFO    | aps.solve       |   资源: id=579a3c2c code=Z001 name=装备压铸机 status=NORMAL throughput=10/H group=None
2026-05-26 14:22:43 | INFO    | aps.solve       |   资源: id=9632c720 code=Z002 name=装备压铸机 status=NORMAL throughput=10/H group=None
2026-05-26 14:22:43 | INFO    | aps.solve       |   资源: id=af35d6ac code=Z003 name=零件打磨机 status=NORMAL throughput=20/H group=None
2026-05-26 14:22:43 | INFO    | aps.solve       | 工作日历已加载: 1个日历, 1个工作模式
2026-05-26 14:22:43 | INFO    | aps.scheduler   |   任务 TASK-D001-G002-1(G002): qty=1000, 资源=1个, 工期=['3000']分
2026-05-26 14:22:43 | INFO    | aps.scheduler   |   任务 TASK-D002-G002-1(G002): qty=2000, 资源=1个, 工期=['6000']分
2026-05-26 14:22:43 | INFO    | aps.scheduler   |   任务 TASK-D001-G001-2(G001): qty=1000, 资源=2个, 工期=['6000', '6000']分
2026-05-26 14:22:43 | INFO    | aps.scheduler   |   任务 TASK-D002-G001-2(G001): qty=2000, 资源=2个, 工期=['12000', '12000']分
2026-05-26 14:22:43 | INFO    | aps.scheduler   | 工作日历已激活，求解器将基于工作分钟空间建模
2026-05-26 14:22:43 | INFO    | aps.scheduler   | 构建CP模型: 总任务=4, 跳过=0, 有效=4, 资源=3
2026-05-26 14:22:43 | INFO    | aps.scheduler   | 工作分钟空间: horizon=43200分(720.0工时), 总工时=27000分
2026-05-26 14:22:43 | INFO    | aps.scheduler   |   求解结果 - TASK-D001-G002-1 -> 零件打磨机(Z003) offset=0 dur=3000
2026-05-26 14:22:43 | INFO    | aps.scheduler   |   求解结果 - TASK-D002-G002-1 -> 零件打磨机(Z003) offset=3000 dur=6000
2026-05-26 14:22:43 | INFO    | aps.scheduler   |   求解结果 - TASK-D001-G001-2 -> 装备压铸机(Z002) offset=3000 dur=6000
2026-05-26 14:22:43 | INFO    | aps.scheduler   |   求解结果 - TASK-D002-G001-2 -> 装备压铸机(Z001) offset=9000 dur=12000
2026-05-26 14:22:43 | INFO    | aps.solve       | 资源分配结果: {'TASK-D001-G002-1': '零件打磨机', 'TASK-D002-G002-1': '零件打磨机', 'TASK-D001-G001-2': '装备压铸机', 'TASK-D002-G001-2': '装备压铸机'}
2026-05-26 14:22:58 | INFO    | aps             | GET    200     0.0ms /api/smart-scheduling/plan/progress?task_id=8c7786be20ea4abd8d0ffa135ad666c9
2026-05-26 14:23:11 | INFO    | aps             | POST   200     6.8ms /api/smart-scheduling/preview/plan/tasks
2026-05-26 14:24:04 | INFO    | aps             | POST   200    10.6ms /api/smart-scheduling/preview/plan/tasks
2026-05-26 14:26:39 | INFO    | aps             | 数据库表已就绪
2026-05-26 14:26:51 | INFO    | aps             | POST   200    35.8ms /api/smart-scheduling/generate
2026-05-26 14:26:51 | INFO    | aps.solve       | 开始排产: strategy=None, 可排产订单数=4
2026-05-26 14:26:51 | INFO    | aps.mrp         | 处理订单: code=D001 material_code=C001 quantity=1000
2026-05-26 14:26:51 | INFO    | aps.mrp         |   匹配物料: id=fadbc868875f4c2a8f909a960d19f269 code=C001 name=紫晶装备 source=PRODUCED
2026-05-26 14:26:51 | INFO    | aps.mrp         |   BOM子件数=1, 可用库存=1000
2026-05-26 14:26:51 | INFO    | aps.mrp         |   订单物料 C001 加入DAG, 需求量=1000
2026-05-26 14:26:51 | INFO    | aps.mrp         | 处理订单: code=D002 material_code=C001 quantity=2000
2026-05-26 14:26:51 | INFO    | aps.mrp         |   匹配物料: id=fadbc868875f4c2a8f909a960d19f269 code=C001 name=紫晶装备 source=PRODUCED
2026-05-26 14:26:51 | INFO    | aps.mrp         |   BOM子件数=1, 可用库存=1000
2026-05-26 14:26:51 | INFO    | aps.mrp         | 处理订单: code=SUP-D001-W001 material_code=W001 quantity=1000
2026-05-26 14:26:51 | INFO    | aps.mrp         |   匹配物料: id=5a5959f29f6643129210ee4dbcebf84f code=W001 name=紫晶零件 source=PRODUCED
2026-05-26 14:26:51 | INFO    | aps.mrp         |   BOM子件数=1, 可用库存=1000
2026-05-26 14:26:51 | INFO    | aps.mrp         | 处理订单: code=SUP-D002-W001 material_code=W001 quantity=2000
2026-05-26 14:26:51 | INFO    | aps.mrp         |   匹配物料: id=5a5959f29f6643129210ee4dbcebf84f code=W001 name=紫晶零件 source=PRODUCED
2026-05-26 14:26:51 | INFO    | aps.mrp         |   BOM子件数=1, 可用库存=1000
2026-05-26 14:26:51 | INFO    | aps.solve       | MRP完成: 缺料DAG节点数=2, 补充订单数=2
2026-05-26 14:26:51 | INFO    | aps.task_gen    | 缺料DAG: 2个节点, 1条边
2026-05-26 14:26:51 | INFO    | aps.task_gen    |   DAG节点: material=C001(fadbc868875f4c2a8f909a960d19f269) source=PRODUCED demand=3000.00 orders={'4401cb8f08de47219300f3203204daa8': 1000.0, '8f2d3f6b31b04d75818b137220e10177': 2000.0}
2026-05-26 14:26:51 | INFO    | aps.task_gen    |   DAG节点: material=W001(5a5959f29f6643129210ee4dbcebf84f) source=PRODUCED demand=6000.00 orders={'4401cb8f08de47219300f3203204daa8': 1000.0, '8f2d3f6b31b04d75818b137220e10177': 2000.0, 'e4c67043730540949f50e889fb831d95': 1000.0, 'fe9355de95ac4ab0a14061317e2e3916': 2000.0}
2026-05-26 14:26:51 | INFO    | aps.task_gen    | 拓扑排序后物料顺序 (2): ['5a5959f29f6643129210ee4dbcebf84f', 'fadbc868875f4c2a8f909a960d19f269']
2026-05-26 14:26:51 | INFO    | aps.task_gen    |   工序 G002: 从数据库刷新主资源=['af35d6ac']
2026-05-26 14:26:51 | INFO    | aps.task_gen    |   工序 G002: 从数据库刷新主资源=['af35d6ac']
2026-05-26 14:26:51 | INFO    | aps.task_gen    |   工序 G001: 从数据库刷新主资源=['579a3c2c', '9632c720']
2026-05-26 14:26:51 | INFO    | aps.task_gen    |   工序 G001: 从数据库刷新主资源=['579a3c2c', '9632c720']
2026-05-26 14:26:51 | INFO    | aps.task_gen    | 任务生成完成: 共生成 4 个任务, 4 个订单关联记录
2026-05-26 14:26:51 | INFO    | aps.solve       | 求解准备: 任务数=4, 资源数=3
2026-05-26 14:26:51 | INFO    | aps.solve       |   资源: id=579a3c2c code=Z001 name=装备压铸机 status=NORMAL throughput=10/H group=None
2026-05-26 14:26:51 | INFO    | aps.solve       |   资源: id=9632c720 code=Z002 name=装备压铸机 status=NORMAL throughput=10/H group=None
2026-05-26 14:26:51 | INFO    | aps.solve       |   资源: id=af35d6ac code=Z003 name=零件打磨机 status=NORMAL throughput=20/H group=None
2026-05-26 14:26:51 | INFO    | aps.solve       | 工作日历已加载: 1个日历, 1个工作模式
2026-05-26 14:26:51 | INFO    | aps.scheduler   |   任务 TASK-D001-G002-1(G002): qty=1000, 资源=1个, 工期=['3000']分
2026-05-26 14:26:51 | INFO    | aps.scheduler   |   任务 TASK-D002-G002-1(G002): qty=2000, 资源=1个, 工期=['6000']分
2026-05-26 14:26:51 | INFO    | aps.scheduler   |   任务 TASK-D001-G001-2(G001): qty=1000, 资源=2个, 工期=['6000', '6000']分
2026-05-26 14:26:51 | INFO    | aps.scheduler   |   任务 TASK-D002-G001-2(G001): qty=2000, 资源=2个, 工期=['12000', '12000']分
2026-05-26 14:26:51 | INFO    | aps.scheduler   | 工作日历已激活，求解器将基于工作分钟空间建模
2026-05-26 14:26:51 | INFO    | aps.scheduler   | 构建CP模型: 总任务=4, 跳过=0, 有效=4, 资源=3
2026-05-26 14:26:51 | INFO    | aps.scheduler   | 工作分钟空间: horizon=43200分(720.0工时), 总工时=27000分
2026-05-26 14:26:51 | INFO    | aps.scheduler   |   求解结果 - TASK-D001-G002-1 -> 零件打磨机(Z003) offset=6000 dur=3000
2026-05-26 14:26:51 | INFO    | aps.scheduler   |   求解结果 - TASK-D002-G002-1 -> 零件打磨机(Z003) offset=0 dur=6000
2026-05-26 14:26:51 | INFO    | aps.scheduler   |   求解结果 - TASK-D001-G001-2 -> 装备压铸机(Z002) offset=9000 dur=6000
2026-05-26 14:26:51 | INFO    | aps.scheduler   |   求解结果 - TASK-D002-G001-2 -> 装备压铸机(Z001) offset=6000 dur=12000
2026-05-26 14:26:51 | INFO    | aps.solve       | 资源分配结果: {'TASK-D001-G002-1': '零件打磨机', 'TASK-D002-G002-1': '零件打磨机', 'TASK-D001-G001-2': '装备压铸机', 'TASK-D002-G001-2': '装备压铸机'}
2026-05-26 14:26:59 | INFO    | aps             | GET    200     2.1ms /api/smart-scheduling/plan/progress?task_id=2fe5cd21a1d64c1dacf6624f2d840a98
2026-05-26 14:26:59 | INFO    | aps             | POST   200    11.8ms /api/smart-scheduling/preview/plan/tasks
2026-05-26 14:27:46 | INFO    | aps             | GET    307     0.7ms /api/production-orders?page=1&page_size=1000
2026-05-26 14:27:46 | INFO    | aps             | GET    307     0.8ms /api/production-orders?page=1&page_size=1000
2026-05-26 14:27:46 | INFO    | aps             | GET    200    17.3ms /api/production-orders/?page=1&page_size=1000
2026-05-26 14:27:46 | INFO    | aps             | GET    200     8.6ms /api/production-orders/?page=1&page_size=1000
2026-05-26 14:27:50 | INFO    | aps             | POST   200    15.5ms /api/smart-scheduling/generate
2026-05-26 14:27:50 | INFO    | aps.solve       | 开始排产: strategy=None, 可排产订单数=4
2026-05-26 14:27:50 | INFO    | aps.mrp         | 处理订单: code=D001 material_code=C001 quantity=1000
2026-05-26 14:27:50 | INFO    | aps.mrp         |   匹配物料: id=fadbc868875f4c2a8f909a960d19f269 code=C001 name=紫晶装备 source=PRODUCED
2026-05-26 14:27:50 | INFO    | aps.mrp         |   BOM子件数=1, 可用库存=1000
2026-05-26 14:27:50 | INFO    | aps.mrp         |   订单物料 C001 加入DAG, 需求量=1000
2026-05-26 14:27:50 | INFO    | aps.mrp         | 处理订单: code=D002 material_code=C001 quantity=2000
2026-05-26 14:27:50 | INFO    | aps.mrp         |   匹配物料: id=fadbc868875f4c2a8f909a960d19f269 code=C001 name=紫晶装备 source=PRODUCED
2026-05-26 14:27:50 | INFO    | aps.mrp         |   BOM子件数=1, 可用库存=1000
2026-05-26 14:27:50 | INFO    | aps.mrp         | 处理订单: code=SUP-D001-W001 material_code=W001 quantity=1000
2026-05-26 14:27:50 | INFO    | aps.mrp         |   匹配物料: id=5a5959f29f6643129210ee4dbcebf84f code=W001 name=紫晶零件 source=PRODUCED
2026-05-26 14:27:50 | INFO    | aps.mrp         |   BOM子件数=1, 可用库存=1000
2026-05-26 14:27:50 | INFO    | aps.mrp         | 处理订单: code=SUP-D002-W001 material_code=W001 quantity=2000
2026-05-26 14:27:50 | INFO    | aps.mrp         |   匹配物料: id=5a5959f29f6643129210ee4dbcebf84f code=W001 name=紫晶零件 source=PRODUCED
2026-05-26 14:27:50 | INFO    | aps.mrp         |   BOM子件数=1, 可用库存=1000
2026-05-26 14:27:50 | INFO    | aps.solve       | MRP完成: 缺料DAG节点数=2, 补充订单数=2
2026-05-26 14:27:50 | INFO    | aps.task_gen    | 缺料DAG: 2个节点, 1条边
2026-05-26 14:27:50 | INFO    | aps.task_gen    |   DAG节点: material=C001(fadbc868875f4c2a8f909a960d19f269) source=PRODUCED demand=3000.00 orders={'4401cb8f08de47219300f3203204daa8': 1000.0, '8f2d3f6b31b04d75818b137220e10177': 2000.0}
2026-05-26 14:27:50 | INFO    | aps.task_gen    |   DAG节点: material=W001(5a5959f29f6643129210ee4dbcebf84f) source=PRODUCED demand=6000.00 orders={'4401cb8f08de47219300f3203204daa8': 1000.0, '8f2d3f6b31b04d75818b137220e10177': 2000.0, 'e4c67043730540949f50e889fb831d95': 1000.0, 'fe9355de95ac4ab0a14061317e2e3916': 2000.0}
2026-05-26 14:27:50 | INFO    | aps.task_gen    | 拓扑排序后物料顺序 (2): ['5a5959f29f6643129210ee4dbcebf84f', 'fadbc868875f4c2a8f909a960d19f269']
2026-05-26 14:27:50 | INFO    | aps.task_gen    |   工序 G002: 从数据库刷新主资源=['af35d6ac']
2026-05-26 14:27:50 | INFO    | aps.task_gen    |   工序 G002: 从数据库刷新主资源=['af35d6ac']
2026-05-26 14:27:50 | INFO    | aps.task_gen    |   工序 G001: 从数据库刷新主资源=['579a3c2c', '9632c720']
2026-05-26 14:27:50 | INFO    | aps.task_gen    |   工序 G001: 从数据库刷新主资源=['579a3c2c', '9632c720']
2026-05-26 14:27:50 | INFO    | aps.task_gen    | 任务生成完成: 共生成 4 个任务, 4 个订单关联记录
2026-05-26 14:27:50 | INFO    | aps.solve       | 求解准备: 任务数=4, 资源数=3
2026-05-26 14:27:50 | INFO    | aps.solve       |   资源: id=579a3c2c code=Z001 name=装备压铸机 status=NORMAL throughput=10/H group=None
2026-05-26 14:27:50 | INFO    | aps.solve       |   资源: id=9632c720 code=Z002 name=装备压铸机 status=NORMAL throughput=10/H group=None
2026-05-26 14:27:50 | INFO    | aps.solve       |   资源: id=af35d6ac code=Z003 name=零件打磨机 status=NORMAL throughput=20/H group=None
2026-05-26 14:27:50 | INFO    | aps.solve       | 工作日历已加载: 1个日历, 1个工作模式
2026-05-26 14:27:50 | INFO    | aps.scheduler   |   任务 TASK-D001-G002-1(G002): qty=1000, 资源=1个, 工期=['3000']分
2026-05-26 14:27:50 | INFO    | aps.scheduler   |   任务 TASK-D002-G002-1(G002): qty=2000, 资源=1个, 工期=['6000']分
2026-05-26 14:27:50 | INFO    | aps.scheduler   |   任务 TASK-D001-G001-2(G001): qty=1000, 资源=2个, 工期=['6000', '6000']分
2026-05-26 14:27:50 | INFO    | aps.scheduler   |   任务 TASK-D002-G001-2(G001): qty=2000, 资源=2个, 工期=['12000', '12000']分
2026-05-26 14:27:50 | INFO    | aps.scheduler   | 工作日历已激活，求解器将基于工作分钟空间建模
2026-05-26 14:27:50 | INFO    | aps.scheduler   | 构建CP模型: 总任务=4, 跳过=0, 有效=4, 资源=3
2026-05-26 14:27:50 | INFO    | aps.scheduler   | 工作分钟空间: horizon=43200分(720.0工时), 总工时=27000分
2026-05-26 14:27:50 | INFO    | aps.scheduler   |   求解结果 - TASK-D001-G002-1 -> 零件打磨机(Z003) offset=6000 dur=3000
2026-05-26 14:27:50 | INFO    | aps.scheduler   |   求解结果 - TASK-D002-G002-1 -> 零件打磨机(Z003) offset=0 dur=6000
2026-05-26 14:27:50 | INFO    | aps.scheduler   |   求解结果 - TASK-D001-G001-2 -> 装备压铸机(Z002) offset=9000 dur=6000
2026-05-26 14:27:50 | INFO    | aps.scheduler   |   求解结果 - TASK-D002-G001-2 -> 装备压铸机(Z001) offset=6000 dur=12000
2026-05-26 14:27:50 | INFO    | aps.solve       | 资源分配结果: {'TASK-D001-G002-1': '零件打磨机', 'TASK-D002-G002-1': '零件打磨机', 'TASK-D001-G001-2': '装备压铸机', 'TASK-D002-G001-2': '装备压铸机'}
2026-05-26 14:27:52 | INFO    | aps             | GET    200     1.0ms /api/smart-scheduling/plan/progress?task_id=2aa2be2d619c4fcdad5d06b6e075db44
2026-05-26 14:27:52 | INFO    | aps             | POST   200    17.2ms /api/smart-scheduling/preview/plan/tasks
2026-05-26 14:27:52 | INFO    | aps             | POST   200    97.2ms /api/smart-scheduling/preview/plan/resource/gantt
2026-05-26 14:28:05 | INFO    | aps             | POST   200    32.2ms /api/smart-scheduling/plan/pending/confirm
2026-05-26 14:28:06 | INFO    | aps             | GET    307     4.2ms /api/production-orders?page=1&page_size=1000
2026-05-26 14:28:06 | INFO    | aps             | POST   200    95.6ms /api/smart-scheduling/plan/resource/gantt
2026-05-26 14:28:06 | INFO    | aps             | GET    200    92.0ms /api/smart-scheduling/plan/tasks?page=1&page_size=10
2026-05-26 14:28:06 | INFO    | aps             | POST   200    93.8ms /api/smart-scheduling/plan/resource/gantt
2026-05-26 14:28:06 | INFO    | aps             | GET    307     3.8ms /api/production-orders?page=1&page_size=1000
2026-05-26 14:28:06 | INFO    | aps             | GET    200    13.0ms /api/smart-scheduling/plan/tasks?page=1&page_size=10
2026-05-26 14:28:06 | INFO    | aps             | GET    200    17.8ms /api/production-orders/?page=1&page_size=1000
2026-05-26 14:28:06 | INFO    | aps             | GET    200     8.0ms /api/production-orders/?page=1&page_size=1000
2026-05-26 14:32:18 | INFO    | aps             | GET    200     8.4ms /api/work-modes?page=1&page_size=10
2026-05-26 14:32:18 | INFO    | aps             | GET    200     4.3ms /api/work-modes?page=1&page_size=10
2026-05-26 14:32:19 | INFO    | aps             | GET    307     0.0ms /api/production-resources?page=1&page_size=1000
2026-05-26 14:32:19 | INFO    | aps             | GET    307     0.0ms /api/production-resources?page=1&page_size=1000
2026-05-26 14:32:19 | INFO    | aps             | GET    200    13.2ms /api/work-modes?page=1&page_size=1000
2026-05-26 14:32:19 | INFO    | aps             | GET    200    16.2ms /api/work-calendars?page=1&page_size=10
2026-05-26 14:32:19 | INFO    | aps             | GET    200     3.9ms /api/work-modes?page=1&page_size=1000
2026-05-26 14:32:19 | INFO    | aps             | GET    200     8.3ms /api/work-calendars?page=1&page_size=10
2026-05-26 14:32:20 | INFO    | aps             | GET    200    12.5ms /api/production-resources/?page=1&page_size=1000
2026-05-26 14:32:20 | INFO    | aps             | GET    200     8.7ms /api/production-resources/?page=1&page_size=1000
2026-05-26 14:33:05 | WARNING | aps             | GET    404     0.0ms /api/calendars?page=1&page_size=100
2026-05-26 14:33:10 | INFO    | aps             | GET    200     5.2ms /api/work-modes?page=1&page_size=100
2026-05-26 14:33:16 | WARNING | aps             | GET    404     1.0ms /api/resources?page=1&page_size=100
2026-05-26 14:33:28 | INFO    | aps             | GET    200     0.0ms /docs
2026-05-26 14:33:28 | INFO    | aps             | GET    307     0.0ms /api/production-resources?page=1&page_size=100
2026-05-26 14:33:28 | INFO    | aps             | GET    200     7.1ms /api/production-resources/?page=1&page_size=100
2026-05-26 14:33:55 | INFO    | aps             | GET    307     0.0ms /api/incoming-material-orders?page=1&page_size=10
2026-05-26 14:33:55 | INFO    | aps             | GET    307     0.0ms /api/materials?page=1&page_size=1000
2026-05-26 14:33:55 | INFO    | aps             | GET    307     0.0ms /api/incoming-material-orders?page=1&page_size=10
2026-05-26 14:33:55 | INFO    | aps             | GET    307     0.0ms /api/materials?page=1&page_size=1000
2026-05-26 14:33:56 | INFO    | aps             | GET    200    21.1ms /api/incoming-material-orders/?page=1&page_size=10
2026-05-26 14:33:56 | INFO    | aps             | GET    200    21.9ms /api/materials/?page=1&page_size=1000
2026-05-26 14:33:56 | INFO    | aps             | GET    200     6.6ms /api/incoming-material-orders/?page=1&page_size=10
2026-05-26 14:33:56 | INFO    | aps             | GET    200     9.3ms /api/materials/?page=1&page_size=1000
2026-05-26 14:33:56 | INFO    | aps             | GET    307     0.0ms /api/production-orders?page=1&page_size=10
2026-05-26 14:33:56 | INFO    | aps             | GET    307     2.2ms /api/materials?page=1&page_size=1000
2026-05-26 14:33:56 | INFO    | aps             | GET    307     1.0ms /api/production-orders?page=1&page_size=10
2026-05-26 14:33:56 | INFO    | aps             | GET    307     0.0ms /api/materials?page=1&page_size=1000
2026-05-26 14:33:56 | INFO    | aps             | GET    200     9.8ms /api/production-orders/?page=1&page_size=10
2026-05-26 14:33:56 | INFO    | aps             | GET    200    16.2ms /api/materials/?page=1&page_size=1000
2026-05-26 14:33:56 | INFO    | aps             | GET    200     8.1ms /api/production-orders/?page=1&page_size=10
2026-05-26 14:33:56 | INFO    | aps             | GET    200     7.4ms /api/materials/?page=1&page_size=1000
2026-05-26 14:34:00 | INFO    | aps             | GET    307     1.5ms /api/production-orders?page=1&page_size=1000
2026-05-26 14:34:00 | INFO    | aps             | POST   200    21.6ms /api/smart-scheduling/plan/resource/gantt
2026-05-26 14:34:00 | INFO    | aps             | POST   200    24.2ms /api/smart-scheduling/plan/resource/gantt
2026-05-26 14:34:00 | INFO    | aps             | GET    200    25.8ms /api/smart-scheduling/plan/tasks?page=1&page_size=10
2026-05-26 14:34:00 | INFO    | aps             | GET    307     1.3ms /api/production-orders?page=1&page_size=1000
2026-05-26 14:34:00 | INFO    | aps             | GET    200     9.5ms /api/smart-scheduling/plan/tasks?page=1&page_size=10
2026-05-26 14:34:00 | INFO    | aps             | GET    200    19.2ms /api/production-orders/?page=1&page_size=1000
2026-05-26 14:34:00 | INFO    | aps             | GET    200     7.4ms /api/production-orders/?page=1&page_size=1000
2026-05-26 14:34:25 | INFO    | aps             | GET    200     7.5ms /api/work-calendars
2026-05-26 14:34:30 | INFO    | aps             | GET    200     6.1ms /api/resource-calendars
2026-05-26 14:34:36 | INFO    | aps             | GET    307     0.5ms /api/production-resources?page=1&page_size=100
2026-05-26 14:34:36 | INFO    | aps             | GET    200     8.4ms /api/production-resources/?page=1&page_size=100
2026-05-26 14:35:45 | INFO    | aps             | GET    200     5.6ms /api/work-modes?page=1&page_size=10
2026-05-26 14:35:45 | INFO    | aps             | GET    200     3.1ms /api/work-modes?page=1&page_size=10
2026-05-26 14:35:45 | INFO    | aps             | GET    307     0.0ms /api/production-resources?page=1&page_size=1000
2026-05-26 14:35:45 | INFO    | aps             | GET    307     0.0ms /api/production-resources?page=1&page_size=1000
2026-05-26 14:35:46 | INFO    | aps             | GET    200    10.2ms /api/work-modes?page=1&page_size=1000
2026-05-26 14:35:46 | INFO    | aps             | GET    200    13.3ms /api/work-calendars?page=1&page_size=10
2026-05-26 14:35:46 | INFO    | aps             | GET    200     5.6ms /api/work-modes?page=1&page_size=1000
2026-05-26 14:35:46 | INFO    | aps             | GET    200     5.5ms /api/work-calendars?page=1&page_size=10
2026-05-26 14:35:46 | INFO    | aps             | GET    200     6.0ms /api/production-resources/?page=1&page_size=1000
2026-05-26 14:35:46 | INFO    | aps             | GET    200     6.8ms /api/production-resources/?page=1&page_size=1000
2026-05-26 14:35:54 | INFO    | aps             | PUT    200    29.5ms /api/work-calendars/a84dcdf3a7804aa3a7470d88db471087
2026-05-26 14:35:54 | INFO    | aps             | GET    200     4.1ms /api/work-calendars?page=1&page_size=10
2026-05-26 14:35:56 | INFO    | aps             | GET    307     0.0ms /api/production-orders?page=1&page_size=1000
2026-05-26 14:35:56 | INFO    | aps             | GET    307     1.0ms /api/production-orders?page=1&page_size=1000
2026-05-26 14:35:56 | INFO    | aps             | GET    200    11.2ms /api/production-orders/?page=1&page_size=1000
2026-05-26 14:35:56 | INFO    | aps             | GET    200     8.3ms /api/production-orders/?page=1&page_size=1000
2026-05-26 14:35:58 | INFO    | aps             | GET    307     0.0ms /api/production-orders?page=1&page_size=1000
2026-05-26 14:35:58 | INFO    | aps             | GET    307     0.0ms /api/production-orders?page=1&page_size=1000
2026-05-26 14:35:58 | INFO    | aps             | GET    200     8.6ms /api/production-orders/?page=1&page_size=1000
2026-05-26 14:35:58 | INFO    | aps             | GET    200     6.7ms /api/production-orders/?page=1&page_size=1000
2026-05-26 14:35:58 | INFO    | aps             | POST   200    15.2ms /api/smart-scheduling/plan/resource/gantt
2026-05-26 14:35:58 | INFO    | aps             | GET    307    12.3ms /api/production-orders?page=1&page_size=1000
2026-05-26 14:35:58 | INFO    | aps             | GET    200    25.3ms /api/smart-scheduling/plan/tasks?page=1&page_size=10
2026-05-26 14:35:58 | INFO    | aps             | POST   200    26.1ms /api/smart-scheduling/plan/resource/gantt
2026-05-26 14:35:58 | INFO    | aps             | GET    307     0.0ms /api/production-orders?page=1&page_size=1000
2026-05-26 14:35:58 | INFO    | aps             | GET    200     8.4ms /api/smart-scheduling/plan/tasks?page=1&page_size=10
2026-05-26 14:35:58 | INFO    | aps             | GET    200    13.5ms /api/production-orders/?page=1&page_size=1000
2026-05-26 14:35:58 | INFO    | aps             | GET    200     7.3ms /api/production-orders/?page=1&page_size=1000
2026-05-26 14:36:01 | INFO    | aps             | POST   200    21.3ms /api/smart-scheduling/plan/clear
2026-05-26 14:36:02 | INFO    | aps             | GET    307     0.0ms /api/production-orders?page=1&page_size=1000
2026-05-26 14:36:02 | INFO    | aps             | GET    307     0.9ms /api/production-orders?page=1&page_size=1000
2026-05-26 14:36:02 | INFO    | aps             | GET    200    10.1ms /api/production-orders/?page=1&page_size=1000
2026-05-26 14:36:02 | INFO    | aps             | GET    200     6.4ms /api/production-orders/?page=1&page_size=1000
2026-05-26 14:36:05 | INFO    | aps             | POST   200     5.8ms /api/smart-scheduling/generate
2026-05-26 14:36:05 | INFO    | aps.solve       | 开始排产: strategy=None, 可排产订单数=4
2026-05-26 14:36:05 | INFO    | aps.mrp         | 处理订单: code=D001 material_code=C001 quantity=1000
2026-05-26 14:36:05 | INFO    | aps.mrp         |   匹配物料: id=fadbc868875f4c2a8f909a960d19f269 code=C001 name=紫晶装备 source=PRODUCED
2026-05-26 14:36:05 | INFO    | aps.mrp         |   BOM子件数=1, 可用库存=1000
2026-05-26 14:36:05 | INFO    | aps.mrp         |   订单物料 C001 加入DAG, 需求量=1000
2026-05-26 14:36:05 | INFO    | aps.mrp         | 处理订单: code=D002 material_code=C001 quantity=2000
2026-05-26 14:36:05 | INFO    | aps.mrp         |   匹配物料: id=fadbc868875f4c2a8f909a960d19f269 code=C001 name=紫晶装备 source=PRODUCED
2026-05-26 14:36:05 | INFO    | aps.mrp         |   BOM子件数=1, 可用库存=1000
2026-05-26 14:36:05 | INFO    | aps.mrp         | 处理订单: code=SUP-D001-W001 material_code=W001 quantity=1000
2026-05-26 14:36:05 | INFO    | aps.mrp         |   匹配物料: id=5a5959f29f6643129210ee4dbcebf84f code=W001 name=紫晶零件 source=PRODUCED
2026-05-26 14:36:05 | INFO    | aps.mrp         |   BOM子件数=1, 可用库存=1000
2026-05-26 14:36:05 | INFO    | aps.mrp         | 处理订单: code=SUP-D002-W001 material_code=W001 quantity=2000
2026-05-26 14:36:05 | INFO    | aps.mrp         |   匹配物料: id=5a5959f29f6643129210ee4dbcebf84f code=W001 name=紫晶零件 source=PRODUCED
2026-05-26 14:36:05 | INFO    | aps.mrp         |   BOM子件数=1, 可用库存=1000
2026-05-26 14:36:05 | INFO    | aps.solve       | MRP完成: 缺料DAG节点数=2, 补充订单数=2
2026-05-26 14:36:05 | INFO    | aps.task_gen    | 缺料DAG: 2个节点, 1条边
2026-05-26 14:36:05 | INFO    | aps.task_gen    |   DAG节点: material=C001(fadbc868875f4c2a8f909a960d19f269) source=PRODUCED demand=3000.00 orders={'4401cb8f08de47219300f3203204daa8': 1000.0, '8f2d3f6b31b04d75818b137220e10177': 2000.0}
2026-05-26 14:36:05 | INFO    | aps.task_gen    |   DAG节点: material=W001(5a5959f29f6643129210ee4dbcebf84f) source=PRODUCED demand=6000.00 orders={'4401cb8f08de47219300f3203204daa8': 1000.0, '8f2d3f6b31b04d75818b137220e10177': 2000.0, 'e4c67043730540949f50e889fb831d95': 1000.0, 'fe9355de95ac4ab0a14061317e2e3916': 2000.0}
2026-05-26 14:36:05 | INFO    | aps.task_gen    | 拓扑排序后物料顺序 (2): ['5a5959f29f6643129210ee4dbcebf84f', 'fadbc868875f4c2a8f909a960d19f269']
2026-05-26 14:36:05 | INFO    | aps.task_gen    |   工序 G002: 从数据库刷新主资源=['af35d6ac']
2026-05-26 14:36:05 | INFO    | aps.task_gen    |   工序 G002: 从数据库刷新主资源=['af35d6ac']
2026-05-26 14:36:05 | INFO    | aps.task_gen    |   工序 G001: 从数据库刷新主资源=['579a3c2c', '9632c720']
2026-05-26 14:36:05 | INFO    | aps.task_gen    |   工序 G001: 从数据库刷新主资源=['579a3c2c', '9632c720']
2026-05-26 14:36:05 | INFO    | aps.task_gen    | 任务生成完成: 共生成 4 个任务, 4 个订单关联记录
2026-05-26 14:36:05 | INFO    | aps.solve       | 求解准备: 任务数=4, 资源数=3
2026-05-26 14:36:05 | INFO    | aps.solve       |   资源: id=579a3c2c code=Z001 name=装备压铸机 status=NORMAL throughput=10/H group=None
2026-05-26 14:36:05 | INFO    | aps.solve       |   资源: id=9632c720 code=Z002 name=装备压铸机 status=NORMAL throughput=10/H group=None
2026-05-26 14:36:05 | INFO    | aps.solve       |   资源: id=af35d6ac code=Z003 name=零件打磨机 status=NORMAL throughput=20/H group=None
2026-05-26 14:36:05 | INFO    | aps.solve       | 工作日历已加载: 1个日历, 1个工作模式
2026-05-26 14:36:05 | INFO    | aps.scheduler   |   任务 TASK-D001-G002-1(G002): qty=1000, 资源=1个, 工期=['3000']分
2026-05-26 14:36:05 | INFO    | aps.scheduler   |   任务 TASK-D002-G002-1(G002): qty=2000, 资源=1个, 工期=['6000']分
2026-05-26 14:36:05 | INFO    | aps.scheduler   |   任务 TASK-D001-G001-2(G001): qty=1000, 资源=2个, 工期=['6000', '6000']分
2026-05-26 14:36:05 | INFO    | aps.scheduler   |   任务 TASK-D002-G001-2(G001): qty=2000, 资源=2个, 工期=['12000', '12000']分
2026-05-26 14:36:05 | INFO    | aps.scheduler   | 工作日历已激活，求解器将基于工作分钟空间建模
2026-05-26 14:36:05 | INFO    | aps.scheduler   | 构建CP模型: 总任务=4, 跳过=0, 有效=4, 资源=3
2026-05-26 14:36:05 | INFO    | aps.scheduler   | 工作分钟空间: horizon=43200分(720.0工时), 总工时=27000分
2026-05-26 14:36:05 | INFO    | aps.scheduler   |   求解结果 - TASK-D001-G002-1 -> 零件打磨机(Z003) offset=6000 dur=3000
2026-05-26 14:36:05 | INFO    | aps.scheduler   |   求解结果 - TASK-D002-G002-1 -> 零件打磨机(Z003) offset=0 dur=6000
2026-05-26 14:36:05 | INFO    | aps.scheduler   |   求解结果 - TASK-D001-G001-2 -> 装备压铸机(Z002) offset=9000 dur=6000
2026-05-26 14:36:05 | INFO    | aps.scheduler   |   求解结果 - TASK-D002-G001-2 -> 装备压铸机(Z001) offset=6000 dur=12000
2026-05-26 14:36:05 | INFO    | aps.solve       | 资源分配结果: {'TASK-D001-G002-1': '零件打磨机', 'TASK-D002-G002-1': '零件打磨机', 'TASK-D001-G001-2': '装备压铸机', 'TASK-D002-G001-2': '装备压铸机'}
2026-05-26 14:36:07 | INFO    | aps             | GET    200     0.0ms /api/smart-scheduling/plan/progress?task_id=9b6ab664ed2a454d9ae439ea161f44c4
2026-05-26 14:36:08 | INFO    | aps             | POST   200    15.2ms /api/smart-scheduling/preview/plan/resource/gantt
2026-05-26 14:36:08 | INFO    | aps             | POST   200    17.8ms /api/smart-scheduling/preview/plan/tasks
2026-05-26 14:37:11 | INFO    | aps             | POST   200    28.5ms /api/smart-scheduling/plan/pending/confirm
2026-05-26 14:37:39 | INFO    | aps             | POST   200    10.4ms /api/smart-scheduling/plan/resource/gantt
2026-05-26 14:37:39 | INFO    | aps             | GET    307    11.4ms /api/production-orders?page=1&page_size=1000
2026-05-26 14:37:39 | INFO    | aps             | GET    200    36.2ms /api/smart-scheduling/plan/tasks?page=1&page_size=10
2026-05-26 14:37:39 | INFO    | aps             | POST   200    29.5ms /api/smart-scheduling/plan/resource/gantt
2026-05-26 14:37:39 | INFO    | aps             | GET    307     1.0ms /api/production-orders?page=1&page_size=1000
2026-05-26 14:37:39 | INFO    | aps             | GET    200    10.0ms /api/smart-scheduling/plan/tasks?page=1&page_size=10
2026-05-26 14:37:39 | INFO    | aps             | GET    200     8.4ms /api/production-orders/?page=1&page_size=1000
2026-05-26 14:37:39 | INFO    | aps             | GET    200     8.0ms /api/production-orders/?page=1&page_size=1000
2026-05-26 14:37:41 | INFO    | aps             | POST   200   158.1ms /api/schedule
2026-05-26 14:37:48 | WARNING | aps             | GET    404     0.0ms /api/calendars?page=1&page_size=20
2026-05-26 14:38:10 | INFO    | aps             | GET    200    10.7ms /api/work-calendars
2026-05-26 14:38:16 | INFO    | aps             | GET    200     4.0ms /api/work-modes
2026-05-26 14:38:22 | INFO    | aps             | GET    200     5.1ms /api/resource-calendars
2026-05-26 14:39:38 | INFO    | aps             | POST   200     4.5ms /api/smart-scheduling/generate
2026-05-26 14:39:38 | INFO    | aps.solve       | 开始排产: strategy=None, 可排产订单数=4
2026-05-26 14:39:38 | INFO    | aps.mrp         | 处理订单: code=D001 material_code=C001 quantity=1000
2026-05-26 14:39:38 | INFO    | aps.mrp         |   匹配物料: id=fadbc868875f4c2a8f909a960d19f269 code=C001 name=紫晶装备 source=PRODUCED
2026-05-26 14:39:38 | INFO    | aps.mrp         |   BOM子件数=1, 可用库存=1000
2026-05-26 14:39:38 | INFO    | aps.mrp         |   订单物料 C001 加入DAG, 需求量=1000
2026-05-26 14:39:38 | INFO    | aps.mrp         | 处理订单: code=D002 material_code=C001 quantity=2000
2026-05-26 14:39:38 | INFO    | aps.mrp         |   匹配物料: id=fadbc868875f4c2a8f909a960d19f269 code=C001 name=紫晶装备 source=PRODUCED
2026-05-26 14:39:38 | INFO    | aps.mrp         |   BOM子件数=1, 可用库存=1000
2026-05-26 14:39:38 | INFO    | aps.mrp         | 处理订单: code=SUP-D001-W001 material_code=W001 quantity=1000
2026-05-26 14:39:38 | INFO    | aps.mrp         |   匹配物料: id=5a5959f29f6643129210ee4dbcebf84f code=W001 name=紫晶零件 source=PRODUCED
2026-05-26 14:39:38 | INFO    | aps.mrp         |   BOM子件数=1, 可用库存=1000
2026-05-26 14:39:38 | INFO    | aps.mrp         | 处理订单: code=SUP-D002-W001 material_code=W001 quantity=2000
2026-05-26 14:39:38 | INFO    | aps.mrp         |   匹配物料: id=5a5959f29f6643129210ee4dbcebf84f code=W001 name=紫晶零件 source=PRODUCED
2026-05-26 14:39:38 | INFO    | aps.mrp         |   BOM子件数=1, 可用库存=1000
2026-05-26 14:39:38 | INFO    | aps.solve       | MRP完成: 缺料DAG节点数=2, 补充订单数=2
2026-05-26 14:39:38 | INFO    | aps.task_gen    | 缺料DAG: 2个节点, 1条边
2026-05-26 14:39:38 | INFO    | aps.task_gen    |   DAG节点: material=C001(fadbc868875f4c2a8f909a960d19f269) source=PRODUCED demand=3000.00 orders={'4401cb8f08de47219300f3203204daa8': 1000.0, '8f2d3f6b31b04d75818b137220e10177': 2000.0}
2026-05-26 14:39:38 | INFO    | aps.task_gen    |   DAG节点: material=W001(5a5959f29f6643129210ee4dbcebf84f) source=PRODUCED demand=6000.00 orders={'4401cb8f08de47219300f3203204daa8': 1000.0, '8f2d3f6b31b04d75818b137220e10177': 2000.0, 'e4c67043730540949f50e889fb831d95': 1000.0, 'fe9355de95ac4ab0a14061317e2e3916': 2000.0}
2026-05-26 14:39:38 | INFO    | aps.task_gen    | 拓扑排序后物料顺序 (2): ['5a5959f29f6643129210ee4dbcebf84f', 'fadbc868875f4c2a8f909a960d19f269']
2026-05-26 14:39:38 | INFO    | aps.task_gen    |   工序 G002: 从数据库刷新主资源=['af35d6ac']
2026-05-26 14:39:38 | INFO    | aps.task_gen    |   工序 G002: 从数据库刷新主资源=['af35d6ac']
2026-05-26 14:39:38 | INFO    | aps.task_gen    |   工序 G001: 从数据库刷新主资源=['579a3c2c', '9632c720']
2026-05-26 14:39:38 | INFO    | aps.task_gen    |   工序 G001: 从数据库刷新主资源=['579a3c2c', '9632c720']
2026-05-26 14:39:38 | INFO    | aps.task_gen    | 任务生成完成: 共生成 4 个任务, 4 个订单关联记录
2026-05-26 14:39:38 | INFO    | aps.solve       | 求解准备: 任务数=4, 资源数=3
2026-05-26 14:39:38 | INFO    | aps.solve       |   资源: id=579a3c2c code=Z001 name=装备压铸机 status=NORMAL throughput=10/H group=None
2026-05-26 14:39:38 | INFO    | aps.solve       |   资源: id=9632c720 code=Z002 name=装备压铸机 status=NORMAL throughput=10/H group=None
2026-05-26 14:39:38 | INFO    | aps.solve       |   资源: id=af35d6ac code=Z003 name=零件打磨机 status=NORMAL throughput=20/H group=None
2026-05-26 14:39:38 | INFO    | aps.solve       | 工作日历已加载: 1个日历, 1个工作模式
2026-05-26 14:39:38 | INFO    | aps.scheduler   |   任务 TASK-D001-G002-1(G002): qty=1000, 资源=1个, 工期=['3000']分
2026-05-26 14:39:38 | INFO    | aps.scheduler   |   任务 TASK-D002-G002-1(G002): qty=2000, 资源=1个, 工期=['6000']分
2026-05-26 14:39:38 | INFO    | aps.scheduler   |   任务 TASK-D001-G001-2(G001): qty=1000, 资源=2个, 工期=['6000', '6000']分
2026-05-26 14:39:38 | INFO    | aps.scheduler   |   任务 TASK-D002-G001-2(G001): qty=2000, 资源=2个, 工期=['12000', '12000']分
2026-05-26 14:39:38 | INFO    | aps.scheduler   | 工作日历已激活，求解器将基于工作分钟空间建模
2026-05-26 14:39:38 | INFO    | aps.scheduler   | 构建CP模型: 总任务=4, 跳过=0, 有效=4, 资源=3
2026-05-26 14:39:38 | INFO    | aps.scheduler   | 工作分钟空间: horizon=43200分(720.0工时), 总工时=27000分
2026-05-26 14:39:38 | INFO    | aps.scheduler   |   求解结果 - TASK-D001-G002-1 -> 零件打磨机(Z003) offset=6000 dur=3000
2026-05-26 14:39:38 | INFO    | aps.scheduler   |   求解结果 - TASK-D002-G002-1 -> 零件打磨机(Z003) offset=0 dur=6000
2026-05-26 14:39:38 | INFO    | aps.scheduler   |   求解结果 - TASK-D001-G001-2 -> 装备压铸机(Z002) offset=9000 dur=6000
2026-05-26 14:39:38 | INFO    | aps.scheduler   |   求解结果 - TASK-D002-G001-2 -> 装备压铸机(Z001) offset=6000 dur=12000
2026-05-26 14:39:38 | INFO    | aps.solve       | 资源分配结果: {'TASK-D001-G002-1': '零件打磨机', 'TASK-D002-G002-1': '零件打磨机', 'TASK-D001-G001-2': '装备压铸机', 'TASK-D002-G001-2': '装备压铸机'}
2026-05-26 14:39:48 | INFO    | aps             | GET    200     0.5ms /api/smart-scheduling/plan/progress?task_id=7438ab1b3d644e4aab42335a76d99a9c
2026-05-26 14:39:59 | INFO    | aps             | POST   200     6.9ms /api/smart-scheduling/preview/plan/tasks
2026-05-26 14:40:05 | WARNING | aps             | GET    404     0.5ms /api/resources?page=1&page_size=20
2026-05-26 14:40:40 | INFO    | aps             | GET    307     0.0ms /api/production-resources?page=1&page_size=20
2026-05-26 14:40:40 | INFO    | aps             | GET    200     7.6ms /api/production-resources/?page=1&page_size=20
2026-05-26 14:50:15 | INFO    | aps             | GET    307     0.0ms /api/production-orders?page=1&page_size=1000
2026-05-26 14:50:15 | INFO    | aps             | GET    307     1.0ms /api/production-orders?page=1&page_size=1000
2026-05-26 14:50:15 | INFO    | aps             | GET    200     9.0ms /api/production-orders/?page=1&page_size=1000
2026-05-26 14:50:15 | INFO    | aps             | GET    200    10.8ms /api/production-orders/?page=1&page_size=1000
2026-05-26 14:50:20 | INFO    | aps             | GET    307     2.0ms /api/production-orders?page=1&page_size=1000
2026-05-26 14:50:20 | INFO    | aps             | POST   200    28.6ms /api/smart-scheduling/plan/resource/gantt
2026-05-26 14:50:20 | INFO    | aps             | GET    200    29.1ms /api/smart-scheduling/plan/tasks?page=1&page_size=10
2026-05-26 14:50:20 | INFO    | aps             | POST   200    29.1ms /api/smart-scheduling/plan/resource/gantt
2026-05-26 14:50:20 | INFO    | aps             | GET    307     2.9ms /api/production-orders?page=1&page_size=1000
2026-05-26 14:50:20 | INFO    | aps             | GET    200    10.2ms /api/smart-scheduling/plan/tasks?page=1&page_size=10
2026-05-26 14:50:20 | INFO    | aps             | GET    200    18.6ms /api/production-orders/?page=1&page_size=1000
2026-05-26 14:50:20 | INFO    | aps             | GET    200     6.5ms /api/production-orders/?page=1&page_size=1000
2026-05-26 14:50:27 | INFO    | aps             | POST   200    21.2ms /api/smart-scheduling/plan/clear
2026-05-26 14:50:31 | INFO    | aps             | GET    307     0.0ms /api/materials?page=1&page_size=10
2026-05-26 14:50:31 | INFO    | aps             | GET    307     0.0ms /api/materials?page=1&page_size=10
2026-05-26 14:50:31 | INFO    | aps             | GET    200     8.0ms /api/materials/?page=1&page_size=10
2026-05-26 14:50:31 | INFO    | aps             | GET    200    10.4ms /api/materials/?page=1&page_size=10
2026-05-26 14:50:37 | INFO    | aps             | GET    307     0.7ms /api/materials?page=1&page_size=1000
2026-05-26 14:50:37 | INFO    | aps             | GET    307     1.0ms /api/manufacture-boms?page=1&page_size=10
2026-05-26 14:50:37 | INFO    | aps             | GET    307     1.0ms /api/materials?page=1&page_size=1000
2026-05-26 14:50:37 | INFO    | aps             | GET    307     0.0ms /api/manufacture-boms?page=1&page_size=10
2026-05-26 14:50:37 | INFO    | aps             | GET    200    13.0ms /api/materials/?page=1&page_size=1000
2026-05-26 14:50:37 | INFO    | aps             | GET    200    15.7ms /api/manufacture-boms/?page=1&page_size=10
2026-05-26 14:50:37 | INFO    | aps             | GET    200     9.0ms /api/manufacture-boms/?page=1&page_size=10
2026-05-26 14:50:37 | INFO    | aps             | GET    200    14.6ms /api/materials/?page=1&page_size=1000
2026-05-26 14:50:37 | INFO    | aps             | GET    307     0.0ms /api/production-resources?page=1&page_size=10
2026-05-26 14:50:37 | INFO    | aps             | GET    307     2.3ms /api/production-resources?page=1&page_size=10
2026-05-26 14:50:37 | INFO    | aps             | GET    200    14.1ms /api/production-resources/?page=1&page_size=10
2026-05-26 14:50:38 | INFO    | aps             | GET    200     7.6ms /api/production-resources/?page=1&page_size=10
2026-05-26 14:50:38 | INFO    | aps             | GET    307     3.6ms /api/processes?page=1&page_size=10
2026-05-26 14:50:38 | INFO    | aps             | GET    307     5.1ms /api/production-resources?page=1&page_size=1000
2026-05-26 14:50:38 | INFO    | aps             | GET    307     2.5ms /api/processes?page=1&page_size=10
2026-05-26 14:50:38 | INFO    | aps             | GET    307     3.0ms /api/production-resources?page=1&page_size=1000
2026-05-26 14:50:38 | INFO    | aps             | GET    200    20.4ms /api/processes/?page=1&page_size=10
2026-05-26 14:50:38 | INFO    | aps             | GET    200    19.1ms /api/production-resources/?page=1&page_size=1000
2026-05-26 14:50:38 | INFO    | aps             | GET    200    10.2ms /api/production-resources/?page=1&page_size=1000
2026-05-26 14:50:38 | INFO    | aps             | GET    200    14.8ms /api/processes/?page=1&page_size=10
2026-05-26 14:50:38 | INFO    | aps             | GET    307     0.5ms /api/materials?page=1&page_size=1000
2026-05-26 14:50:38 | INFO    | aps             | GET    307     0.5ms /api/materials?page=1&page_size=1000
2026-05-26 14:50:38 | INFO    | aps             | GET    200     8.1ms /api/materials/?page=1&page_size=1000
2026-05-26 14:50:38 | INFO    | aps             | GET    200     7.4ms /api/materials/?page=1&page_size=1000
2026-05-26 14:50:39 | INFO    | aps             | GET    307     0.0ms /api/process-routes?page=1&page_size=10
2026-05-26 14:50:39 | INFO    | aps             | GET    307     2.0ms /api/materials?page=1&page_size=1000
2026-05-26 14:50:39 | INFO    | aps             | GET    307     1.7ms /api/process-routes?page=1&page_size=10
2026-05-26 14:50:39 | INFO    | aps             | GET    307     3.1ms /api/materials?page=1&page_size=1000
2026-05-26 14:50:39 | INFO    | aps             | GET    200    15.9ms /api/materials/?page=1&page_size=1000
2026-05-26 14:50:39 | INFO    | aps             | GET    200    22.8ms /api/process-routes/?page=1&page_size=10
2026-05-26 14:50:39 | INFO    | aps             | GET    200    11.8ms /api/materials/?page=1&page_size=1000
2026-05-26 14:50:39 | INFO    | aps             | GET    200     9.4ms /api/process-routes/?page=1&page_size=10
2026-05-26 14:50:40 | INFO    | aps             | GET    200     5.6ms /api/work-modes?page=1&page_size=10
2026-05-26 14:50:40 | INFO    | aps             | GET    200     3.9ms /api/work-modes?page=1&page_size=10
2026-05-26 14:50:41 | INFO    | aps             | GET    307     1.6ms /api/process-routes?page=1&page_size=10
2026-05-26 14:50:41 | INFO    | aps             | GET    307     2.5ms /api/materials?page=1&page_size=1000
2026-05-26 14:50:41 | INFO    | aps             | GET    307     0.0ms /api/process-routes?page=1&page_size=10
2026-05-26 14:50:41 | INFO    | aps             | GET    307     0.0ms /api/materials?page=1&page_size=1000
2026-05-26 14:50:41 | INFO    | aps             | GET    200    15.2ms /api/materials/?page=1&page_size=1000
2026-05-26 14:50:41 | INFO    | aps             | GET    200    15.2ms /api/process-routes/?page=1&page_size=10
2026-05-26 14:50:41 | INFO    | aps             | GET    200    60.5ms /api/materials/?page=1&page_size=1000
2026-05-26 14:50:41 | INFO    | aps             | GET    200    88.2ms /api/process-routes/?page=1&page_size=10
2026-05-26 14:50:41 | INFO    | aps             | GET    307     0.0ms /api/incoming-material-orders?page=1&page_size=10
2026-05-26 14:50:41 | INFO    | aps             | GET    307     2.3ms /api/materials?page=1&page_size=1000
2026-05-26 14:50:41 | INFO    | aps             | GET    307     0.5ms /api/incoming-material-orders?page=1&page_size=10
2026-05-26 14:50:41 | INFO    | aps             | GET    307     0.0ms /api/materials?page=1&page_size=1000
2026-05-26 14:50:41 | INFO    | aps             | GET    200    11.5ms /api/incoming-material-orders/?page=1&page_size=10
2026-05-26 14:50:41 | INFO    | aps             | GET    200    15.0ms /api/materials/?page=1&page_size=1000
2026-05-26 14:50:41 | INFO    | aps             | GET    200     7.9ms /api/incoming-material-orders/?page=1&page_size=10
2026-05-26 14:50:41 | INFO    | aps             | GET    200     6.9ms /api/materials/?page=1&page_size=1000
2026-05-26 14:50:42 | INFO    | aps             | GET    307     0.0ms /api/materials?page=1&page_size=1000
2026-05-26 14:50:42 | INFO    | aps             | GET    307     3.2ms /api/production-orders?page=1&page_size=10
2026-05-26 14:50:42 | INFO    | aps             | GET    307     1.0ms /api/materials?page=1&page_size=1000
2026-05-26 14:50:42 | INFO    | aps             | GET    307     1.5ms /api/production-orders?page=1&page_size=10
2026-05-26 14:50:42 | INFO    | aps             | GET    200    10.4ms /api/materials/?page=1&page_size=1000
2026-05-26 14:50:42 | INFO    | aps             | GET    200    12.6ms /api/production-orders/?page=1&page_size=10
2026-05-26 14:50:42 | INFO    | aps             | GET    200    12.0ms /api/materials/?page=1&page_size=1000
2026-05-26 14:50:42 | INFO    | aps             | GET    200    10.3ms /api/production-orders/?page=1&page_size=10
2026-05-26 14:50:45 | INFO    | aps             | DELETE 204    31.1ms /api/production-orders/e4c67043730540949f50e889fb831d95
2026-05-26 14:50:45 | INFO    | aps             | GET    307     0.0ms /api/production-orders?page=1&page_size=10
2026-05-26 14:50:45 | INFO    | aps             | GET    200    10.1ms /api/production-orders/?page=1&page_size=10
2026-05-26 14:50:47 | INFO    | aps             | DELETE 204    23.0ms /api/production-orders/fe9355de95ac4ab0a14061317e2e3916
2026-05-26 14:50:47 | INFO    | aps             | GET    307     0.0ms /api/production-orders?page=1&page_size=10
2026-05-26 14:50:47 | INFO    | aps             | GET    200     8.1ms /api/production-orders/?page=1&page_size=10
2026-05-26 14:50:49 | INFO    | aps             | GET    307     0.0ms /api/production-orders?page=1&page_size=1000
2026-05-26 14:50:49 | INFO    | aps             | GET    307     1.5ms /api/production-orders?page=1&page_size=1000
2026-05-26 14:50:49 | INFO    | aps             | GET    200    10.3ms /api/production-orders/?page=1&page_size=1000
2026-05-26 14:50:49 | INFO    | aps             | GET    200     7.6ms /api/production-orders/?page=1&page_size=1000
2026-05-26 14:51:04 | INFO    | aps             | 数据库表已就绪
2026-05-26 14:51:24 | INFO    | aps             | POST   200    22.3ms /api/smart-scheduling/generate
2026-05-26 14:51:24 | INFO    | aps.solve       | 开始排产: strategy=None, 可排产订单数=2
2026-05-26 14:51:24 | INFO    | aps.mrp         | 处理订单: code=D001 material_code=C001 quantity=1000
2026-05-26 14:51:24 | INFO    | aps.mrp         |   匹配物料: id=fadbc868875f4c2a8f909a960d19f269 code=C001 name=紫晶装备 source=PRODUCED
2026-05-26 14:51:24 | INFO    | aps.mrp         |   BOM子件数=1, 可用库存=1000
2026-05-26 14:51:24 | INFO    | aps.mrp         |   订单物料 C001 加入DAG, 需求量=1000
2026-05-26 14:51:24 | INFO    | aps.mrp         | 处理订单: code=D002 material_code=C001 quantity=2000
2026-05-26 14:51:24 | INFO    | aps.mrp         |   匹配物料: id=fadbc868875f4c2a8f909a960d19f269 code=C001 name=紫晶装备 source=PRODUCED
2026-05-26 14:51:24 | INFO    | aps.mrp         |   BOM子件数=1, 可用库存=1000
2026-05-26 14:51:24 | INFO    | aps.solve       | MRP完成: 缺料DAG节点数=2, 补充订单数=2
2026-05-26 14:51:24 | INFO    | aps.task_gen    | 缺料DAG: 2个节点, 1条边
2026-05-26 14:51:24 | INFO    | aps.task_gen    |   DAG节点: material=C001(fadbc868875f4c2a8f909a960d19f269) source=PRODUCED demand=3000.00 orders={'4401cb8f08de47219300f3203204daa8': 1000.0, '8f2d3f6b31b04d75818b137220e10177': 2000.0}
2026-05-26 14:51:24 | INFO    | aps.task_gen    |   DAG节点: material=W001(5a5959f29f6643129210ee4dbcebf84f) source=PRODUCED demand=3000.00 orders={'4401cb8f08de47219300f3203204daa8': 1000.0, '8f2d3f6b31b04d75818b137220e10177': 2000.0}
2026-05-26 14:51:24 | INFO    | aps.task_gen    | 拓扑排序后物料顺序 (2): ['5a5959f29f6643129210ee4dbcebf84f', 'fadbc868875f4c2a8f909a960d19f269']
2026-05-26 14:51:24 | INFO    | aps.task_gen    |   工序 G002: 从数据库刷新主资源=['af35d6ac']
2026-05-26 14:51:24 | INFO    | aps.task_gen    |   工序 G002: 从数据库刷新主资源=['af35d6ac']
2026-05-26 14:51:24 | INFO    | aps.task_gen    |   工序 G001: 从数据库刷新主资源=['579a3c2c', '9632c720']
2026-05-26 14:51:24 | INFO    | aps.task_gen    |   工序 G001: 从数据库刷新主资源=['579a3c2c', '9632c720']
2026-05-26 14:51:24 | INFO    | aps.task_gen    | 任务生成完成: 共生成 4 个任务, 4 个订单关联记录
2026-05-26 14:51:24 | INFO    | aps.solve       | 求解准备: 任务数=4, 资源数=3
2026-05-26 14:51:24 | INFO    | aps.solve       |   资源: id=579a3c2c code=Z001 name=装备压铸机 status=NORMAL throughput=10/H group=None
2026-05-26 14:51:24 | INFO    | aps.solve       |   资源: id=9632c720 code=Z002 name=装备压铸机 status=NORMAL throughput=10/H group=None
2026-05-26 14:51:24 | INFO    | aps.solve       |   资源: id=af35d6ac code=Z003 name=零件打磨机 status=NORMAL throughput=20/H group=None
2026-05-26 14:51:24 | INFO    | aps.solve       | 工作日历已加载: 1个日历, 1个工作模式
2026-05-26 14:51:24 | INFO    | aps.scheduler   |   任务 TASK-D001-G002-1(G002): qty=1000, 资源=1个, 工期=['3000']分
2026-05-26 14:51:24 | INFO    | aps.scheduler   |   任务 TASK-D002-G002-1(G002): qty=2000, 资源=1个, 工期=['6000']分
2026-05-26 14:51:24 | INFO    | aps.scheduler   |   任务 TASK-D001-G001-2(G001): qty=1000, 资源=2个, 工期=['6000', '6000']分
2026-05-26 14:51:24 | INFO    | aps.scheduler   |   任务 TASK-D002-G001-2(G001): qty=2000, 资源=2个, 工期=['12000', '12000']分
2026-05-26 14:51:24 | INFO    | aps.scheduler   | 工作日历已激活，求解器将基于工作分钟空间建模
2026-05-26 14:51:24 | INFO    | aps.scheduler   | 构建CP模型: 总任务=4, 跳过=0, 有效=4, 资源=3
2026-05-26 14:51:24 | INFO    | aps.scheduler   | 工作分钟空间: horizon=43200分(720.0工时), 总工时=27000分
2026-05-26 14:51:24 | INFO    | aps.scheduler   |   求解结果 - TASK-D001-G002-1 -> 零件打磨机(Z003) offset=6000 dur=3000
2026-05-26 14:51:24 | INFO    | aps.scheduler   |   求解结果 - TASK-D002-G002-1 -> 零件打磨机(Z003) offset=0 dur=6000
2026-05-26 14:51:24 | INFO    | aps.scheduler   |   求解结果 - TASK-D001-G001-2 -> 装备压铸机(Z002) offset=9000 dur=6000
2026-05-26 14:51:24 | INFO    | aps.scheduler   |   求解结果 - TASK-D002-G001-2 -> 装备压铸机(Z001) offset=6000 dur=12000
2026-05-26 14:51:24 | INFO    | aps.solve       | 资源分配结果: {'TASK-D001-G002-1': '零件打磨机', 'TASK-D002-G002-1': '零件打磨机', 'TASK-D001-G001-2': '装备压铸机', 'TASK-D002-G001-2': '装备压铸机'}
2026-05-26 14:51:36 | INFO    | aps             | GET    200     2.5ms /api/smart-scheduling/plan/progress?task_id=db7a1e4c743c4f0bb9444d6130bed50a
2026-05-26 14:51:36 | INFO    | aps             | POST   200    18.8ms /api/smart-scheduling/preview/plan/tasks
2026-05-26 14:51:40 | INFO    | aps             | GET    200   229.2ms /api/smart-scheduling/plan/tasks?page=1&page_size=10
2026-05-26 14:51:40 | INFO    | aps             | GET    307   220.4ms /api/production-orders?page=1&page_size=1000
2026-05-26 14:51:40 | INFO    | aps             | POST   200   228.2ms /api/smart-scheduling/plan/resource/gantt
2026-05-26 14:51:40 | INFO    | aps             | POST   200   228.7ms /api/smart-scheduling/plan/resource/gantt
2026-05-26 14:51:40 | INFO    | aps             | GET    307     0.0ms /api/production-orders?page=1&page_size=1000
2026-05-26 14:51:40 | INFO    | aps             | GET    200     6.5ms /api/smart-scheduling/plan/tasks?page=1&page_size=10
2026-05-26 14:51:41 | INFO    | aps             | GET    200    19.2ms /api/production-orders/?page=1&page_size=1000
2026-05-26 14:51:41 | INFO    | aps             | GET    200     8.1ms /api/production-orders/?page=1&page_size=1000
2026-05-26 14:51:41 | INFO    | aps             | GET    307     1.0ms /api/production-orders?page=1&page_size=1000
2026-05-26 14:51:41 | INFO    | aps             | GET    200    20.5ms /api/smart-scheduling/plan/tasks?page=1&page_size=10
2026-05-26 14:51:41 | INFO    | aps             | POST   200    22.6ms /api/smart-scheduling/plan/resource/gantt
2026-05-26 14:51:41 | INFO    | aps             | POST   200    25.6ms /api/smart-scheduling/plan/resource/gantt
2026-05-26 14:51:41 | INFO    | aps             | GET    307     1.0ms /api/production-orders?page=1&page_size=1000
2026-05-26 14:51:41 | INFO    | aps             | GET    200     6.3ms /api/smart-scheduling/plan/tasks?page=1&page_size=10
2026-05-26 14:51:41 | INFO    | aps             | GET    200     9.3ms /api/production-orders/?page=1&page_size=1000
2026-05-26 14:51:41 | INFO    | aps             | GET    200     8.9ms /api/production-orders/?page=1&page_size=1000
2026-05-26 14:51:43 | INFO    | aps             | GET    307     0.0ms /api/production-orders?page=1&page_size=1000
2026-05-26 14:51:43 | INFO    | aps             | GET    307     0.9ms /api/production-orders?page=1&page_size=1000
2026-05-26 14:51:43 | INFO    | aps             | GET    200     9.4ms /api/production-orders/?page=1&page_size=1000
2026-05-26 14:51:43 | INFO    | aps             | GET    200     7.0ms /api/production-orders/?page=1&page_size=1000
2026-05-26 14:51:49 | INFO    | aps             | POST   200    15.0ms /api/smart-scheduling/generate
2026-05-26 14:51:49 | INFO    | aps.solve       | 开始排产: strategy=None, 可排产订单数=4
2026-05-26 14:51:49 | INFO    | aps.mrp         | 处理订单: code=D001 material_code=C001 quantity=1000
2026-05-26 14:51:49 | INFO    | aps.mrp         |   匹配物料: id=fadbc868875f4c2a8f909a960d19f269 code=C001 name=紫晶装备 source=PRODUCED
2026-05-26 14:51:49 | INFO    | aps.mrp         |   BOM子件数=1, 可用库存=1000
2026-05-26 14:51:49 | INFO    | aps.mrp         |   订单物料 C001 加入DAG, 需求量=1000
2026-05-26 14:51:49 | INFO    | aps.mrp         | 处理订单: code=D002 material_code=C001 quantity=2000
2026-05-26 14:51:49 | INFO    | aps.mrp         |   匹配物料: id=fadbc868875f4c2a8f909a960d19f269 code=C001 name=紫晶装备 source=PRODUCED
2026-05-26 14:51:49 | INFO    | aps.mrp         |   BOM子件数=1, 可用库存=1000
2026-05-26 14:51:49 | INFO    | aps.mrp         | 处理订单: code=SUP-D002-W001 material_code=W001 quantity=2000
2026-05-26 14:51:49 | INFO    | aps.mrp         |   匹配物料: id=5a5959f29f6643129210ee4dbcebf84f code=W001 name=紫晶零件 source=PRODUCED
2026-05-26 14:51:49 | INFO    | aps.mrp         |   BOM子件数=1, 可用库存=1000
2026-05-26 14:51:49 | INFO    | aps.mrp         | 处理订单: code=SUP-D001-W001 material_code=W001 quantity=1000
2026-05-26 14:51:49 | INFO    | aps.mrp         |   匹配物料: id=5a5959f29f6643129210ee4dbcebf84f code=W001 name=紫晶零件 source=PRODUCED
2026-05-26 14:51:49 | INFO    | aps.mrp         |   BOM子件数=1, 可用库存=1000
2026-05-26 14:51:49 | INFO    | aps.solve       | MRP完成: 缺料DAG节点数=2, 补充订单数=2
2026-05-26 14:51:49 | INFO    | aps.task_gen    | 缺料DAG: 2个节点, 1条边
2026-05-26 14:51:49 | INFO    | aps.task_gen    |   DAG节点: material=C001(fadbc868875f4c2a8f909a960d19f269) source=PRODUCED demand=3000.00 orders={'4401cb8f08de47219300f3203204daa8': 1000.0, '8f2d3f6b31b04d75818b137220e10177': 2000.0}
2026-05-26 14:51:49 | INFO    | aps.task_gen    |   DAG节点: material=W001(5a5959f29f6643129210ee4dbcebf84f) source=PRODUCED demand=6000.00 orders={'4401cb8f08de47219300f3203204daa8': 1000.0, '8f2d3f6b31b04d75818b137220e10177': 2000.0, '966b1c810bf64d64a7aaa969570f3cc8': 2000.0, 'e34b571c9046458d9762d8a597b7bb3d': 1000.0}
2026-05-26 14:51:49 | INFO    | aps.task_gen    | 拓扑排序后物料顺序 (2): ['5a5959f29f6643129210ee4dbcebf84f', 'fadbc868875f4c2a8f909a960d19f269']
2026-05-26 14:51:49 | INFO    | aps.task_gen    |   工序 G002: 从数据库刷新主资源=['af35d6ac']
2026-05-26 14:51:49 | INFO    | aps.task_gen    |   工序 G002: 从数据库刷新主资源=['af35d6ac']
2026-05-26 14:51:49 | INFO    | aps.task_gen    |   工序 G001: 从数据库刷新主资源=['579a3c2c', '9632c720']
2026-05-26 14:51:49 | INFO    | aps.task_gen    |   工序 G001: 从数据库刷新主资源=['579a3c2c', '9632c720']
2026-05-26 14:51:49 | INFO    | aps.task_gen    | 任务生成完成: 共生成 4 个任务, 4 个订单关联记录
2026-05-26 14:51:49 | INFO    | aps.solve       | 求解准备: 任务数=4, 资源数=3
2026-05-26 14:51:49 | INFO    | aps.solve       |   资源: id=579a3c2c code=Z001 name=装备压铸机 status=NORMAL throughput=10/H group=None
2026-05-26 14:51:49 | INFO    | aps.solve       |   资源: id=9632c720 code=Z002 name=装备压铸机 status=NORMAL throughput=10/H group=None
2026-05-26 14:51:49 | INFO    | aps.solve       |   资源: id=af35d6ac code=Z003 name=零件打磨机 status=NORMAL throughput=20/H group=None
2026-05-26 14:51:49 | INFO    | aps.solve       | 工作日历已加载: 1个日历, 1个工作模式
2026-05-26 14:51:49 | INFO    | aps.scheduler   |   任务 TASK-D001-G002-1(G002): qty=1000, 资源=1个, 工期=['3000']分
2026-05-26 14:51:49 | INFO    | aps.scheduler   |   任务 TASK-D002-G002-1(G002): qty=2000, 资源=1个, 工期=['6000']分
2026-05-26 14:51:49 | INFO    | aps.scheduler   |   任务 TASK-D001-G001-2(G001): qty=1000, 资源=2个, 工期=['6000', '6000']分
2026-05-26 14:51:49 | INFO    | aps.scheduler   |   任务 TASK-D002-G001-2(G001): qty=2000, 资源=2个, 工期=['12000', '12000']分
2026-05-26 14:51:49 | INFO    | aps.scheduler   | 工作日历已激活，求解器将基于工作分钟空间建模
2026-05-26 14:51:49 | INFO    | aps.scheduler   | 构建CP模型: 总任务=4, 跳过=0, 有效=4, 资源=3
2026-05-26 14:51:49 | INFO    | aps.scheduler   | 工作分钟空间: horizon=43200分(720.0工时), 总工时=27000分
2026-05-26 14:51:49 | INFO    | aps.scheduler   |   求解结果 - TASK-D001-G002-1 -> 零件打磨机(Z003) offset=6000 dur=3000
2026-05-26 14:51:49 | INFO    | aps.scheduler   |   求解结果 - TASK-D002-G002-1 -> 零件打磨机(Z003) offset=0 dur=6000
2026-05-26 14:51:49 | INFO    | aps.scheduler   |   求解结果 - TASK-D001-G001-2 -> 装备压铸机(Z002) offset=9000 dur=6000
2026-05-26 14:51:49 | INFO    | aps.scheduler   |   求解结果 - TASK-D002-G001-2 -> 装备压铸机(Z001) offset=6000 dur=12000
2026-05-26 14:51:49 | INFO    | aps.solve       | 资源分配结果: {'TASK-D001-G002-1': '零件打磨机', 'TASK-D002-G002-1': '零件打磨机', 'TASK-D001-G001-2': '装备压铸机', 'TASK-D002-G001-2': '装备压铸机'}
2026-05-26 14:51:59 | INFO    | aps             | GET    200     0.0ms /api/smart-scheduling/plan/progress?task_id=536efda8c53f4e2d95181d7429460975
2026-05-26 14:51:59 | INFO    | aps             | POST   200     8.9ms /api/smart-scheduling/preview/plan/tasks
2026-05-26 14:52:10 | INFO    | aps             | POST   200    19.8ms /api/smart-scheduling/generate
2026-05-26 14:52:10 | INFO    | aps.solve       | 开始排产: strategy=None, 可排产订单数=4
2026-05-26 14:52:10 | INFO    | aps.mrp         | 处理订单: code=D001 material_code=C001 quantity=1000
2026-05-26 14:52:10 | INFO    | aps.mrp         |   匹配物料: id=fadbc868875f4c2a8f909a960d19f269 code=C001 name=紫晶装备 source=PRODUCED
2026-05-26 14:52:10 | INFO    | aps.mrp         |   BOM子件数=1, 可用库存=1000
2026-05-26 14:52:10 | INFO    | aps.mrp         |   订单物料 C001 加入DAG, 需求量=1000
2026-05-26 14:52:10 | INFO    | aps.mrp         | 处理订单: code=D002 material_code=C001 quantity=2000
2026-05-26 14:52:10 | INFO    | aps.mrp         |   匹配物料: id=fadbc868875f4c2a8f909a960d19f269 code=C001 name=紫晶装备 source=PRODUCED
2026-05-26 14:52:10 | INFO    | aps.mrp         |   BOM子件数=1, 可用库存=1000
2026-05-26 14:52:10 | INFO    | aps.mrp         | 处理订单: code=SUP-D002-W001 material_code=W001 quantity=2000
2026-05-26 14:52:10 | INFO    | aps.mrp         |   匹配物料: id=5a5959f29f6643129210ee4dbcebf84f code=W001 name=紫晶零件 source=PRODUCED
2026-05-26 14:52:10 | INFO    | aps.mrp         |   BOM子件数=1, 可用库存=1000
2026-05-26 14:52:10 | INFO    | aps.mrp         | 处理订单: code=SUP-D001-W001 material_code=W001 quantity=1000
2026-05-26 14:52:10 | INFO    | aps.mrp         |   匹配物料: id=5a5959f29f6643129210ee4dbcebf84f code=W001 name=紫晶零件 source=PRODUCED
2026-05-26 14:52:10 | INFO    | aps.mrp         |   BOM子件数=1, 可用库存=1000
2026-05-26 14:52:10 | INFO    | aps.solve       | MRP完成: 缺料DAG节点数=2, 补充订单数=2
2026-05-26 14:52:10 | INFO    | aps.task_gen    | 缺料DAG: 2个节点, 1条边
2026-05-26 14:52:10 | INFO    | aps.task_gen    |   DAG节点: material=C001(fadbc868875f4c2a8f909a960d19f269) source=PRODUCED demand=3000.00 orders={'4401cb8f08de47219300f3203204daa8': 1000.0, '8f2d3f6b31b04d75818b137220e10177': 2000.0}
2026-05-26 14:52:10 | INFO    | aps.task_gen    |   DAG节点: material=W001(5a5959f29f6643129210ee4dbcebf84f) source=PRODUCED demand=6000.00 orders={'4401cb8f08de47219300f3203204daa8': 1000.0, '8f2d3f6b31b04d75818b137220e10177': 2000.0, '966b1c810bf64d64a7aaa969570f3cc8': 2000.0, 'e34b571c9046458d9762d8a597b7bb3d': 1000.0}
2026-05-26 14:52:10 | INFO    | aps.task_gen    | 拓扑排序后物料顺序 (2): ['5a5959f29f6643129210ee4dbcebf84f', 'fadbc868875f4c2a8f909a960d19f269']
2026-05-26 14:52:10 | INFO    | aps.task_gen    |   工序 G002: 从数据库刷新主资源=['af35d6ac']
2026-05-26 14:52:10 | INFO    | aps.task_gen    |   工序 G002: 从数据库刷新主资源=['af35d6ac']
2026-05-26 14:52:10 | INFO    | aps.task_gen    |   工序 G001: 从数据库刷新主资源=['579a3c2c', '9632c720']
2026-05-26 14:52:10 | INFO    | aps.task_gen    |   工序 G001: 从数据库刷新主资源=['579a3c2c', '9632c720']
2026-05-26 14:52:10 | INFO    | aps.task_gen    | 任务生成完成: 共生成 4 个任务, 4 个订单关联记录
2026-05-26 14:52:10 | INFO    | aps.solve       | 求解准备: 任务数=4, 资源数=3
2026-05-26 14:52:10 | INFO    | aps.solve       |   资源: id=579a3c2c code=Z001 name=装备压铸机 status=NORMAL throughput=10/H group=None
2026-05-26 14:52:10 | INFO    | aps.solve       |   资源: id=9632c720 code=Z002 name=装备压铸机 status=NORMAL throughput=10/H group=None
2026-05-26 14:52:10 | INFO    | aps.solve       |   资源: id=af35d6ac code=Z003 name=零件打磨机 status=NORMAL throughput=20/H group=None
2026-05-26 14:52:10 | INFO    | aps.solve       | 工作日历已加载: 1个日历, 1个工作模式
2026-05-26 14:52:13 | INFO    | aps             | GET    200     0.6ms /api/smart-scheduling/plan/progress?task_id=latest
2026-05-26 14:52:32 | INFO    | aps             | GET    200     1.0ms /api/smart-scheduling/plan/progress?task_id=dd6911537b5c4f44a4a86a99369bb06c50
2026-05-26 14:53:12 | INFO    | aps             | GET    200     0.0ms /api/smart-scheduling/plan/progress?task_id=dd6911537b5c4f44a4a86a99369bb06c50
2026-05-26 14:53:41 | INFO    | aps             | POST   200     5.3ms /api/smart-scheduling/generate
2026-05-26 14:53:41 | INFO    | aps.solve       | 开始排产: strategy=None, 可排产订单数=4
2026-05-26 14:53:41 | INFO    | aps.mrp         | 处理订单: code=D001 material_code=C001 quantity=1000
2026-05-26 14:53:41 | INFO    | aps.mrp         |   匹配物料: id=fadbc868875f4c2a8f909a960d19f269 code=C001 name=紫晶装备 source=PRODUCED
2026-05-26 14:53:41 | INFO    | aps.mrp         |   BOM子件数=1, 可用库存=1000
2026-05-26 14:53:41 | INFO    | aps.mrp         |   订单物料 C001 加入DAG, 需求量=1000
2026-05-26 14:53:41 | INFO    | aps.mrp         | 处理订单: code=D002 material_code=C001 quantity=2000
2026-05-26 14:53:41 | INFO    | aps.mrp         |   匹配物料: id=fadbc868875f4c2a8f909a960d19f269 code=C001 name=紫晶装备 source=PRODUCED
2026-05-26 14:53:41 | INFO    | aps.mrp         |   BOM子件数=1, 可用库存=1000
2026-05-26 14:53:41 | INFO    | aps.mrp         | 处理订单: code=SUP-D002-W001 material_code=W001 quantity=2000
2026-05-26 14:53:41 | INFO    | aps.mrp         |   匹配物料: id=5a5959f29f6643129210ee4dbcebf84f code=W001 name=紫晶零件 source=PRODUCED
2026-05-26 14:53:41 | INFO    | aps.mrp         |   BOM子件数=1, 可用库存=1000
2026-05-26 14:53:41 | INFO    | aps.mrp         | 处理订单: code=SUP-D001-W001 material_code=W001 quantity=1000
2026-05-26 14:53:41 | INFO    | aps.mrp         |   匹配物料: id=5a5959f29f6643129210ee4dbcebf84f code=W001 name=紫晶零件 source=PRODUCED
2026-05-26 14:53:41 | INFO    | aps.mrp         |   BOM子件数=1, 可用库存=1000
2026-05-26 14:53:41 | INFO    | aps.solve       | MRP完成: 缺料DAG节点数=2, 补充订单数=2
2026-05-26 14:53:41 | INFO    | aps.task_gen    | 缺料DAG: 2个节点, 1条边
2026-05-26 14:53:41 | INFO    | aps.task_gen    |   DAG节点: material=C001(fadbc868875f4c2a8f909a960d19f269) source=PRODUCED demand=3000.00 orders={'4401cb8f08de47219300f3203204daa8': 1000.0, '8f2d3f6b31b04d75818b137220e10177': 2000.0}
2026-05-26 14:53:41 | INFO    | aps.task_gen    |   DAG节点: material=W001(5a5959f29f6643129210ee4dbcebf84f) source=PRODUCED demand=6000.00 orders={'4401cb8f08de47219300f3203204daa8': 1000.0, '8f2d3f6b31b04d75818b137220e10177': 2000.0, '966b1c810bf64d64a7aaa969570f3cc8': 2000.0, 'e34b571c9046458d9762d8a597b7bb3d': 1000.0}
2026-05-26 14:53:41 | INFO    | aps.task_gen    | 拓扑排序后物料顺序 (2): ['5a5959f29f6643129210ee4dbcebf84f', 'fadbc868875f4c2a8f909a960d19f269']
2026-05-26 14:53:41 | INFO    | aps.task_gen    |   工序 G002: 从数据库刷新主资源=['af35d6ac']
2026-05-26 14:53:41 | INFO    | aps.task_gen    |   工序 G002: 从数据库刷新主资源=['af35d6ac']
2026-05-26 14:53:41 | INFO    | aps.task_gen    |   工序 G001: 从数据库刷新主资源=['579a3c2c', '9632c720']
2026-05-26 14:53:41 | INFO    | aps.task_gen    |   工序 G001: 从数据库刷新主资源=['579a3c2c', '9632c720']
2026-05-26 14:53:41 | INFO    | aps.task_gen    | 任务生成完成: 共生成 4 个任务, 4 个订单关联记录
2026-05-26 14:53:41 | INFO    | aps.solve       | 求解准备: 任务数=4, 资源数=3
2026-05-26 14:53:41 | INFO    | aps.solve       |   资源: id=579a3c2c code=Z001 name=装备压铸机 status=NORMAL throughput=10/H group=None
2026-05-26 14:53:41 | INFO    | aps.solve       |   资源: id=9632c720 code=Z002 name=装备压铸机 status=NORMAL throughput=10/H group=None
2026-05-26 14:53:41 | INFO    | aps.solve       |   资源: id=af35d6ac code=Z003 name=零件打磨机 status=NORMAL throughput=20/H group=None
2026-05-26 14:53:41 | INFO    | aps.solve       | 工作日历已加载: 1个日历, 1个工作模式
2026-05-26 14:53:41 | INFO    | aps.scheduler   |   任务 TASK-D001-G002-1(G002): qty=1000, 资源=1个, 工期=['3000']分
2026-05-26 14:53:41 | INFO    | aps.scheduler   |   任务 TASK-D002-G002-1(G002): qty=2000, 资源=1个, 工期=['6000']分
2026-05-26 14:53:41 | INFO    | aps.scheduler   |   任务 TASK-D001-G001-2(G001): qty=1000, 资源=2个, 工期=['6000', '6000']分
2026-05-26 14:53:41 | INFO    | aps.scheduler   |   任务 TASK-D002-G001-2(G001): qty=2000, 资源=2个, 工期=['12000', '12000']分
2026-05-26 14:53:41 | INFO    | aps.scheduler   | 工作日历已激活，求解器将基于工作分钟空间建模
2026-05-26 14:53:41 | INFO    | aps.scheduler   | 构建CP模型: 总任务=4, 跳过=0, 有效=4, 资源=3
2026-05-26 14:53:41 | INFO    | aps.scheduler   | 工作分钟空间: horizon=43200分(720.0工时), 总工时=27000分
2026-05-26 14:53:41 | INFO    | aps.scheduler   |   求解结果 - TASK-D001-G002-1 -> 零件打磨机(Z003) offset=6000 dur=3000
2026-05-26 14:53:41 | INFO    | aps.scheduler   |   求解结果 - TASK-D002-G002-1 -> 零件打磨机(Z003) offset=0 dur=6000
2026-05-26 14:53:41 | INFO    | aps.scheduler   |   求解结果 - TASK-D001-G001-2 -> 装备压铸机(Z002) offset=9000 dur=6000
2026-05-26 14:53:41 | INFO    | aps.scheduler   |   求解结果 - TASK-D002-G001-2 -> 装备压铸机(Z001) offset=6000 dur=12000
2026-05-26 14:53:41 | INFO    | aps.solve       | 资源分配结果: {'TASK-D001-G002-1': '零件打磨机', 'TASK-D002-G002-1': '零件打磨机', 'TASK-D001-G001-2': '装备压铸机', 'TASK-D002-G001-2': '装备压铸机'}
2026-05-26 14:53:43 | INFO    | aps             | GET    200     2.0ms /api/smart-scheduling/plan/progress?task_id=0a0e77943eed404caff8186c1aa64c02
2026-05-26 14:53:44 | INFO    | aps             | GET    307     2.0ms /api/production-orders?page=1&page_size=1000
2026-05-26 14:53:44 | INFO    | aps             | POST   200    14.9ms /api/smart-scheduling/plan/resource/gantt
2026-05-26 14:53:44 | INFO    | aps             | GET    200    23.3ms /api/smart-scheduling/plan/tasks?page=1&page_size=10
2026-05-26 14:53:44 | INFO    | aps             | POST   200    25.6ms /api/smart-scheduling/plan/resource/gantt
2026-05-26 14:53:44 | INFO    | aps             | GET    307     2.9ms /api/production-orders?page=1&page_size=1000
2026-05-26 14:53:44 | INFO    | aps             | GET    200     5.4ms /api/smart-scheduling/plan/tasks?page=1&page_size=10
2026-05-26 14:53:44 | INFO    | aps             | POST   200    10.0ms /api/smart-scheduling/preview/plan/tasks
2026-05-26 14:53:44 | INFO    | aps             | POST   200    19.9ms /api/smart-scheduling/preview/plan/resource/gantt
2026-05-26 14:53:44 | INFO    | aps             | GET    200     7.9ms /api/production-orders/?page=1&page_size=1000
2026-05-26 14:53:44 | INFO    | aps             | GET    200     8.5ms /api/production-orders/?page=1&page_size=1000
2026-05-26 14:53:44 | INFO    | aps             | GET    307     0.0ms /api/production-orders?page=1&page_size=1000
2026-05-26 14:53:44 | INFO    | aps             | GET    307     0.5ms /api/production-orders?page=1&page_size=1000
2026-05-26 14:53:44 | INFO    | aps             | GET    200    10.0ms /api/production-orders/?page=1&page_size=1000
2026-05-26 14:53:44 | INFO    | aps             | GET    200     8.0ms /api/production-orders/?page=1&page_size=1000
2026-05-26 14:53:46 | INFO    | aps             | POST   200    15.8ms /api/smart-scheduling/generate
2026-05-26 14:53:46 | INFO    | aps.solve       | 开始排产: strategy=None, 可排产订单数=4
2026-05-26 14:53:46 | INFO    | aps.mrp         | 处理订单: code=D001 material_code=C001 quantity=1000
2026-05-26 14:53:46 | INFO    | aps.mrp         |   匹配物料: id=fadbc868875f4c2a8f909a960d19f269 code=C001 name=紫晶装备 source=PRODUCED
2026-05-26 14:53:46 | INFO    | aps.mrp         |   BOM子件数=1, 可用库存=1000
2026-05-26 14:53:46 | INFO    | aps.mrp         |   订单物料 C001 加入DAG, 需求量=1000
2026-05-26 14:53:46 | INFO    | aps.mrp         | 处理订单: code=D002 material_code=C001 quantity=2000
2026-05-26 14:53:46 | INFO    | aps.mrp         |   匹配物料: id=fadbc868875f4c2a8f909a960d19f269 code=C001 name=紫晶装备 source=PRODUCED
2026-05-26 14:53:46 | INFO    | aps.mrp         |   BOM子件数=1, 可用库存=1000
2026-05-26 14:53:46 | INFO    | aps.mrp         | 处理订单: code=SUP-D002-W001 material_code=W001 quantity=2000
2026-05-26 14:53:46 | INFO    | aps.mrp         |   匹配物料: id=5a5959f29f6643129210ee4dbcebf84f code=W001 name=紫晶零件 source=PRODUCED
2026-05-26 14:53:46 | INFO    | aps.mrp         |   BOM子件数=1, 可用库存=1000
2026-05-26 14:53:46 | INFO    | aps.mrp         | 处理订单: code=SUP-D001-W001 material_code=W001 quantity=1000
2026-05-26 14:53:46 | INFO    | aps.mrp         |   匹配物料: id=5a5959f29f6643129210ee4dbcebf84f code=W001 name=紫晶零件 source=PRODUCED
2026-05-26 14:53:46 | INFO    | aps.mrp         |   BOM子件数=1, 可用库存=1000
2026-05-26 14:53:46 | INFO    | aps.solve       | MRP完成: 缺料DAG节点数=2, 补充订单数=2
2026-05-26 14:53:46 | INFO    | aps.task_gen    | 缺料DAG: 2个节点, 1条边
2026-05-26 14:53:46 | INFO    | aps.task_gen    |   DAG节点: material=C001(fadbc868875f4c2a8f909a960d19f269) source=PRODUCED demand=3000.00 orders={'4401cb8f08de47219300f3203204daa8': 1000.0, '8f2d3f6b31b04d75818b137220e10177': 2000.0}
2026-05-26 14:53:46 | INFO    | aps.task_gen    |   DAG节点: material=W001(5a5959f29f6643129210ee4dbcebf84f) source=PRODUCED demand=6000.00 orders={'4401cb8f08de47219300f3203204daa8': 1000.0, '8f2d3f6b31b04d75818b137220e10177': 2000.0, '966b1c810bf64d64a7aaa969570f3cc8': 2000.0, 'e34b571c9046458d9762d8a597b7bb3d': 1000.0}
2026-05-26 14:53:46 | INFO    | aps.task_gen    | 拓扑排序后物料顺序 (2): ['5a5959f29f6643129210ee4dbcebf84f', 'fadbc868875f4c2a8f909a960d19f269']
2026-05-26 14:53:46 | INFO    | aps.task_gen    |   工序 G002: 从数据库刷新主资源=['af35d6ac']
2026-05-26 14:53:46 | INFO    | aps.task_gen    |   工序 G002: 从数据库刷新主资源=['af35d6ac']
2026-05-26 14:53:46 | INFO    | aps.task_gen    |   工序 G001: 从数据库刷新主资源=['579a3c2c', '9632c720']
2026-05-26 14:53:46 | INFO    | aps.task_gen    |   工序 G001: 从数据库刷新主资源=['579a3c2c', '9632c720']
2026-05-26 14:53:46 | INFO    | aps.task_gen    | 任务生成完成: 共生成 4 个任务, 4 个订单关联记录
2026-05-26 14:53:46 | INFO    | aps.solve       | 求解准备: 任务数=4, 资源数=3
2026-05-26 14:53:46 | INFO    | aps.solve       |   资源: id=579a3c2c code=Z001 name=装备压铸机 status=NORMAL throughput=10/H group=None
2026-05-26 14:53:46 | INFO    | aps.solve       |   资源: id=9632c720 code=Z002 name=装备压铸机 status=NORMAL throughput=10/H group=None
2026-05-26 14:53:46 | INFO    | aps.solve       |   资源: id=af35d6ac code=Z003 name=零件打磨机 status=NORMAL throughput=20/H group=None
2026-05-26 14:53:46 | INFO    | aps.solve       | 工作日历已加载: 1个日历, 1个工作模式
2026-05-26 14:53:46 | INFO    | aps.scheduler   |   任务 TASK-D001-G002-1(G002): qty=1000, 资源=1个, 工期=['3000']分
2026-05-26 14:53:46 | INFO    | aps.scheduler   |   任务 TASK-D002-G002-1(G002): qty=2000, 资源=1个, 工期=['6000']分
2026-05-26 14:53:46 | INFO    | aps.scheduler   |   任务 TASK-D001-G001-2(G001): qty=1000, 资源=2个, 工期=['6000', '6000']分
2026-05-26 14:53:46 | INFO    | aps.scheduler   |   任务 TASK-D002-G001-2(G001): qty=2000, 资源=2个, 工期=['12000', '12000']分
2026-05-26 14:53:46 | INFO    | aps.scheduler   | 工作日历已激活，求解器将基于工作分钟空间建模
2026-05-26 14:53:46 | INFO    | aps.scheduler   | 构建CP模型: 总任务=4, 跳过=0, 有效=4, 资源=3
2026-05-26 14:53:46 | INFO    | aps.scheduler   | 工作分钟空间: horizon=43200分(720.0工时), 总工时=27000分
2026-05-26 14:53:46 | INFO    | aps.scheduler   |   求解结果 - TASK-D001-G002-1 -> 零件打磨机(Z003) offset=6000 dur=3000
2026-05-26 14:53:46 | INFO    | aps.scheduler   |   求解结果 - TASK-D002-G002-1 -> 零件打磨机(Z003) offset=0 dur=6000
2026-05-26 14:53:46 | INFO    | aps.scheduler   |   求解结果 - TASK-D001-G001-2 -> 装备压铸机(Z002) offset=9000 dur=6000
2026-05-26 14:53:46 | INFO    | aps.scheduler   |   求解结果 - TASK-D002-G001-2 -> 装备压铸机(Z001) offset=6000 dur=12000
2026-05-26 14:53:46 | INFO    | aps.solve       | 资源分配结果: {'TASK-D001-G002-1': '零件打磨机', 'TASK-D002-G002-1': '零件打磨机', 'TASK-D001-G001-2': '装备压铸机', 'TASK-D002-G001-2': '装备压铸机'}
2026-05-26 14:53:48 | INFO    | aps             | GET    200     0.0ms /api/smart-scheduling/plan/progress?task_id=6f514afcff3f46938c59c08b2df5e675
2026-05-26 14:53:49 | INFO    | aps             | POST   200    15.2ms /api/smart-scheduling/preview/plan/resource/gantt
2026-05-26 14:53:49 | INFO    | aps             | POST   200    17.8ms /api/smart-scheduling/preview/plan/tasks
2026-05-26 14:53:58 | INFO    | aps             | POST   200    37.2ms /api/smart-scheduling/plan/pending/confirm
2026-05-26 14:53:59 | INFO    | aps             | GET    307     2.2ms /api/production-orders?page=1&page_size=1000
2026-05-26 14:53:59 | INFO    | aps             | POST   200    27.1ms /api/smart-scheduling/plan/resource/gantt
2026-05-26 14:53:59 | INFO    | aps             | GET    200    26.1ms /api/smart-scheduling/plan/tasks?page=1&page_size=10
2026-05-26 14:53:59 | INFO    | aps             | POST   200    28.3ms /api/smart-scheduling/plan/resource/gantt
2026-05-26 14:53:59 | INFO    | aps             | GET    307     1.6ms /api/production-orders?page=1&page_size=1000
2026-05-26 14:53:59 | INFO    | aps             | GET    200    10.9ms /api/smart-scheduling/plan/tasks?page=1&page_size=10
2026-05-26 14:53:59 | INFO    | aps             | GET    200    22.3ms /api/production-orders/?page=1&page_size=1000
2026-05-26 14:53:59 | INFO    | aps             | GET    200     6.9ms /api/production-orders/?page=1&page_size=1000
2026-05-26 14:57:40 | INFO    | aps             | GET    307     1.0ms /api/production-orders?page=1&page_size=1000
2026-05-26 14:57:40 | INFO    | aps             | GET    307     0.0ms /api/production-orders?page=1&page_size=1000
2026-05-26 14:57:40 | INFO    | aps             | GET    200     8.6ms /api/production-orders/?page=1&page_size=1000
2026-05-26 14:57:40 | INFO    | aps             | GET    200     8.5ms /api/production-orders/?page=1&page_size=1000
2026-05-26 14:57:41 | INFO    | aps             | POST   200    13.8ms /api/smart-scheduling/plan/resource/gantt
2026-05-26 14:57:41 | INFO    | aps             | GET    307    13.1ms /api/production-orders?page=1&page_size=1000
2026-05-26 14:57:41 | INFO    | aps             | GET    200    25.7ms /api/smart-scheduling/plan/tasks?page=1&page_size=10
2026-05-26 14:57:41 | INFO    | aps             | POST   200    27.8ms /api/smart-scheduling/plan/resource/gantt
2026-05-26 14:57:41 | INFO    | aps             | GET    307     6.0ms /api/production-orders?page=1&page_size=1000
2026-05-26 14:57:41 | INFO    | aps             | GET    200     9.6ms /api/smart-scheduling/plan/tasks?page=1&page_size=10
2026-05-26 14:57:41 | INFO    | aps             | GET    200    21.9ms /api/production-orders/?page=1&page_size=1000
2026-05-26 14:57:41 | INFO    | aps             | GET    200     9.9ms /api/production-orders/?page=1&page_size=1000
2026-05-26 14:57:51 | INFO    | aps             | POST   200    26.7ms /api/smart-scheduling/plan/clear
2026-05-26 14:57:53 | INFO    | aps             | GET    307     0.0ms /api/production-orders?page=1&page_size=10
2026-05-26 14:57:53 | INFO    | aps             | GET    307     4.8ms /api/materials?page=1&page_size=1000
2026-05-26 14:57:53 | INFO    | aps             | GET    307     0.0ms /api/production-orders?page=1&page_size=10
2026-05-26 14:57:53 | INFO    | aps             | GET    307     0.0ms /api/materials?page=1&page_size=1000
2026-05-26 14:57:53 | INFO    | aps             | GET    200     8.6ms /api/production-orders/?page=1&page_size=10
2026-05-26 14:57:53 | INFO    | aps             | GET    200    14.4ms /api/production-orders/?page=1&page_size=10
2026-05-26 14:57:53 | INFO    | aps             | GET    200    16.7ms /api/materials/?page=1&page_size=1000
2026-05-26 14:57:53 | INFO    | aps             | GET    200     7.0ms /api/materials/?page=1&page_size=1000
2026-05-26 14:57:55 | INFO    | aps             | DELETE 204    33.4ms /api/production-orders/966b1c810bf64d64a7aaa969570f3cc8
2026-05-26 14:57:55 | INFO    | aps             | GET    307     0.8ms /api/production-orders?page=1&page_size=10
2026-05-26 14:57:56 | INFO    | aps             | GET    200     7.2ms /api/production-orders/?page=1&page_size=10
2026-05-26 14:57:57 | INFO    | aps             | DELETE 204    25.3ms /api/production-orders/e34b571c9046458d9762d8a597b7bb3d
2026-05-26 14:57:57 | INFO    | aps             | GET    307     0.0ms /api/production-orders?page=1&page_size=10
2026-05-26 14:57:57 | INFO    | aps             | GET    200     7.7ms /api/production-orders/?page=1&page_size=10
2026-05-26 14:57:59 | INFO    | aps             | GET    307     0.0ms /api/materials?page=1&page_size=10
2026-05-26 14:57:59 | INFO    | aps             | GET    307     0.8ms /api/materials?page=1&page_size=10
2026-05-26 14:57:59 | INFO    | aps             | GET    200     6.8ms /api/materials/?page=1&page_size=10
2026-05-26 14:57:59 | INFO    | aps             | GET    200     6.5ms /api/materials/?page=1&page_size=10
2026-05-26 14:58:11 | INFO    | aps             | PUT    200    29.7ms /api/materials/5a5959f29f6643129210ee4dbcebf84f
2026-05-26 14:58:11 | INFO    | aps             | GET    307     0.0ms /api/materials?page=1&page_size=10
2026-05-26 14:58:11 | INFO    | aps             | GET    200     7.3ms /api/materials/?page=1&page_size=10
2026-05-26 14:58:24 | INFO    | aps             | GET    307     1.8ms /api/manufacture-boms?page=1&page_size=10
2026-05-26 14:58:24 | INFO    | aps             | GET    307     1.4ms /api/materials?page=1&page_size=1000
2026-05-26 14:58:24 | INFO    | aps             | GET    307     0.0ms /api/manufacture-boms?page=1&page_size=10
2026-05-26 14:58:24 | INFO    | aps             | GET    307     1.0ms /api/materials?page=1&page_size=1000
2026-05-26 14:58:24 | INFO    | aps             | GET    200    11.1ms /api/materials/?page=1&page_size=1000
2026-05-26 14:58:24 | INFO    | aps             | GET    200    12.7ms /api/manufacture-boms/?page=1&page_size=10
2026-05-26 14:58:24 | INFO    | aps             | GET    200     8.0ms /api/materials/?page=1&page_size=1000
2026-05-26 14:58:24 | INFO    | aps             | GET    200     8.2ms /api/manufacture-boms/?page=1&page_size=10
2026-05-26 14:58:30 | INFO    | aps             | GET    307     0.0ms /api/production-resources?page=1&page_size=10
2026-05-26 14:58:30 | INFO    | aps             | GET    307     0.0ms /api/production-resources?page=1&page_size=10
2026-05-26 14:58:30 | INFO    | aps             | GET    200    10.7ms /api/production-resources/?page=1&page_size=10
2026-05-26 14:58:30 | INFO    | aps             | GET    200     5.4ms /api/production-resources/?page=1&page_size=10
2026-05-26 14:58:31 | INFO    | aps             | GET    307     0.4ms /api/processes?page=1&page_size=10
2026-05-26 14:58:31 | INFO    | aps             | GET    307     0.0ms /api/production-resources?page=1&page_size=1000
2026-05-26 14:58:31 | INFO    | aps             | GET    307     0.0ms /api/processes?page=1&page_size=10
2026-05-26 14:58:31 | INFO    | aps             | GET    307     3.8ms /api/production-resources?page=1&page_size=1000
2026-05-26 14:58:31 | INFO    | aps             | GET    200    13.5ms /api/processes/?page=1&page_size=10
2026-05-26 14:58:31 | INFO    | aps             | GET    200    16.3ms /api/production-resources/?page=1&page_size=1000
2026-05-26 14:58:31 | INFO    | aps             | GET    200    12.7ms /api/processes/?page=1&page_size=10
2026-05-26 14:58:31 | INFO    | aps             | GET    200     8.0ms /api/production-resources/?page=1&page_size=1000
2026-05-26 14:58:31 | INFO    | aps             | GET    307     0.0ms /api/materials?page=1&page_size=1000
2026-05-26 14:58:31 | INFO    | aps             | GET    307     0.0ms /api/materials?page=1&page_size=1000
2026-05-26 14:58:31 | INFO    | aps             | GET    200     6.8ms /api/materials/?page=1&page_size=1000
2026-05-26 14:58:31 | INFO    | aps             | GET    200     7.6ms /api/materials/?page=1&page_size=1000
2026-05-26 14:58:31 | INFO    | aps             | GET    307     0.4ms /api/process-routes?page=1&page_size=10
2026-05-26 14:58:31 | INFO    | aps             | GET    307     0.0ms /api/materials?page=1&page_size=1000
2026-05-26 14:58:31 | INFO    | aps             | GET    307     0.5ms /api/process-routes?page=1&page_size=10
2026-05-26 14:58:31 | INFO    | aps             | GET    307     0.0ms /api/materials?page=1&page_size=1000
2026-05-26 14:58:31 | INFO    | aps             | GET    200    16.6ms /api/process-routes/?page=1&page_size=10
2026-05-26 14:58:31 | INFO    | aps             | GET    200    16.2ms /api/materials/?page=1&page_size=1000
2026-05-26 14:58:31 | INFO    | aps             | GET    200    11.1ms /api/process-routes/?page=1&page_size=10
2026-05-26 14:58:31 | INFO    | aps             | GET    200    10.2ms /api/materials/?page=1&page_size=1000
2026-05-26 14:58:33 | INFO    | aps             | GET    200     7.1ms /api/work-modes?page=1&page_size=10
2026-05-26 14:58:33 | INFO    | aps             | GET    200     5.1ms /api/work-modes?page=1&page_size=10
2026-05-26 14:58:34 | INFO    | aps             | GET    307     0.7ms /api/production-resources?page=1&page_size=1000
2026-05-26 14:58:34 | INFO    | aps             | GET    307     0.0ms /api/production-resources?page=1&page_size=1000
2026-05-26 14:58:34 | INFO    | aps             | GET    200    13.3ms /api/work-modes?page=1&page_size=1000
2026-05-26 14:58:34 | INFO    | aps             | GET    200    18.7ms /api/work-calendars?page=1&page_size=10
2026-05-26 14:58:34 | INFO    | aps             | GET    200     4.8ms /api/work-modes?page=1&page_size=1000
2026-05-26 14:58:34 | INFO    | aps             | GET    200    16.7ms /api/production-resources/?page=1&page_size=1000
2026-05-26 14:58:34 | INFO    | aps             | GET    200    10.0ms /api/work-calendars?page=1&page_size=10
2026-05-26 14:58:34 | INFO    | aps             | GET    200     7.1ms /api/production-resources/?page=1&page_size=1000
2026-05-26 14:58:44 | INFO    | aps             | GET    307     0.0ms /api/incoming-material-orders?page=1&page_size=10
2026-05-26 14:58:44 | INFO    | aps             | GET    307     2.0ms /api/materials?page=1&page_size=1000
2026-05-26 14:58:44 | INFO    | aps             | GET    307     0.0ms /api/incoming-material-orders?page=1&page_size=10
2026-05-26 14:58:44 | INFO    | aps             | GET    307     0.0ms /api/materials?page=1&page_size=1000
2026-05-26 14:58:44 | INFO    | aps             | GET    200    13.3ms /api/incoming-material-orders/?page=1&page_size=10
2026-05-26 14:58:44 | INFO    | aps             | GET    200    14.3ms /api/materials/?page=1&page_size=1000
2026-05-26 14:58:44 | INFO    | aps             | GET    200     6.3ms /api/incoming-material-orders/?page=1&page_size=10
2026-05-26 14:58:44 | INFO    | aps             | GET    200     7.3ms /api/materials/?page=1&page_size=1000
2026-05-26 14:58:45 | INFO    | aps             | GET    307     1.5ms /api/production-orders?page=1&page_size=10
2026-05-26 14:58:45 | INFO    | aps             | GET    307     0.8ms /api/materials?page=1&page_size=1000
2026-05-26 14:58:45 | INFO    | aps             | GET    307     1.1ms /api/production-orders?page=1&page_size=10
2026-05-26 14:58:45 | INFO    | aps             | GET    307     0.0ms /api/materials?page=1&page_size=1000
2026-05-26 14:58:45 | INFO    | aps             | GET    200    14.7ms /api/production-orders/?page=1&page_size=10
2026-05-26 14:58:45 | INFO    | aps             | GET    200    10.2ms /api/materials/?page=1&page_size=1000
2026-05-26 14:58:45 | INFO    | aps             | GET    200     8.3ms /api/materials/?page=1&page_size=1000
2026-05-26 14:58:45 | INFO    | aps             | GET    200    14.9ms /api/production-orders/?page=1&page_size=10
2026-05-26 14:58:50 | INFO    | aps             | GET    307     0.0ms /api/production-orders?page=1&page_size=1000
2026-05-26 14:58:50 | INFO    | aps             | GET    307     1.0ms /api/production-orders?page=1&page_size=1000
2026-05-26 14:58:50 | INFO    | aps             | GET    200     7.4ms /api/production-orders/?page=1&page_size=1000
2026-05-26 14:58:50 | INFO    | aps             | GET    200     5.0ms /api/production-orders/?page=1&page_size=1000
2026-05-26 14:58:50 | INFO    | aps             | POST   200    12.5ms /api/smart-scheduling/plan/resource/gantt
2026-05-26 14:58:50 | INFO    | aps             | GET    307    14.0ms /api/production-orders?page=1&page_size=1000
2026-05-26 14:58:50 | INFO    | aps             | GET    200    17.1ms /api/smart-scheduling/plan/tasks?page=1&page_size=10
2026-05-26 14:58:50 | INFO    | aps             | POST   200    17.6ms /api/smart-scheduling/plan/resource/gantt
2026-05-26 14:58:50 | INFO    | aps             | GET    307     1.1ms /api/production-orders?page=1&page_size=1000
2026-05-26 14:58:50 | INFO    | aps             | GET    200     4.1ms /api/smart-scheduling/plan/tasks?page=1&page_size=10
2026-05-26 14:58:50 | INFO    | aps             | GET    200    12.4ms /api/production-orders/?page=1&page_size=1000
2026-05-26 14:58:50 | INFO    | aps             | GET    200     3.0ms /api/production-orders/?page=1&page_size=1000
2026-05-26 14:58:52 | INFO    | aps             | GET    307     4.6ms /api/production-orders?page=1&page_size=1000
2026-05-26 14:58:52 | INFO    | aps             | GET    307     0.0ms /api/production-orders?page=1&page_size=1000
2026-05-26 14:58:52 | INFO    | aps             | GET    200    10.2ms /api/production-orders/?page=1&page_size=1000
2026-05-26 14:58:52 | INFO    | aps             | GET    200     8.9ms /api/production-orders/?page=1&page_size=1000
2026-05-26 14:58:54 | INFO    | aps             | POST   200   153.2ms /api/schedule
2026-05-26 14:58:58 | INFO    | aps             | GET    307     0.0ms /api/production-orders?page=1&page_size=1000
2026-05-26 14:58:58 | INFO    | aps             | GET    307     0.0ms /api/production-orders?page=1&page_size=1000
2026-05-26 14:58:58 | INFO    | aps             | GET    200     7.8ms /api/production-orders/?page=1&page_size=1000
2026-05-26 14:58:58 | INFO    | aps             | GET    200     4.6ms /api/production-orders/?page=1&page_size=1000
2026-05-26 14:59:03 | INFO    | aps             | POST   200     5.4ms /api/smart-scheduling/generate
2026-05-26 14:59:03 | INFO    | aps.solve       | 开始排产: strategy=None, 可排产订单数=2
2026-05-26 14:59:03 | INFO    | aps.mrp         | 处理订单: code=D001 material_code=C001 quantity=1000
2026-05-26 14:59:03 | INFO    | aps.mrp         |   匹配物料: id=fadbc868875f4c2a8f909a960d19f269 code=C001 name=紫晶装备 source=PRODUCED
2026-05-26 14:59:03 | INFO    | aps.mrp         |   BOM子件数=1, 可用库存=1000
2026-05-26 14:59:03 | INFO    | aps.mrp         |   订单物料 C001 加入DAG, 需求量=1000
2026-05-26 14:59:03 | INFO    | aps.mrp         | 处理订单: code=D002 material_code=C001 quantity=2000
2026-05-26 14:59:03 | INFO    | aps.mrp         |   匹配物料: id=fadbc868875f4c2a8f909a960d19f269 code=C001 name=紫晶装备 source=PRODUCED
2026-05-26 14:59:03 | INFO    | aps.mrp         |   BOM子件数=1, 可用库存=1000
2026-05-26 14:59:03 | INFO    | aps.solve       | MRP完成: 缺料DAG节点数=2, 补充订单数=2
2026-05-26 14:59:03 | INFO    | aps.task_gen    | 缺料DAG: 2个节点, 1条边
2026-05-26 14:59:03 | INFO    | aps.task_gen    |   DAG节点: material=C001(fadbc868875f4c2a8f909a960d19f269) source=PRODUCED demand=3000.00 orders={'4401cb8f08de47219300f3203204daa8': 1000.0, '8f2d3f6b31b04d75818b137220e10177': 2000.0}
2026-05-26 14:59:03 | INFO    | aps.task_gen    |   DAG节点: material=W001(5a5959f29f6643129210ee4dbcebf84f) source=PRODUCED demand=3000.00 orders={'4401cb8f08de47219300f3203204daa8': 1000.0, '8f2d3f6b31b04d75818b137220e10177': 2000.0}
2026-05-26 14:59:03 | INFO    | aps.task_gen    | 拓扑排序后物料顺序 (2): ['5a5959f29f6643129210ee4dbcebf84f', 'fadbc868875f4c2a8f909a960d19f269']
2026-05-26 14:59:03 | INFO    | aps.task_gen    |   工序 G002: 从数据库刷新主资源=['af35d6ac']
2026-05-26 14:59:03 | INFO    | aps.task_gen    |   工序 G002: 从数据库刷新主资源=['af35d6ac']
2026-05-26 14:59:03 | INFO    | aps.task_gen    |   工序 G001: 从数据库刷新主资源=['579a3c2c', '9632c720']
2026-05-26 14:59:03 | INFO    | aps.task_gen    |   工序 G001: 从数据库刷新主资源=['579a3c2c', '9632c720']
2026-05-26 14:59:03 | INFO    | aps.task_gen    | 任务生成完成: 共生成 4 个任务, 4 个订单关联记录
2026-05-26 14:59:03 | INFO    | aps.solve       | 求解准备: 任务数=4, 资源数=3
2026-05-26 14:59:03 | INFO    | aps.solve       |   资源: id=579a3c2c code=Z001 name=装备压铸机 status=NORMAL throughput=10/H group=None
2026-05-26 14:59:03 | INFO    | aps.solve       |   资源: id=9632c720 code=Z002 name=装备压铸机 status=NORMAL throughput=10/H group=None
2026-05-26 14:59:03 | INFO    | aps.solve       |   资源: id=af35d6ac code=Z003 name=零件打磨机 status=NORMAL throughput=20/H group=None
2026-05-26 14:59:03 | INFO    | aps.solve       | 工作日历已加载: 1个日历, 1个工作模式
2026-05-26 14:59:03 | INFO    | aps.scheduler   |   任务 TASK-D001-G002-1(G002): qty=1000, 资源=1个, 工期=['3000']分
2026-05-26 14:59:03 | INFO    | aps.scheduler   |   任务 TASK-D002-G002-1(G002): qty=2000, 资源=1个, 工期=['6000']分
2026-05-26 14:59:03 | INFO    | aps.scheduler   |   任务 TASK-D001-G001-2(G001): qty=1000, 资源=2个, 工期=['6000', '6000']分
2026-05-26 14:59:03 | INFO    | aps.scheduler   |   任务 TASK-D002-G001-2(G001): qty=2000, 资源=2个, 工期=['12000', '12000']分
2026-05-26 14:59:03 | INFO    | aps.scheduler   | 工作日历已激活，求解器将基于工作分钟空间建模
2026-05-26 14:59:03 | INFO    | aps.scheduler   | 构建CP模型: 总任务=4, 跳过=0, 有效=4, 资源=3
2026-05-26 14:59:03 | INFO    | aps.scheduler   | 工作分钟空间: horizon=43200分(720.0工时), 总工时=27000分
2026-05-26 14:59:03 | INFO    | aps.scheduler   |   求解结果 - TASK-D001-G002-1 -> 零件打磨机(Z003) offset=6000 dur=3000
2026-05-26 14:59:03 | INFO    | aps.scheduler   |   求解结果 - TASK-D002-G002-1 -> 零件打磨机(Z003) offset=0 dur=6000
2026-05-26 14:59:03 | INFO    | aps.scheduler   |   求解结果 - TASK-D001-G001-2 -> 装备压铸机(Z002) offset=9000 dur=6000
2026-05-26 14:59:03 | INFO    | aps.scheduler   |   求解结果 - TASK-D002-G001-2 -> 装备压铸机(Z001) offset=6000 dur=12000
2026-05-26 14:59:03 | INFO    | aps.solve       | 资源分配结果: {'TASK-D001-G002-1': '零件打磨机', 'TASK-D002-G002-1': '零件打磨机', 'TASK-D001-G001-2': '装备压铸机', 'TASK-D002-G001-2': '装备压铸机'}
2026-05-26 14:59:05 | INFO    | aps             | GET    200     1.5ms /api/smart-scheduling/plan/progress?task_id=af8edb5aa9cb4130b5213d5644cdd7c9
2026-05-26 14:59:05 | INFO    | aps             | POST   200    18.5ms /api/smart-scheduling/preview/plan/resource/gantt
2026-05-26 14:59:05 | INFO    | aps             | POST   200    21.5ms /api/smart-scheduling/preview/plan/tasks
2026-05-26 14:59:23 | INFO    | aps             | GET    307     1.9ms /api/production-orders?page=1&page_size=10
2026-05-26 14:59:23 | INFO    | aps             | GET    307    18.3ms /api/materials?page=1&page_size=1000
2026-05-26 14:59:23 | INFO    | aps             | POST   200    23.7ms /api/smart-scheduling/plan/pending/cancel
2026-05-26 14:59:23 | INFO    | aps             | GET    307     1.5ms /api/production-orders?page=1&page_size=10
2026-05-26 14:59:23 | INFO    | aps             | GET    307     0.0ms /api/materials?page=1&page_size=1000
2026-05-26 14:59:24 | INFO    | aps             | GET    200     8.2ms /api/production-orders/?page=1&page_size=10
2026-05-26 14:59:24 | INFO    | aps             | GET    200     8.1ms /api/materials/?page=1&page_size=1000
2026-05-26 14:59:24 | INFO    | aps             | GET    200     9.6ms /api/production-orders/?page=1&page_size=10
2026-05-26 14:59:24 | INFO    | aps             | GET    200     8.6ms /api/materials/?page=1&page_size=1000
2026-05-26 14:59:26 | INFO    | aps             | DELETE 204    20.7ms /api/production-orders/747628f672444300b30655be1a0ca3e5
2026-05-26 14:59:26 | INFO    | aps             | GET    307     0.5ms /api/production-orders?page=1&page_size=10
2026-05-26 14:59:27 | INFO    | aps             | GET    200     8.0ms /api/production-orders/?page=1&page_size=10
2026-05-26 14:59:29 | INFO    | aps             | DELETE 204    23.2ms /api/production-orders/14adc72ca18e464caabf240790873c9f
2026-05-26 14:59:29 | INFO    | aps             | GET    307     0.0ms /api/production-orders?page=1&page_size=10
2026-05-26 14:59:29 | INFO    | aps             | GET    200     9.2ms /api/production-orders/?page=1&page_size=10
2026-05-26 14:59:29 | INFO    | aps             | POST   200    11.5ms /api/smart-scheduling/plan/resource/gantt
2026-05-26 14:59:29 | INFO    | aps             | GET    307    10.5ms /api/production-orders?page=1&page_size=1000
2026-05-26 14:59:29 | INFO    | aps             | GET    200    18.9ms /api/smart-scheduling/plan/tasks?page=1&page_size=10
2026-05-26 14:59:29 | INFO    | aps             | POST   200    20.0ms /api/smart-scheduling/plan/resource/gantt
2026-05-26 14:59:29 | INFO    | aps             | GET    307     3.7ms /api/production-orders?page=1&page_size=1000
2026-05-26 14:59:29 | INFO    | aps             | GET    200     4.0ms /api/smart-scheduling/plan/tasks?page=1&page_size=10
2026-05-26 14:59:29 | INFO    | aps             | GET    200    14.6ms /api/production-orders/?page=1&page_size=1000
2026-05-26 14:59:29 | INFO    | aps             | GET    200     6.7ms /api/production-orders/?page=1&page_size=1000
2026-05-26 14:59:30 | INFO    | aps             | GET    307     0.0ms /api/production-orders?page=1&page_size=1000
2026-05-26 14:59:30 | INFO    | aps             | GET    307     1.7ms /api/production-orders?page=1&page_size=1000
2026-05-26 14:59:30 | INFO    | aps             | GET    200     5.8ms /api/production-orders/?page=1&page_size=1000
2026-05-26 14:59:30 | INFO    | aps             | GET    200     6.8ms /api/production-orders/?page=1&page_size=1000
2026-05-26 15:01:21 | INFO    | aps             | GET    200     4.6ms /api/work-modes?page=1&page_size=10
2026-05-26 15:01:21 | INFO    | aps             | GET    200     5.7ms /api/work-modes?page=1&page_size=10
2026-05-26 15:01:25 | INFO    | aps             | GET    307     0.0ms /api/materials?page=1&page_size=10
2026-05-26 15:01:25 | INFO    | aps             | GET    307     2.5ms /api/materials?page=1&page_size=10
2026-05-26 15:01:25 | INFO    | aps             | GET    200     6.5ms /api/materials/?page=1&page_size=10
2026-05-26 15:01:25 | INFO    | aps             | GET    200     8.8ms /api/materials/?page=1&page_size=10
2026-05-26 15:01:33 | INFO    | aps             | GET    307     1.7ms /api/manufacture-boms?page=1&page_size=10
2026-05-26 15:01:33 | INFO    | aps             | GET    307     2.7ms /api/materials?page=1&page_size=1000
2026-05-26 15:01:33 | INFO    | aps             | GET    307     0.0ms /api/manufacture-boms?page=1&page_size=10
2026-05-26 15:01:33 | INFO    | aps             | GET    307     1.2ms /api/materials?page=1&page_size=1000
2026-05-26 15:01:33 | INFO    | aps             | GET    200    12.0ms /api/materials/?page=1&page_size=1000
2026-05-26 15:01:33 | INFO    | aps             | GET    200    14.4ms /api/manufacture-boms/?page=1&page_size=10
2026-05-26 15:01:33 | INFO    | aps             | GET    200    10.8ms /api/manufacture-boms/?page=1&page_size=10
2026-05-26 15:01:33 | INFO    | aps             | GET    200    12.8ms /api/materials/?page=1&page_size=1000
2026-05-26 15:01:36 | INFO    | aps             | GET    307     0.5ms /api/processes?page=1&page_size=10
2026-05-26 15:01:36 | INFO    | aps             | GET    307     2.5ms /api/production-resources?page=1&page_size=1000
2026-05-26 15:01:36 | INFO    | aps             | GET    307     1.1ms /api/processes?page=1&page_size=10
2026-05-26 15:01:36 | INFO    | aps             | GET    307     0.0ms /api/production-resources?page=1&page_size=1000
2026-05-26 15:01:36 | INFO    | aps             | GET    200    11.8ms /api/processes/?page=1&page_size=10
2026-05-26 15:01:36 | INFO    | aps             | GET    200    12.2ms /api/production-resources/?page=1&page_size=1000
2026-05-26 15:01:36 | INFO    | aps             | GET    200     7.5ms /api/production-resources/?page=1&page_size=1000
2026-05-26 15:01:36 | INFO    | aps             | GET    200    12.3ms /api/processes/?page=1&page_size=10
2026-05-26 15:01:36 | INFO    | aps             | GET    307     0.5ms /api/materials?page=1&page_size=1000
2026-05-26 15:01:36 | INFO    | aps             | GET    307     0.0ms /api/materials?page=1&page_size=1000
2026-05-26 15:01:36 | INFO    | aps             | GET    200     9.5ms /api/materials/?page=1&page_size=1000
2026-05-26 15:01:36 | INFO    | aps             | GET    200     5.4ms /api/materials/?page=1&page_size=1000
2026-05-26 15:02:04 | INFO    | aps             | GET    307     1.0ms /api/process-routes?page=1&page_size=10
2026-05-26 15:02:04 | INFO    | aps             | GET    307     1.2ms /api/materials?page=1&page_size=1000
2026-05-26 15:02:04 | INFO    | aps             | GET    307     0.0ms /api/process-routes?page=1&page_size=10
2026-05-26 15:02:04 | INFO    | aps             | GET    307     4.9ms /api/materials?page=1&page_size=1000
2026-05-26 15:02:04 | INFO    | aps             | GET    200     9.9ms /api/process-routes/?page=1&page_size=10
2026-05-26 15:02:04 | INFO    | aps             | GET    200     9.9ms /api/materials/?page=1&page_size=1000
2026-05-26 15:02:04 | INFO    | aps             | GET    200     8.7ms /api/process-routes/?page=1&page_size=10
2026-05-26 15:02:04 | INFO    | aps             | GET    200     8.3ms /api/materials/?page=1&page_size=1000
2026-05-26 15:02:08 | INFO    | aps             | GET    200     4.5ms /api/work-modes?page=1&page_size=10
2026-05-26 15:02:08 | INFO    | aps             | GET    200     4.5ms /api/work-modes?page=1&page_size=10
2026-05-26 15:02:10 | INFO    | aps             | GET    307     1.0ms /api/incoming-material-orders?page=1&page_size=10
2026-05-26 15:02:10 | INFO    | aps             | GET    307     0.0ms /api/materials?page=1&page_size=1000
2026-05-26 15:02:10 | INFO    | aps             | GET    307     0.5ms /api/incoming-material-orders?page=1&page_size=10
2026-05-26 15:02:10 | INFO    | aps             | GET    307     0.0ms /api/materials?page=1&page_size=1000
2026-05-26 15:02:10 | INFO    | aps             | GET    200    10.1ms /api/incoming-material-orders/?page=1&page_size=10
2026-05-26 15:02:10 | INFO    | aps             | GET    200    16.0ms /api/materials/?page=1&page_size=1000
2026-05-26 15:02:10 | INFO    | aps             | GET    200     7.2ms /api/incoming-material-orders/?page=1&page_size=10
2026-05-26 15:02:10 | INFO    | aps             | GET    200     8.8ms /api/materials/?page=1&page_size=1000
2026-05-26 15:02:11 | INFO    | aps             | GET    307     1.5ms /api/production-orders?page=1&page_size=10
2026-05-26 15:02:11 | INFO    | aps             | GET    307     1.2ms /api/materials?page=1&page_size=1000
2026-05-26 15:02:11 | INFO    | aps             | GET    307     1.9ms /api/production-orders?page=1&page_size=10
2026-05-26 15:02:11 | INFO    | aps             | GET    307     2.0ms /api/materials?page=1&page_size=1000
2026-05-26 15:02:11 | INFO    | aps             | GET    200    10.7ms /api/materials/?page=1&page_size=1000
2026-05-26 15:02:11 | INFO    | aps             | GET    200    13.5ms /api/production-orders/?page=1&page_size=10
2026-05-26 15:02:11 | INFO    | aps             | GET    200    52.8ms /api/production-orders/?page=1&page_size=10
2026-05-26 15:02:11 | INFO    | aps             | GET    200    88.5ms /api/materials/?page=1&page_size=1000
2026-05-26 15:02:15 | INFO    | aps             | GET    307     0.6ms /api/production-orders?page=1&page_size=1000
2026-05-26 15:02:15 | INFO    | aps             | GET    307     1.0ms /api/production-orders?page=1&page_size=1000
2026-05-26 15:02:15 | INFO    | aps             | GET    200     7.6ms /api/production-orders/?page=1&page_size=1000
2026-05-26 15:02:15 | INFO    | aps             | GET    200     7.0ms /api/production-orders/?page=1&page_size=1000
2026-05-26 15:08:40 | INFO    | aps             | GET    307     1.1ms /api/processes?page=1&page_size=10
2026-05-26 15:08:40 | INFO    | aps             | GET    307     2.6ms /api/production-resources?page=1&page_size=1000
2026-05-26 15:08:40 | INFO    | aps             | GET    307     0.5ms /api/processes?page=1&page_size=10
2026-05-26 15:08:40 | INFO    | aps             | GET    307     0.5ms /api/production-resources?page=1&page_size=1000
2026-05-26 15:08:41 | INFO    | aps             | GET    200    12.1ms /api/production-resources/?page=1&page_size=1000
2026-05-26 15:08:41 | INFO    | aps             | GET    200    14.2ms /api/processes/?page=1&page_size=10
2026-05-26 15:08:41 | INFO    | aps             | GET    307     0.0ms /api/materials?page=1&page_size=1000
2026-05-26 15:08:41 | INFO    | aps             | GET    200    10.0ms /api/processes/?page=1&page_size=10
2026-05-26 15:08:41 | INFO    | aps             | GET    200    11.3ms /api/production-resources/?page=1&page_size=1000
2026-05-26 15:08:41 | INFO    | aps             | GET    307     0.5ms /api/materials?page=1&page_size=1000
2026-05-26 15:08:41 | INFO    | aps             | GET    200     8.6ms /api/materials/?page=1&page_size=1000
2026-05-26 15:08:41 | INFO    | aps             | GET    200     7.7ms /api/materials/?page=1&page_size=1000
2026-05-26 15:08:42 | INFO    | aps             | GET    307     1.5ms /api/process-routes?page=1&page_size=10
2026-05-26 15:08:42 | INFO    | aps             | GET    307     2.5ms /api/materials?page=1&page_size=1000
2026-05-26 15:08:42 | INFO    | aps             | GET    307     0.4ms /api/process-routes?page=1&page_size=10
2026-05-26 15:08:42 | INFO    | aps             | GET    307     0.0ms /api/materials?page=1&page_size=1000
2026-05-26 15:08:42 | INFO    | aps             | GET    200    12.0ms /api/process-routes/?page=1&page_size=10
2026-05-26 15:08:42 | INFO    | aps             | GET    200    13.5ms /api/materials/?page=1&page_size=1000
2026-05-26 15:08:42 | INFO    | aps             | GET    200     8.4ms /api/process-routes/?page=1&page_size=10
2026-05-26 15:08:42 | INFO    | aps             | GET    200     8.4ms /api/materials/?page=1&page_size=1000
2026-05-26 15:08:44 | INFO    | aps             | GET    307     0.0ms /api/materials?page=1&page_size=10
2026-05-26 15:08:44 | INFO    | aps             | GET    307     0.0ms /api/materials?page=1&page_size=10
2026-05-26 15:08:44 | INFO    | aps             | GET    200     3.9ms /api/materials/?page=1&page_size=10
2026-05-26 15:08:44 | INFO    | aps             | GET    200     6.5ms /api/materials/?page=1&page_size=10
2026-05-26 15:11:19 | INFO    | aps             | GET    307     0.0ms /api/processes?page=1&page_size=50
2026-05-26 15:11:19 | INFO    | aps             | GET    200     9.2ms /api/processes/?page=1&page_size=50
2026-05-26 15:11:25 | INFO    | aps             | GET    307     0.0ms /api/process-routes?page=1&page_size=50
2026-05-26 15:11:25 | INFO    | aps             | GET    200     7.8ms /api/process-routes/?page=1&page_size=50
2026-05-26 15:11:30 | INFO    | aps             | GET    307     0.0ms /api/materials?page=1&page_size=50
2026-05-26 15:11:30 | INFO    | aps             | GET    200     8.8ms /api/materials/?page=1&page_size=50
2026-05-26 15:11:36 | WARNING | aps             | GET    404     0.0ms /api/orders?page=1&page_size=50
2026-05-26 15:11:50 | INFO    | aps             | GET    307     0.0ms /api/production-orders?page=1&page_size=50
2026-05-26 15:11:50 | INFO    | aps             | GET    200     5.4ms /api/production-orders/?page=1&page_size=50
2026-05-26 15:11:56 | WARNING | aps             | GET    404     3.4ms /api/bom?page=1&page_size=50
2026-05-26 15:11:56 | WARNING | aps             | GET    404     3.5ms /api/boms?page=1&page_size=50
2026-05-26 15:11:56 | WARNING | aps             | GET    404     0.0ms /api/manufacture-bom?page=1&page_size=50
2026-05-26 15:14:43 | INFO    | aps             | GET    307     1.5ms /api/processes?page=1&page_size=50
2026-05-26 15:14:43 | INFO    | aps             | GET    200     8.4ms /api/processes/?page=1&page_size=50
2026-05-26 15:14:45 | INFO    | aps             | GET    307     0.0ms /api/process-routes?page=1&page_size=50
2026-05-26 15:14:45 | INFO    | aps             | GET    200     9.4ms /api/process-routes/?page=1&page_size=50
2026-05-26 15:14:47 | INFO    | aps             | PUT    200    24.0ms /api/processes/77f36a74797b422c9b72de36dafa7c5f
2026-05-26 15:14:49 | INFO    | aps             | GET    200     6.9ms /api/processes/77f36a74797b422c9b72de36dafa7c5f
2026-05-26 15:14:51 | INFO    | aps             | GET    307     1.5ms /api/manufacture-boms?page=1&page_size=10
2026-05-26 15:14:51 | INFO    | aps             | GET    307     2.5ms /api/materials?page=1&page_size=1000
2026-05-26 15:14:51 | INFO    | aps             | GET    307     0.8ms /api/manufacture-boms?page=1&page_size=10
2026-05-26 15:14:51 | INFO    | aps             | GET    307     0.0ms /api/materials?page=1&page_size=1000
2026-05-26 15:14:51 | INFO    | aps             | PUT    200    37.2ms /api/process-routes/cb78d24912764ac59213a6e4762d5013
2026-05-26 15:14:52 | INFO    | aps             | GET    200     8.4ms /api/manufacture-boms/?page=1&page_size=10
2026-05-26 15:14:52 | INFO    | aps             | GET    200    11.6ms /api/materials/?page=1&page_size=1000
2026-05-26 15:14:52 | INFO    | aps             | GET    200     8.0ms /api/manufacture-boms/?page=1&page_size=10
2026-05-26 15:14:52 | INFO    | aps             | GET    200    10.1ms /api/materials/?page=1&page_size=1000
2026-05-26 15:14:53 | INFO    | aps             | GET    307     1.0ms /api/production-resources?page=1&page_size=10
2026-05-26 15:14:53 | INFO    | aps             | GET    307     0.5ms /api/production-resources?page=1&page_size=10
2026-05-26 15:14:53 | INFO    | aps             | GET    200     9.2ms /api/production-resources/?page=1&page_size=10
2026-05-26 15:14:53 | INFO    | aps             | GET    200     6.3ms /api/production-resources/?page=1&page_size=10
2026-05-26 15:14:53 | INFO    | aps             | POST   200     8.7ms /api/smart-scheduling/generate
2026-05-26 15:14:53 | INFO    | aps.solve       | 开始排产: strategy=None, 可排产订单数=2
2026-05-26 15:14:53 | INFO    | aps.mrp         | 处理订单: code=D001 material_code=C001 quantity=1000
2026-05-26 15:14:53 | INFO    | aps.mrp         |   匹配物料: id=fadbc868875f4c2a8f909a960d19f269 code=C001 name=紫晶装备 source=PRODUCED
2026-05-26 15:14:53 | INFO    | aps.mrp         |   BOM子件数=1, 可用库存=1000
2026-05-26 15:14:53 | INFO    | aps.mrp         |   订单物料 C001 加入DAG, 需求量=1000
2026-05-26 15:14:53 | INFO    | aps.mrp         | 处理订单: code=D002 material_code=C001 quantity=2000
2026-05-26 15:14:53 | INFO    | aps.mrp         |   匹配物料: id=fadbc868875f4c2a8f909a960d19f269 code=C001 name=紫晶装备 source=PRODUCED
2026-05-26 15:14:53 | INFO    | aps.mrp         |   BOM子件数=1, 可用库存=1000
2026-05-26 15:14:53 | INFO    | aps.solve       | MRP完成: 缺料DAG节点数=2, 补充订单数=2
2026-05-26 15:14:53 | INFO    | aps.task_gen    | 缺料DAG: 2个节点, 1条边
2026-05-26 15:14:53 | INFO    | aps.task_gen    |   DAG节点: material=C001(fadbc868875f4c2a8f909a960d19f269) source=PRODUCED demand=3000.00 orders={'4401cb8f08de47219300f3203204daa8': 1000.0, '8f2d3f6b31b04d75818b137220e10177': 2000.0}
2026-05-26 15:14:53 | INFO    | aps.task_gen    |   DAG节点: material=W001(5a5959f29f6643129210ee4dbcebf84f) source=PRODUCED demand=3000.00 orders={'4401cb8f08de47219300f3203204daa8': 1000.0, '8f2d3f6b31b04d75818b137220e10177': 2000.0}
2026-05-26 15:14:53 | INFO    | aps.task_gen    | 拓扑排序后物料顺序 (2): ['5a5959f29f6643129210ee4dbcebf84f', 'fadbc868875f4c2a8f909a960d19f269']
2026-05-26 15:14:53 | INFO    | aps.task_gen    |   工序 G002: 从数据库刷新主资源=['af35d6ac']
2026-05-26 15:14:53 | INFO    | aps.task_gen    |   工序 G002: 从数据库刷新主资源=['af35d6ac']
2026-05-26 15:14:53 | INFO    | aps.task_gen    |   工序 G002: 从数据库刷新主资源=['af35d6ac']
2026-05-26 15:14:54 | INFO    | aps.task_gen    |   工序 G001: 从数据库刷新主资源=['579a3c2c', '9632c720']
2026-05-26 15:14:54 | INFO    | aps.task_gen    |   工序 G002: 从数据库刷新主资源=['af35d6ac']
2026-05-26 15:14:54 | INFO    | aps.task_gen    |   工序 G001: 从数据库刷新主资源=['579a3c2c', '9632c720']
2026-05-26 15:14:54 | INFO    | aps.task_gen    | 任务生成完成: 共生成 6 个任务, 4 个订单关联记录
2026-05-26 15:14:54 | INFO    | aps.solve       | 求解准备: 任务数=6, 资源数=3
2026-05-26 15:14:54 | INFO    | aps.solve       |   资源: id=579a3c2c code=Z001 name=装备压铸机 status=NORMAL throughput=10/H group=None
2026-05-26 15:14:54 | INFO    | aps.solve       |   资源: id=9632c720 code=Z002 name=装备压铸机 status=NORMAL throughput=10/H group=None
2026-05-26 15:14:54 | INFO    | aps.solve       |   资源: id=af35d6ac code=Z003 name=零件打磨机 status=NORMAL throughput=20/H group=None
2026-05-26 15:14:54 | INFO    | aps.solve       | 工作日历已加载: 1个日历, 1个工作模式
2026-05-26 15:14:54 | INFO    | aps.scheduler   |   任务 TASK-D001-G002-1(G002): qty=1000, 资源=1个, 工期=['3000']分
2026-05-26 15:14:54 | INFO    | aps.scheduler   |   任务 TASK-D002-G002-1(G002): qty=2000, 资源=1个, 工期=['6000']分
2026-05-26 15:14:54 | INFO    | aps.scheduler   |   任务 TASK-D001-G002-2(G002): qty=1000, 资源=1个, 工期=['3000']分
2026-05-26 15:14:54 | INFO    | aps.scheduler   |   任务 TASK-D001-G001-3(G001): qty=1000, 资源=2个, 工期=['6000', '6000']分
2026-05-26 15:14:54 | INFO    | aps.scheduler   |   任务 TASK-D002-G002-2(G002): qty=2000, 资源=1个, 工期=['6000']分
2026-05-26 15:14:54 | INFO    | aps.scheduler   |   任务 TASK-D002-G001-3(G001): qty=2000, 资源=2个, 工期=['12000', '12000']分
2026-05-26 15:14:54 | INFO    | aps.scheduler   | 工作日历已激活，求解器将基于工作分钟空间建模
2026-05-26 15:14:54 | INFO    | aps.scheduler   | 构建CP模型: 总任务=6, 跳过=0, 有效=6, 资源=3
2026-05-26 15:14:54 | INFO    | aps.scheduler   | 工作分钟空间: horizon=55440分(924.0工时), 总工时=36000分
2026-05-26 15:14:54 | INFO    | aps.scheduler   |   求解结果 - TASK-D001-G002-1 -> 零件打磨机(Z003) offset=0 dur=3000
2026-05-26 15:14:54 | INFO    | aps.scheduler   |   求解结果 - TASK-D002-G002-1 -> 零件打磨机(Z003) offset=6000 dur=6000
2026-05-26 15:14:54 | INFO    | aps.scheduler   |   求解结果 - TASK-D001-G002-2 -> 零件打磨机(Z003) offset=3000 dur=3000
2026-05-26 15:14:54 | INFO    | aps.scheduler   |   求解结果 - TASK-D001-G001-3 -> 装备压铸机(Z002) offset=3000 dur=6000
2026-05-26 15:14:54 | INFO    | aps.scheduler   |   求解结果 - TASK-D002-G002-2 -> 零件打磨机(Z003) offset=12000 dur=6000
2026-05-26 15:14:54 | INFO    | aps.scheduler   |   求解结果 - TASK-D002-G001-3 -> 装备压铸机(Z001) offset=12000 dur=12000
2026-05-26 15:14:54 | INFO    | aps.solve       | 资源分配结果: {'TASK-D001-G002-1': '零件打磨机', 'TASK-D002-G002-1': '零件打磨机', 'TASK-D001-G002-2': '零件打磨机', 'TASK-D001-G001-3': '装备压铸机', 'TASK-D002-G002-2': '零件打磨机', 'TASK-D002-G001-3': '装备压铸机'}
2026-05-26 15:14:54 | INFO    | aps             | GET    307     0.0ms /api/production-resources?page=1&page_size=1000
2026-05-26 15:14:54 | INFO    | aps             | GET    307     1.5ms /api/processes?page=1&page_size=10
2026-05-26 15:14:54 | INFO    | aps             | GET    307     0.0ms /api/production-resources?page=1&page_size=1000
2026-05-26 15:14:54 | INFO    | aps             | GET    307     0.0ms /api/processes?page=1&page_size=10
2026-05-26 15:14:54 | INFO    | aps             | GET    200    11.0ms /api/production-resources/?page=1&page_size=1000
2026-05-26 15:14:54 | INFO    | aps             | GET    200    12.0ms /api/processes/?page=1&page_size=10
2026-05-26 15:14:54 | INFO    | aps             | GET    307     0.0ms /api/materials?page=1&page_size=1000
2026-05-26 15:14:54 | INFO    | aps             | GET    200    10.4ms /api/processes/?page=1&page_size=10
2026-05-26 15:14:54 | INFO    | aps             | GET    200    14.0ms /api/production-resources/?page=1&page_size=1000
2026-05-26 15:14:55 | INFO    | aps             | GET    307     1.0ms /api/materials?page=1&page_size=1000
2026-05-26 15:14:55 | INFO    | aps             | GET    200    10.3ms /api/materials/?page=1&page_size=1000
2026-05-26 15:14:55 | INFO    | aps             | GET    200     7.8ms /api/materials/?page=1&page_size=1000
2026-05-26 15:14:56 | INFO    | aps             | GET    307     0.0ms /api/process-routes?page=1&page_size=10
2026-05-26 15:14:56 | INFO    | aps             | GET    307     2.2ms /api/materials?page=1&page_size=1000
2026-05-26 15:14:56 | INFO    | aps             | GET    307     0.0ms /api/process-routes?page=1&page_size=10
2026-05-26 15:14:56 | INFO    | aps             | GET    307     1.8ms /api/materials?page=1&page_size=1000
2026-05-26 15:14:56 | INFO    | aps             | GET    200    11.2ms /api/materials/?page=1&page_size=1000
2026-05-26 15:14:56 | INFO    | aps             | GET    200    14.8ms /api/process-routes/?page=1&page_size=10
2026-05-26 15:14:56 | INFO    | aps             | GET    200     7.6ms /api/materials/?page=1&page_size=1000
2026-05-26 15:14:56 | INFO    | aps             | GET    200     8.3ms /api/process-routes/?page=1&page_size=10
2026-05-26 15:14:57 | INFO    | aps             | GET    200     0.9ms /api/smart-scheduling/plan/progress?task_id=75ad9da895b24f5b95953aae6c902d17
2026-05-26 15:14:58 | INFO    | aps             | GET    200     3.5ms /api/work-modes?page=1&page_size=10
2026-05-26 15:14:58 | INFO    | aps             | GET    200     4.0ms /api/work-modes?page=1&page_size=10
2026-05-26 15:14:59 | INFO    | aps             | GET    307     0.0ms /api/incoming-material-orders?page=1&page_size=10
2026-05-26 15:14:59 | INFO    | aps             | GET    307     2.9ms /api/materials?page=1&page_size=1000
2026-05-26 15:14:59 | INFO    | aps             | GET    307     0.0ms /api/incoming-material-orders?page=1&page_size=10
2026-05-26 15:14:59 | INFO    | aps             | GET    307     0.0ms /api/materials?page=1&page_size=1000
2026-05-26 15:14:59 | INFO    | aps             | GET    200    13.3ms /api/incoming-material-orders/?page=1&page_size=10
2026-05-26 15:14:59 | INFO    | aps             | GET    200    13.5ms /api/materials/?page=1&page_size=1000
2026-05-26 15:14:59 | INFO    | aps             | GET    200     7.9ms /api/incoming-material-orders/?page=1&page_size=10
2026-05-26 15:14:59 | INFO    | aps             | GET    200     7.6ms /api/materials/?page=1&page_size=1000
2026-05-26 15:15:00 | INFO    | aps             | GET    307     0.0ms /api/materials?page=1&page_size=10
2026-05-26 15:15:00 | INFO    | aps             | GET    307     0.0ms /api/materials?page=1&page_size=10
2026-05-26 15:15:00 | INFO    | aps             | GET    200     9.8ms /api/materials/?page=1&page_size=10
2026-05-26 15:15:00 | INFO    | aps             | GET    200     4.9ms /api/materials/?page=1&page_size=10
2026-05-26 15:15:48 | INFO    | aps             | GET    200     0.0ms /api/smart-scheduling/plan/progress?task_id=75ad9da895b24f5b95953aae6c902d17
2026-05-26 15:15:48 | INFO    | aps             | POST   200     9.1ms /api/smart-scheduling/preview/plan/tasks
2026-05-26 15:16:24 | INFO    | aps             | GET    307     0.0ms /api/production-resources?page=1&page_size=10
2026-05-26 15:16:24 | INFO    | aps             | GET    307     0.9ms /api/production-resources?page=1&page_size=10
2026-05-26 15:16:24 | INFO    | aps             | GET    200     4.8ms /api/production-resources/?page=1&page_size=10
2026-05-26 15:16:24 | INFO    | aps             | GET    200     8.5ms /api/production-resources/?page=1&page_size=10
2026-05-26 15:16:26 | INFO    | aps             | GET    307     0.5ms /api/materials?page=1&page_size=1000
2026-05-26 15:16:26 | INFO    | aps             | GET    307     1.5ms /api/manufacture-boms?page=1&page_size=10
2026-05-26 15:16:26 | INFO    | aps             | GET    307     3.4ms /api/materials?page=1&page_size=1000
2026-05-26 15:16:26 | INFO    | aps             | GET    307     2.0ms /api/manufacture-boms?page=1&page_size=10
2026-05-26 15:16:26 | INFO    | aps             | GET    200    15.0ms /api/materials/?page=1&page_size=1000
2026-05-26 15:16:26 | INFO    | aps             | GET    200    16.1ms /api/manufacture-boms/?page=1&page_size=10
2026-05-26 15:16:26 | INFO    | aps             | GET    200     9.8ms /api/materials/?page=1&page_size=1000
2026-05-26 15:16:26 | INFO    | aps             | GET    200     9.3ms /api/manufacture-boms/?page=1&page_size=10
2026-05-26 15:16:28 | INFO    | aps             | GET    307     0.0ms /api/process-routes?page=1&page_size=10
2026-05-26 15:16:28 | INFO    | aps             | GET    307     1.5ms /api/materials?page=1&page_size=1000
2026-05-26 15:16:28 | INFO    | aps             | GET    307     1.5ms /api/process-routes?page=1&page_size=10
2026-05-26 15:16:28 | INFO    | aps             | GET    307     3.0ms /api/materials?page=1&page_size=1000
2026-05-26 15:16:28 | INFO    | aps             | GET    200    16.0ms /api/process-routes/?page=1&page_size=10
2026-05-26 15:16:28 | INFO    | aps             | GET    200    16.7ms /api/materials/?page=1&page_size=1000
2026-05-26 15:16:28 | INFO    | aps             | GET    200    13.7ms /api/process-routes/?page=1&page_size=10
2026-05-26 15:16:28 | INFO    | aps             | GET    200    11.2ms /api/materials/?page=1&page_size=1000
2026-05-26 15:16:30 | INFO    | aps             | GET    200     4.2ms /api/work-modes?page=1&page_size=10
2026-05-26 15:16:30 | INFO    | aps             | GET    200     4.3ms /api/work-modes?page=1&page_size=10
2026-05-26 15:16:34 | INFO    | aps             | POST   200   108.6ms /api/smart-scheduling/plan/resource/gantt
2026-05-26 15:16:34 | INFO    | aps             | GET    307     6.1ms /api/production-orders?page=1&page_size=1000
2026-05-26 15:16:34 | INFO    | aps             | GET    200   122.6ms /api/smart-scheduling/plan/tasks?page=1&page_size=10
2026-05-26 15:16:34 | INFO    | aps             | POST   200   118.7ms /api/smart-scheduling/plan/resource/gantt
2026-05-26 15:16:34 | INFO    | aps             | GET    307     1.3ms /api/production-orders?page=1&page_size=1000
2026-05-26 15:16:34 | INFO    | aps             | GET    200     6.1ms /api/smart-scheduling/plan/tasks?page=1&page_size=10
2026-05-26 15:16:34 | INFO    | aps             | GET    200     7.6ms /api/production-orders/?page=1&page_size=1000
2026-05-26 15:16:34 | INFO    | aps             | GET    200     4.1ms /api/production-orders/?page=1&page_size=1000
2026-05-26 15:16:36 | INFO    | aps             | GET    307     0.0ms /api/production-orders?page=1&page_size=1000
2026-05-26 15:16:36 | INFO    | aps             | GET    307     0.0ms /api/production-orders?page=1&page_size=1000
2026-05-26 15:16:36 | INFO    | aps             | GET    200     9.5ms /api/production-orders/?page=1&page_size=1000
2026-05-26 15:16:36 | INFO    | aps             | GET    200     6.4ms /api/production-orders/?page=1&page_size=1000
2026-05-26 15:16:58 | INFO    | aps             | GET    307     0.0ms /api/processes?page=1&page_size=50
2026-05-26 15:16:58 | INFO    | aps             | GET    200     5.4ms /api/processes/?page=1&page_size=50
2026-05-26 15:17:00 | INFO    | aps             | GET    307     0.3ms /api/process-routes?page=1&page_size=50
2026-05-26 15:17:00 | INFO    | aps             | GET    200    11.5ms /api/process-routes/?page=1&page_size=50
2026-05-26 15:17:02 | INFO    | aps             | PUT    200     9.1ms /api/processes/77f36a74797b422c9b72de36dafa7c5f
2026-05-26 15:17:04 | INFO    | aps             | GET    200     5.0ms /api/processes/77f36a74797b422c9b72de36dafa7c5f
2026-05-26 15:17:06 | INFO    | aps             | PUT    200     9.6ms /api/process-routes/cb78d24912764ac59213a6e4762d5013
2026-05-26 15:17:08 | INFO    | aps             | POST   200    21.3ms /api/smart-scheduling/generate
2026-05-26 15:17:08 | INFO    | aps.solve       | 开始排产: strategy=None, 可排产订单数=4
2026-05-26 15:17:08 | INFO    | aps.mrp         | 处理订单: code=SUP-D002-W001 material_code=W001 quantity=2000
2026-05-26 15:17:08 | INFO    | aps.mrp         |   匹配物料: id=5a5959f29f6643129210ee4dbcebf84f code=W001 name=紫晶零件 source=PRODUCED
2026-05-26 15:17:08 | INFO    | aps.mrp         |   BOM子件数=1, 可用库存=1000
2026-05-26 15:17:08 | INFO    | aps.mrp         |   订单物料 W001 加入DAG, 需求量=2000
2026-05-26 15:17:08 | INFO    | aps.mrp         | 处理订单: code=D001 material_code=C001 quantity=1000
2026-05-26 15:17:08 | INFO    | aps.mrp         |   匹配物料: id=fadbc868875f4c2a8f909a960d19f269 code=C001 name=紫晶装备 source=PRODUCED
2026-05-26 15:17:08 | INFO    | aps.mrp         |   BOM子件数=1, 可用库存=1000
2026-05-26 15:17:08 | INFO    | aps.mrp         |   订单物料 C001 加入DAG, 需求量=1000
2026-05-26 15:17:08 | INFO    | aps.mrp         | 处理订单: code=D002 material_code=C001 quantity=2000
2026-05-26 15:17:08 | INFO    | aps.mrp         |   匹配物料: id=fadbc868875f4c2a8f909a960d19f269 code=C001 name=紫晶装备 source=PRODUCED
2026-05-26 15:17:08 | INFO    | aps.mrp         |   BOM子件数=1, 可用库存=1000
2026-05-26 15:17:08 | INFO    | aps.mrp         | 处理订单: code=SUP-D001-W001 material_code=W001 quantity=1000
2026-05-26 15:17:08 | INFO    | aps.mrp         |   匹配物料: id=5a5959f29f6643129210ee4dbcebf84f code=W001 name=紫晶零件 source=PRODUCED
2026-05-26 15:17:08 | INFO    | aps.mrp         |   BOM子件数=1, 可用库存=1000
2026-05-26 15:17:08 | INFO    | aps.solve       | MRP完成: 缺料DAG节点数=2, 补充订单数=2
2026-05-26 15:17:08 | INFO    | aps.task_gen    | 缺料DAG: 2个节点, 1条边
2026-05-26 15:17:08 | INFO    | aps.task_gen    |   DAG节点: material=W001(5a5959f29f6643129210ee4dbcebf84f) source=PRODUCED demand=6000.00 orders={'1e9676e27ad4486eb8e10183c074f1c5': 2000.0, '4401cb8f08de47219300f3203204daa8': 1000.0, '8f2d3f6b31b04d75818b137220e10177': 2000.0, 'bcb241cf39b64241bde82993be1e5da1': 1000.0}
2026-05-26 15:17:08 | INFO    | aps.task_gen    |   DAG节点: material=C001(fadbc868875f4c2a8f909a960d19f269) source=PRODUCED demand=3000.00 orders={'4401cb8f08de47219300f3203204daa8': 1000.0, '8f2d3f6b31b04d75818b137220e10177': 2000.0}
2026-05-26 15:17:08 | INFO    | aps.task_gen    | 拓扑排序后物料顺序 (2): ['5a5959f29f6643129210ee4dbcebf84f', 'fadbc868875f4c2a8f909a960d19f269']
2026-05-26 15:17:08 | INFO    | aps.task_gen    |   工序 G002: 从数据库刷新主资源=['af35d6ac']
2026-05-26 15:17:08 | INFO    | aps.task_gen    |   工序 G002: 从数据库刷新主资源=['af35d6ac']
2026-05-26 15:17:08 | INFO    | aps.task_gen    |   工序 G002: 从数据库刷新主资源=['af35d6ac']
2026-05-26 15:17:08 | INFO    | aps.task_gen    |   工序 G001: 从数据库刷新主资源=['579a3c2c', '9632c720']
2026-05-26 15:17:08 | INFO    | aps.task_gen    |   工序 G002: 从数据库刷新主资源=['af35d6ac']
2026-05-26 15:17:08 | INFO    | aps.task_gen    |   工序 G001: 从数据库刷新主资源=['579a3c2c', '9632c720']
2026-05-26 15:17:08 | INFO    | aps.task_gen    | 任务生成完成: 共生成 6 个任务, 4 个订单关联记录
2026-05-26 15:17:08 | INFO    | aps.solve       | 求解准备: 任务数=6, 资源数=3
2026-05-26 15:17:08 | INFO    | aps.solve       |   资源: id=579a3c2c code=Z001 name=装备压铸机 status=NORMAL throughput=10/H group=None
2026-05-26 15:17:08 | INFO    | aps.solve       |   资源: id=9632c720 code=Z002 name=装备压铸机 status=NORMAL throughput=10/H group=None
2026-05-26 15:17:08 | INFO    | aps.solve       |   资源: id=af35d6ac code=Z003 name=零件打磨机 status=NORMAL throughput=20/H group=None
2026-05-26 15:17:08 | INFO    | aps.solve       | 工作日历已加载: 1个日历, 1个工作模式
2026-05-26 15:17:08 | INFO    | aps.scheduler   |   任务 TASK-D001-G002-1(G002): qty=1000, 资源=1个, 工期=['3000']分
2026-05-26 15:17:08 | INFO    | aps.scheduler   |   任务 TASK-D002-G002-1(G002): qty=2000, 资源=1个, 工期=['6000']分
2026-05-26 15:17:08 | INFO    | aps.scheduler   |   任务 TASK-D001-G002-2(G002): qty=1000, 资源=1个, 工期=['3000']分
2026-05-26 15:17:08 | INFO    | aps.scheduler   |   任务 TASK-D001-G001-3(G001): qty=1000, 资源=2个, 工期=['6000', '6000']分
2026-05-26 15:17:08 | INFO    | aps.scheduler   |   任务 TASK-D002-G002-2(G002): qty=2000, 资源=1个, 工期=['6000']分
2026-05-26 15:17:08 | INFO    | aps.scheduler   |   任务 TASK-D002-G001-3(G001): qty=2000, 资源=2个, 工期=['12000', '12000']分
2026-05-26 15:17:08 | INFO    | aps.scheduler   | 工作日历已激活，求解器将基于工作分钟空间建模
2026-05-26 15:17:08 | INFO    | aps.scheduler   | 构建CP模型: 总任务=6, 跳过=0, 有效=6, 资源=3
2026-05-26 15:17:08 | INFO    | aps.scheduler   | 工作分钟空间: horizon=55440分(924.0工时), 总工时=36000分
2026-05-26 15:17:08 | INFO    | aps.scheduler   |   求解结果 - TASK-D001-G002-1 -> 零件打磨机(Z003) offset=0 dur=3000
2026-05-26 15:17:08 | INFO    | aps.scheduler   |   求解结果 - TASK-D002-G002-1 -> 零件打磨机(Z003) offset=6000 dur=6000
2026-05-26 15:17:08 | INFO    | aps.scheduler   |   求解结果 - TASK-D001-G002-2 -> 零件打磨机(Z003) offset=3000 dur=3000
2026-05-26 15:17:08 | INFO    | aps.scheduler   |   求解结果 - TASK-D001-G001-3 -> 装备压铸机(Z002) offset=3000 dur=6000
2026-05-26 15:17:08 | INFO    | aps.scheduler   |   求解结果 - TASK-D002-G002-2 -> 零件打磨机(Z003) offset=12000 dur=6000
2026-05-26 15:17:08 | INFO    | aps.scheduler   |   求解结果 - TASK-D002-G001-3 -> 装备压铸机(Z001) offset=12000 dur=12000
2026-05-26 15:17:08 | INFO    | aps.solve       | 资源分配结果: {'TASK-D001-G002-1': '零件打磨机', 'TASK-D002-G002-1': '零件打磨机', 'TASK-D001-G002-2': '零件打磨机', 'TASK-D001-G001-3': '装备压铸机', 'TASK-D002-G002-2': '零件打磨机', 'TASK-D002-G001-3': '装备压铸机'}
2026-05-26 15:17:12 | INFO    | aps             | GET    200     1.0ms /api/smart-scheduling/plan/progress?task_id=22b7be7c15f142e2a965f324e810febc
2026-05-26 15:17:14 | INFO    | aps             | POST   200    10.8ms /api/smart-scheduling/preview/plan/tasks
2026-05-26 15:17:16 | INFO    | aps             | PUT    200    18.5ms /api/processes/77f36a74797b422c9b72de36dafa7c5f
2026-05-26 15:17:18 | INFO    | aps             | PUT    200    20.0ms /api/process-routes/cb78d24912764ac59213a6e4762d5013
2026-05-26 15:18:41 | INFO    | aps             | GET    307     0.9ms /api/materials?page=1&page_size=10
2026-05-26 15:18:41 | INFO    | aps             | GET    307     0.0ms /api/materials?page=1&page_size=10
2026-05-26 15:18:41 | INFO    | aps             | GET    200     6.2ms /api/materials/?page=1&page_size=10
2026-05-26 15:18:41 | INFO    | aps             | GET    200     6.4ms /api/materials/?page=1&page_size=10
2026-05-26 15:18:50 | INFO    | aps             | GET    307     0.0ms /api/manufacture-boms?page=1&page_size=10
2026-05-26 15:18:50 | INFO    | aps             | GET    307     2.8ms /api/materials?page=1&page_size=1000
2026-05-26 15:18:50 | INFO    | aps             | GET    307     0.0ms /api/manufacture-boms?page=1&page_size=10
2026-05-26 15:18:50 | INFO    | aps             | GET    307     0.0ms /api/materials?page=1&page_size=1000
2026-05-26 15:18:50 | INFO    | aps             | GET    200    13.2ms /api/manufacture-boms/?page=1&page_size=10
2026-05-26 15:18:50 | INFO    | aps             | GET    200    15.0ms /api/materials/?page=1&page_size=1000
2026-05-26 15:18:50 | INFO    | aps             | GET    200     7.8ms /api/manufacture-boms/?page=1&page_size=10
2026-05-26 15:18:50 | INFO    | aps             | GET    200    10.4ms /api/materials/?page=1&page_size=1000
2026-05-26 15:18:55 | INFO    | aps             | GET    307     4.0ms /api/processes?page=1&page_size=10
2026-05-26 15:18:55 | INFO    | aps             | GET    307     2.7ms /api/production-resources?page=1&page_size=1000
2026-05-26 15:18:55 | INFO    | aps             | GET    307     0.0ms /api/processes?page=1&page_size=10
2026-05-26 15:18:55 | INFO    | aps             | GET    307     0.0ms /api/production-resources?page=1&page_size=1000
2026-05-26 15:18:55 | INFO    | aps             | GET    200    14.1ms /api/processes/?page=1&page_size=10
2026-05-26 15:18:55 | INFO    | aps             | GET    200    17.6ms /api/production-resources/?page=1&page_size=1000
2026-05-26 15:18:55 | INFO    | aps             | GET    200     8.8ms /api/processes/?page=1&page_size=10
2026-05-26 15:18:55 | INFO    | aps             | GET    200     8.8ms /api/production-resources/?page=1&page_size=1000
2026-05-26 15:18:55 | INFO    | aps             | GET    307     0.0ms /api/materials?page=1&page_size=1000
2026-05-26 15:18:55 | INFO    | aps             | GET    307     0.0ms /api/materials?page=1&page_size=1000
2026-05-26 15:18:55 | INFO    | aps             | GET    200     5.4ms /api/materials/?page=1&page_size=1000
2026-05-26 15:18:55 | INFO    | aps             | GET    200     5.7ms /api/materials/?page=1&page_size=1000
2026-05-26 15:19:17 | INFO    | aps             | GET    307     0.0ms /api/materials?page=1&page_size=1000
2026-05-26 15:19:17 | INFO    | aps             | GET    307     2.6ms /api/process-routes?page=1&page_size=10
2026-05-26 15:19:17 | INFO    | aps             | GET    307     0.5ms /api/materials?page=1&page_size=1000
2026-05-26 15:19:17 | INFO    | aps             | GET    307     1.7ms /api/process-routes?page=1&page_size=10
2026-05-26 15:19:17 | INFO    | aps             | GET    200    11.9ms /api/materials/?page=1&page_size=1000
2026-05-26 15:19:17 | INFO    | aps             | GET    200     7.8ms /api/process-routes/?page=1&page_size=10
2026-05-26 15:19:17 | INFO    | aps             | GET    200     7.8ms /api/materials/?page=1&page_size=1000
2026-05-26 15:19:17 | INFO    | aps             | GET    200     8.3ms /api/process-routes/?page=1&page_size=10
2026-05-26 15:19:19 | INFO    | aps             | GET    200     4.5ms /api/work-modes?page=1&page_size=10
2026-05-26 15:19:19 | INFO    | aps             | GET    200     3.5ms /api/work-modes?page=1&page_size=10
2026-05-26 15:19:20 | INFO    | aps             | GET    307     0.0ms /api/incoming-material-orders?page=1&page_size=10
2026-05-26 15:19:20 | INFO    | aps             | GET    307     1.5ms /api/materials?page=1&page_size=1000
2026-05-26 15:19:20 | INFO    | aps             | GET    307     0.0ms /api/incoming-material-orders?page=1&page_size=10
2026-05-26 15:19:20 | INFO    | aps             | GET    307     1.5ms /api/materials?page=1&page_size=1000
2026-05-26 15:19:20 | INFO    | aps             | GET    200    11.4ms /api/incoming-material-orders/?page=1&page_size=10
2026-05-26 15:19:20 | INFO    | aps             | GET    200    14.9ms /api/materials/?page=1&page_size=1000
2026-05-26 15:19:20 | INFO    | aps             | GET    200    10.4ms /api/incoming-material-orders/?page=1&page_size=10
2026-05-26 15:19:20 | INFO    | aps             | GET    200     7.0ms /api/materials/?page=1&page_size=1000
2026-05-26 15:19:23 | INFO    | aps             | GET    200     3.5ms /api/work-modes?page=1&page_size=10
2026-05-26 15:19:23 | INFO    | aps             | GET    200     2.1ms /api/work-modes?page=1&page_size=10
2026-05-26 15:19:31 | INFO    | aps             | GET    307     1.5ms /api/process-routes?page=1&page_size=10
2026-05-26 15:19:31 | INFO    | aps             | GET    307     3.6ms /api/materials?page=1&page_size=1000
2026-05-26 15:19:31 | INFO    | aps             | GET    307     0.0ms /api/process-routes?page=1&page_size=10
2026-05-26 15:19:31 | INFO    | aps             | GET    307     0.0ms /api/materials?page=1&page_size=1000
2026-05-26 15:19:32 | INFO    | aps             | GET    200     8.4ms /api/process-routes/?page=1&page_size=10
2026-05-26 15:19:32 | INFO    | aps             | GET    200     9.4ms /api/materials/?page=1&page_size=1000
2026-05-26 15:19:32 | INFO    | aps             | GET    200     7.0ms /api/materials/?page=1&page_size=1000
2026-05-26 15:19:32 | INFO    | aps             | GET    200    10.5ms /api/process-routes/?page=1&page_size=10
2026-05-26 15:19:34 | INFO    | aps             | GET    307     0.0ms /api/processes?page=1&page_size=10
2026-05-26 15:19:34 | INFO    | aps             | GET    307     3.4ms /api/production-resources?page=1&page_size=1000
2026-05-26 15:19:34 | INFO    | aps             | GET    307     2.1ms /api/processes?page=1&page_size=10
2026-05-26 15:19:34 | INFO    | aps             | GET    307     0.0ms /api/production-resources?page=1&page_size=1000
2026-05-26 15:19:34 | INFO    | aps             | GET    200     9.6ms /api/production-resources/?page=1&page_size=1000
2026-05-26 15:19:34 | INFO    | aps             | GET    200    13.1ms /api/processes/?page=1&page_size=10
2026-05-26 15:19:34 | INFO    | aps             | GET    307     0.0ms /api/materials?page=1&page_size=1000
2026-05-26 15:19:34 | INFO    | aps             | GET    200    10.4ms /api/processes/?page=1&page_size=10
2026-05-26 15:19:34 | INFO    | aps             | GET    200    11.9ms /api/production-resources/?page=1&page_size=1000
2026-05-26 15:19:34 | INFO    | aps             | GET    307     0.0ms /api/materials?page=1&page_size=1000
2026-05-26 15:19:34 | INFO    | aps             | GET    200     8.3ms /api/materials/?page=1&page_size=1000
2026-05-26 15:19:34 | INFO    | aps             | GET    200     7.1ms /api/materials/?page=1&page_size=1000
2026-05-26 15:22:19 | INFO    | aps             | POST   200   158.6ms /api/schedule
2026-05-26 15:23:36 | INFO    | aps             | GET    307     0.5ms /api/production-orders?page=1&page_size=1000
2026-05-26 15:23:36 | INFO    | aps             | GET    307     0.0ms /api/production-orders?page=1&page_size=1000
2026-05-26 15:23:36 | INFO    | aps             | GET    200     9.5ms /api/production-orders/?page=1&page_size=1000
2026-05-26 15:23:36 | INFO    | aps             | GET    200    10.5ms /api/production-orders/?page=1&page_size=1000
2026-05-26 15:23:50 | INFO    | aps             | POST   200   190.9ms /api/schedule
2026-05-26 15:23:59 | INFO    | aps             | POST   200   244.7ms /api/schedule
2026-05-26 15:24:10 | INFO    | aps             | POST   200   201.2ms /api/schedule
2026-05-26 15:29:37 | INFO    | aps             | GET    307     0.0ms /api/production-orders?page=1&page_size=1000
2026-05-26 15:29:37 | INFO    | aps             | GET    307     0.0ms /api/production-orders?page=1&page_size=1000
2026-05-26 15:29:37 | INFO    | aps             | GET    200     8.2ms /api/production-orders/?page=1&page_size=1000
2026-05-26 15:29:37 | INFO    | aps             | GET    200     7.2ms /api/production-orders/?page=1&page_size=1000
2026-05-26 15:29:48 | INFO    | aps             | GET    307     1.0ms /api/materials?page=1&page_size=10
2026-05-26 15:29:48 | INFO    | aps             | GET    200    10.4ms /api/materials/?page=1&page_size=10
2026-05-26 15:29:48 | INFO    | aps             | GET    307     0.0ms /api/materials?page=1&page_size=10
2026-05-26 15:29:48 | INFO    | aps             | GET    200     8.1ms /api/materials/?page=1&page_size=10
2026-05-26 15:29:51 | INFO    | aps             | GET    307     1.5ms /api/production-orders?page=1&page_size=1000
2026-05-26 15:29:51 | INFO    | aps             | POST   200    24.5ms /api/smart-scheduling/plan/resource/gantt
2026-05-26 15:29:51 | INFO    | aps             | GET    200    23.9ms /api/smart-scheduling/plan/tasks?page=1&page_size=10
2026-05-26 15:29:51 | INFO    | aps             | POST   200    26.5ms /api/smart-scheduling/plan/resource/gantt
2026-05-26 15:29:51 | INFO    | aps             | GET    307     1.5ms /api/production-orders?page=1&page_size=1000
2026-05-26 15:29:51 | INFO    | aps             | GET    200     5.7ms /api/smart-scheduling/plan/tasks?page=1&page_size=10
2026-05-26 15:29:51 | INFO    | aps             | GET    200    18.2ms /api/production-orders/?page=1&page_size=1000
2026-05-26 15:29:51 | INFO    | aps             | GET    200     9.1ms /api/production-orders/?page=1&page_size=1000
2026-05-26 15:29:54 | INFO    | aps             | GET    307     1.0ms /api/production-orders?page=1&page_size=1000
2026-05-26 15:29:54 | INFO    | aps             | GET    307     1.0ms /api/production-orders?page=1&page_size=1000
2026-05-26 15:29:54 | INFO    | aps             | GET    200    10.1ms /api/production-orders/?page=1&page_size=1000
2026-05-26 15:29:54 | INFO    | aps             | GET    200     7.8ms /api/production-orders/?page=1&page_size=1000
